Stage2 start: 2026-02-04 09:31:59
epoch 0 test: acc=0.656944, f1=0.319294, auc=0.847903, bac=0.451289, sens=0.451289, spec=0.943005
epoch 0 val: acc=0.669417, f1=0.333741, auc=0.843475, bac=0.459756, sens=0.459756, spec=0.944869
Epoch [0/500] Loss=1.806384 Acc=0.401367
epoch 1 test: acc=0.683789, f1=0.345567, auc=0.881207, bac=0.500125, sens=0.500125, spec=0.947371
epoch 1 val: acc=0.696751, f1=0.359559, auc=0.883182, bac=0.523934, sens=0.523934, spec=0.948890
Epoch [1/500] Loss=1.419187 Acc=0.646751
epoch 2 test: acc=0.697212, f1=0.362556, auc=0.895719, bac=0.517499, sens=0.517499, spec=0.949975
epoch 2 val: acc=0.708097, f1=0.371847, auc=0.898826, bac=0.527818, sens=0.527818, spec=0.950358
Epoch [2/500] Loss=1.221342 Acc=0.709828
epoch 3 test: acc=0.705472, f1=0.368646, auc=0.904430, bac=0.519132, sens=0.519132, spec=0.950904
epoch 3 val: acc=0.720990, f1=0.389099, auc=0.909176, bac=0.547172, sens=0.547172, spec=0.951885
Epoch [3/500] Loss=1.092070 Acc=0.737289
epoch 4 test: acc=0.704956, f1=0.375424, auc=0.907096, bac=0.546634, sens=0.546634, spec=0.951486
epoch 4 val: acc=0.717896, f1=0.393929, auc=0.912274, bac=0.555661, sens=0.555661, spec=0.951739
Epoch [4/500] Loss=1.002681 Acc=0.752819
epoch 5 test: acc=0.709861, f1=0.382107, auc=0.911612, bac=0.549903, sens=0.549903, spec=0.952287
epoch 5 val: acc=0.723053, f1=0.402524, auc=0.916502, bac=0.595570, sens=0.595570, spec=0.952656
Epoch [5/500] Loss=0.935439 Acc=0.764773
epoch 6 test: acc=0.712442, f1=0.388353, auc=0.913237, bac=0.555311, sens=0.555311, spec=0.952685
epoch 6 val: acc=0.723569, f1=0.408169, auc=0.918593, bac=0.595149, sens=0.595149, spec=0.952623
Epoch [6/500] Loss=0.889015 Acc=0.770963
epoch 7 test: acc=0.713991, f1=0.388266, auc=0.914694, bac=0.555555, sens=0.555555, spec=0.952878
epoch 7 val: acc=0.730273, f1=0.419284, auc=0.921396, bac=0.616947, sens=0.616947, spec=0.953790
Epoch [7/500] Loss=0.846165 Acc=0.780595
epoch 8 test: acc=0.713991, f1=0.390156, auc=0.916548, bac=0.558209, sens=0.558209, spec=0.952936
epoch 8 val: acc=0.729242, f1=0.416243, auc=0.923747, bac=0.606622, sens=0.606622, spec=0.953791
Epoch [8/500] Loss=0.806872 Acc=0.786383
epoch 9 test: acc=0.718637, f1=0.390920, auc=0.918178, bac=0.549279, sens=0.549279, spec=0.953492
epoch 9 val: acc=0.735431, f1=0.424411, auc=0.926090, bac=0.618719, sens=0.618719, spec=0.954711
Epoch [9/500] Loss=0.780364 Acc=0.794023
epoch 10 test: acc=0.719928, f1=0.391622, auc=0.918925, bac=0.549781, sens=0.549781, spec=0.953701
epoch 10 val: acc=0.737494, f1=0.425698, auc=0.926906, bac=0.619155, sens=0.619155, spec=0.954841
Epoch [10/500] Loss=0.756450 Acc=0.798025
epoch 11 test: acc=0.724058, f1=0.396677, auc=0.919992, bac=0.556689, sens=0.556689, spec=0.953954
epoch 11 val: acc=0.738009, f1=0.426011, auc=0.927979, bac=0.618969, sens=0.618969, spec=0.954571
Epoch [11/500] Loss=0.736618 Acc=0.801139
epoch 12 test: acc=0.721477, f1=0.398210, auc=0.920461, bac=0.561509, sens=0.561509, spec=0.953957
epoch 12 val: acc=0.736978, f1=0.428549, auc=0.928267, bac=0.629999, sens=0.629999, spec=0.955037
Epoch [12/500] Loss=0.716701 Acc=0.804335
epoch 13 test: acc=0.727155, f1=0.401042, auc=0.921327, bac=0.564374, sens=0.564374, spec=0.954665
epoch 13 val: acc=0.737494, f1=0.431328, auc=0.929837, bac=0.631323, sens=0.631323, spec=0.954801
Epoch [13/500] Loss=0.696028 Acc=0.809219
epoch 14 test: acc=0.730511, f1=0.403307, auc=0.921940, bac=0.565099, sens=0.565099, spec=0.955037
epoch 14 val: acc=0.740072, f1=0.428617, auc=0.930722, bac=0.620536, sens=0.620536, spec=0.955008
Epoch [14/500] Loss=0.680468 Acc=0.813177
epoch 15 test: acc=0.727414, f1=0.404078, auc=0.922083, bac=0.565940, sens=0.565940, spec=0.954823
epoch 15 val: acc=0.741104, f1=0.437728, auc=0.931223, bac=0.633842, sens=0.633842, spec=0.955240
Epoch [15/500] Loss=0.666287 Acc=0.814727
epoch 16 test: acc=0.734383, f1=0.407196, auc=0.924002, bac=0.566067, sens=0.566067, spec=0.955359
epoch 16 val: acc=0.744714, f1=0.440481, auc=0.932563, bac=0.634718, sens=0.634718, spec=0.955612
Epoch [16/500] Loss=0.651839 Acc=0.819690
epoch 17 test: acc=0.731027, f1=0.408322, auc=0.924193, bac=0.567638, sens=0.567638, spec=0.955132
epoch 17 val: acc=0.744198, f1=0.441994, auc=0.932425, bac=0.638167, sens=0.638167, spec=0.955904
Epoch [17/500] Loss=0.641078 Acc=0.819413
epoch 18 test: acc=0.734641, f1=0.407915, auc=0.924521, bac=0.566710, sens=0.566710, spec=0.955188
epoch 18 val: acc=0.746777, f1=0.443052, auc=0.933244, bac=0.636088, sens=0.636088, spec=0.955989
Epoch [18/500] Loss=0.633193 Acc=0.823869
epoch 19 test: acc=0.735674, f1=0.410501, auc=0.924731, bac=0.569227, sens=0.569227, spec=0.956028
epoch 19 val: acc=0.744714, f1=0.443364, auc=0.932878, bac=0.637454, sens=0.637454, spec=0.955685
Epoch [19/500] Loss=0.619924 Acc=0.826336
epoch 20 test: acc=0.737739, f1=0.411398, auc=0.925325, bac=0.570017, sens=0.570017, spec=0.955803
epoch 20 val: acc=0.748840, f1=0.445574, auc=0.933392, bac=0.639371, sens=0.639371, spec=0.956280
Epoch [20/500] Loss=0.608005 Acc=0.828145
epoch 21 test: acc=0.736964, f1=0.409634, auc=0.925425, bac=0.566887, sens=0.566887, spec=0.955574
epoch 21 val: acc=0.748840, f1=0.446561, auc=0.932852, bac=0.638513, sens=0.638513, spec=0.956235
Epoch [21/500] Loss=0.601981 Acc=0.830912
epoch 22 test: acc=0.738771, f1=0.412408, auc=0.925908, bac=0.571517, sens=0.571517, spec=0.956071
epoch 22 val: acc=0.752965, f1=0.448586, auc=0.934447, bac=0.641326, sens=0.641326, spec=0.957091
Epoch [22/500] Loss=0.591705 Acc=0.833413
epoch 23 test: acc=0.737481, f1=0.411248, auc=0.926118, bac=0.571274, sens=0.571274, spec=0.955946
epoch 23 val: acc=0.748840, f1=0.448221, auc=0.934571, bac=0.644887, sens=0.644887, spec=0.956410
Epoch [23/500] Loss=0.582728 Acc=0.834688
epoch 24 test: acc=0.740062, f1=0.413943, auc=0.927025, bac=0.572207, sens=0.572207, spec=0.956283
epoch 24 val: acc=0.751418, f1=0.451372, auc=0.935690, bac=0.645938, sens=0.645938, spec=0.956740
Epoch [24/500] Loss=0.577994 Acc=0.837302
epoch 25 test: acc=0.741094, f1=0.415354, auc=0.926527, bac=0.576901, sens=0.576901, spec=0.956640
epoch 25 val: acc=0.751418, f1=0.451232, auc=0.934673, bac=0.646881, sens=0.646881, spec=0.956859
Epoch [25/500] Loss=0.569463 Acc=0.837779
epoch 26 test: acc=0.739029, f1=0.412590, auc=0.927169, bac=0.569839, sens=0.569839, spec=0.956191
epoch 26 val: acc=0.754513, f1=0.452760, auc=0.935733, bac=0.647133, sens=0.647133, spec=0.957293
Epoch [26/500] Loss=0.561384 Acc=0.839624
epoch 27 test: acc=0.742127, f1=0.415204, auc=0.927497, bac=0.573590, sens=0.573590, spec=0.956604
epoch 27 val: acc=0.755544, f1=0.453722, auc=0.935788, bac=0.647413, sens=0.647413, spec=0.957312
Epoch [27/500] Loss=0.556744 Acc=0.841031
epoch 28 test: acc=0.741611, f1=0.416090, auc=0.926915, bac=0.580718, sens=0.580718, spec=0.956818
epoch 28 val: acc=0.754513, f1=0.456287, auc=0.936115, bac=0.657548, sens=0.657548, spec=0.957551
Epoch [28/500] Loss=0.554710 Acc=0.839621
epoch 29 test: acc=0.744966, f1=0.419067, auc=0.928170, bac=0.579335, sens=0.579335, spec=0.957173
epoch 29 val: acc=0.757091, f1=0.456099, auc=0.936039, bac=0.648270, sens=0.648270, spec=0.957619
Epoch [29/500] Loss=0.546809 Acc=0.843043
epoch 30 test: acc=0.745225, f1=0.418253, auc=0.928282, bac=0.576657, sens=0.576657, spec=0.957043
epoch 30 val: acc=0.758638, f1=0.456784, auc=0.936853, bac=0.649457, sens=0.649457, spec=0.957978
Epoch [30/500] Loss=0.536160 Acc=0.845349
epoch 31 test: acc=0.746515, f1=0.419143, auc=0.928016, bac=0.576239, sens=0.576239, spec=0.957266
epoch 31 val: acc=0.758123, f1=0.455231, auc=0.937057, bac=0.649077, sens=0.649077, spec=0.957945
Epoch [31/500] Loss=0.535356 Acc=0.846802
epoch 32 test: acc=0.747031, f1=0.420299, auc=0.928291, bac=0.578416, sens=0.578416, spec=0.957514
epoch 32 val: acc=0.756576, f1=0.454811, auc=0.936500, bac=0.646750, sens=0.646750, spec=0.957441
Epoch [32/500] Loss=0.527052 Acc=0.849038
epoch 33 test: acc=0.747548, f1=0.421234, auc=0.928457, bac=0.579107, sens=0.579107, spec=0.957492
epoch 33 val: acc=0.757607, f1=0.454551, auc=0.937090, bac=0.647227, sens=0.647227, spec=0.957733
Epoch [33/500] Loss=0.522324 Acc=0.849231
epoch 34 test: acc=0.746773, f1=0.422374, auc=0.928465, bac=0.582437, sens=0.582437, spec=0.957537
epoch 34 val: acc=0.756576, f1=0.454293, auc=0.937479, bac=0.646750, sens=0.646750, spec=0.957833
Epoch [34/500] Loss=0.519658 Acc=0.849701
epoch 35 test: acc=0.746515, f1=0.421131, auc=0.928800, bac=0.579502, sens=0.579502, spec=0.957484
epoch 35 val: acc=0.756060, f1=0.454814, auc=0.937291, bac=0.647266, sens=0.647266, spec=0.957615
Epoch [35/500] Loss=0.515303 Acc=0.850413
epoch 36 test: acc=0.749097, f1=0.422427, auc=0.928932, bac=0.579559, sens=0.579559, spec=0.957693
epoch 36 val: acc=0.760186, f1=0.464618, auc=0.937753, bac=0.649466, sens=0.649466, spec=0.957914
Epoch [36/500] Loss=0.512019 Acc=0.851675
epoch 37 test: acc=0.746515, f1=0.421318, auc=0.928936, bac=0.579852, sens=0.579852, spec=0.957529
epoch 37 val: acc=0.756060, f1=0.456998, auc=0.937052, bac=0.647218, sens=0.647218, spec=0.957618
Epoch [37/500] Loss=0.504632 Acc=0.853322
epoch 38 test: acc=0.747031, f1=0.422179, auc=0.929263, bac=0.581608, sens=0.581608, spec=0.957545
epoch 38 val: acc=0.754513, f1=0.458756, auc=0.938010, bac=0.645268, sens=0.645268, spec=0.957251
Epoch [38/500] Loss=0.505382 Acc=0.852222
epoch 39 test: acc=0.749871, f1=0.423700, auc=0.929190, bac=0.579940, sens=0.579940, spec=0.957972
epoch 39 val: acc=0.759670, f1=0.461986, auc=0.938332, bac=0.650547, sens=0.650547, spec=0.957957
Epoch [39/500] Loss=0.497141 Acc=0.855469
epoch 40 test: acc=0.748322, f1=0.424495, auc=0.929124, bac=0.583128, sens=0.583128, spec=0.957735
epoch 40 val: acc=0.758123, f1=0.462602, auc=0.938697, bac=0.647889, sens=0.647889, spec=0.957993
Epoch [40/500] Loss=0.492516 Acc=0.855204
epoch 41 test: acc=0.750645, f1=0.426025, auc=0.929452, bac=0.584159, sens=0.584159, spec=0.957959
epoch 41 val: acc=0.760701, f1=0.465386, auc=0.938586, bac=0.650214, sens=0.650214, spec=0.958106
Epoch [41/500] Loss=0.494408 Acc=0.855241
epoch 42 test: acc=0.751420, f1=0.427347, auc=0.930193, bac=0.584324, sens=0.584324, spec=0.958088
epoch 42 val: acc=0.761733, f1=0.466269, auc=0.938604, bac=0.651171, sens=0.651171, spec=0.958486
Epoch [42/500] Loss=0.487626 Acc=0.857123
epoch 43 test: acc=0.752710, f1=0.430032, auc=0.929957, bac=0.585750, sens=0.585750, spec=0.958274
epoch 43 val: acc=0.762764, f1=0.466455, auc=0.938952, bac=0.651130, sens=0.651130, spec=0.958490
Epoch [43/500] Loss=0.486369 Acc=0.856856
epoch 44 test: acc=0.751420, f1=0.427446, auc=0.929408, bac=0.585790, sens=0.585790, spec=0.958147
epoch 44 val: acc=0.761217, f1=0.463895, auc=0.937916, bac=0.649454, sens=0.649454, spec=0.958426
Epoch [44/500] Loss=0.488499 Acc=0.857758
epoch 45 test: acc=0.753227, f1=0.429931, auc=0.929927, bac=0.585989, sens=0.585989, spec=0.958396
epoch 45 val: acc=0.760186, f1=0.465006, auc=0.938978, bac=0.651823, sens=0.651823, spec=0.958617
Epoch [45/500] Loss=0.475960 Acc=0.859827
epoch 46 test: acc=0.750129, f1=0.428616, auc=0.929700, bac=0.585859, sens=0.585859, spec=0.958128
epoch 46 val: acc=0.758123, f1=0.460801, auc=0.939525, bac=0.649643, sens=0.649643, spec=0.958495
Epoch [46/500] Loss=0.475003 Acc=0.860180
epoch 47 test: acc=0.753485, f1=0.431000, auc=0.930432, bac=0.585396, sens=0.585396, spec=0.958463
epoch 47 val: acc=0.763280, f1=0.468856, auc=0.939316, bac=0.652406, sens=0.652406, spec=0.958624
Epoch [47/500] Loss=0.471816 Acc=0.862072
epoch 48 test: acc=0.753485, f1=0.427939, auc=0.930302, bac=0.581539, sens=0.581539, spec=0.958379
epoch 48 val: acc=0.765859, f1=0.468467, auc=0.938870, bac=0.653495, sens=0.653495, spec=0.959521
Epoch [48/500] Loss=0.467723 Acc=0.861717
epoch 49 test: acc=0.754775, f1=0.432067, auc=0.930233, bac=0.585167, sens=0.585167, spec=0.958652
epoch 49 val: acc=0.763796, f1=0.467851, auc=0.939285, bac=0.652786, sens=0.652786, spec=0.958969
Epoch [49/500] Loss=0.466371 Acc=0.863196
epoch 50 test: acc=0.756840, f1=0.434072, auc=0.931236, bac=0.587852, sens=0.587852, spec=0.958816
epoch 50 val: acc=0.763796, f1=0.467069, auc=0.939357, bac=0.651070, sens=0.651070, spec=0.958995
Epoch [50/500] Loss=0.466172 Acc=0.862861
epoch 51 test: acc=0.758906, f1=0.435485, auc=0.931112, bac=0.589400, sens=0.589400, spec=0.959224
epoch 51 val: acc=0.765343, f1=0.468056, auc=0.939758, bac=0.650427, sens=0.650427, spec=0.958848
Epoch [51/500] Loss=0.462800 Acc=0.863701
epoch 52 test: acc=0.754775, f1=0.431401, auc=0.931128, bac=0.582965, sens=0.582965, spec=0.958649
epoch 52 val: acc=0.763796, f1=0.469127, auc=0.939468, bac=0.653399, sens=0.653399, spec=0.958859
Epoch [52/500] Loss=0.456236 Acc=0.865778
epoch 53 test: acc=0.754775, f1=0.434652, auc=0.930660, bac=0.589519, sens=0.589519, spec=0.958862
epoch 53 val: acc=0.761217, f1=0.465728, auc=0.939598, bac=0.650830, sens=0.650830, spec=0.958971
Epoch [53/500] Loss=0.456317 Acc=0.865336
epoch 54 test: acc=0.754775, f1=0.436553, auc=0.931071, bac=0.591867, sens=0.591867, spec=0.958669
epoch 54 val: acc=0.764312, f1=0.467852, auc=0.939992, bac=0.652308, sens=0.652308, spec=0.959141
Epoch [54/500] Loss=0.453310 Acc=0.864911
epoch 55 test: acc=0.758389, f1=0.439557, auc=0.931366, bac=0.591241, sens=0.591241, spec=0.959047
epoch 55 val: acc=0.766890, f1=0.470937, auc=0.940346, bac=0.653406, sens=0.653406, spec=0.959277
Epoch [55/500] Loss=0.451225 Acc=0.866660
epoch 56 test: acc=0.755034, f1=0.433601, auc=0.931727, bac=0.583438, sens=0.583438, spec=0.958599
epoch 56 val: acc=0.765859, f1=0.473557, auc=0.940080, bac=0.655579, sens=0.655579, spec=0.959102
Epoch [56/500] Loss=0.447011 Acc=0.868777
epoch 57 test: acc=0.755034, f1=0.435644, auc=0.930843, bac=0.587441, sens=0.587441, spec=0.958669
epoch 57 val: acc=0.763280, f1=0.473982, auc=0.940083, bac=0.653868, sens=0.653868, spec=0.958863
Epoch [57/500] Loss=0.443715 Acc=0.868622
epoch 58 test: acc=0.757357, f1=0.436743, auc=0.930528, bac=0.588915, sens=0.588915, spec=0.959143
epoch 58 val: acc=0.764827, f1=0.475533, auc=0.940143, bac=0.655998, sens=0.655998, spec=0.959172
Epoch [58/500] Loss=0.444217 Acc=0.868092
epoch 59 test: acc=0.757099, f1=0.436921, auc=0.931339, bac=0.587994, sens=0.587994, spec=0.958895
epoch 59 val: acc=0.765343, f1=0.470145, auc=0.940257, bac=0.654303, sens=0.654303, spec=0.959435
Epoch [59/500] Loss=0.441763 Acc=0.868527
epoch 60 test: acc=0.755292, f1=0.435210, auc=0.931335, bac=0.585217, sens=0.585217, spec=0.958751
epoch 60 val: acc=0.763796, f1=0.473734, auc=0.940124, bac=0.653965, sens=0.653965, spec=0.959052
Epoch [60/500] Loss=0.439306 Acc=0.870736
epoch 61 test: acc=0.752969, f1=0.431974, auc=0.930443, bac=0.582128, sens=0.582128, spec=0.958467
epoch 61 val: acc=0.761217, f1=0.470984, auc=0.939483, bac=0.652253, sens=0.652253, spec=0.958679
Epoch [61/500] Loss=0.438705 Acc=0.869372
epoch 62 test: acc=0.755292, f1=0.436285, auc=0.931091, bac=0.587489, sens=0.587489, spec=0.958614
epoch 62 val: acc=0.765343, f1=0.475755, auc=0.940621, bac=0.655482, sens=0.655482, spec=0.959140
Epoch [62/500] Loss=0.435226 Acc=0.869744
epoch 63 test: acc=0.759164, f1=0.439796, auc=0.931988, bac=0.589401, sens=0.589401, spec=0.959176
epoch 63 val: acc=0.767406, f1=0.475323, auc=0.940797, bac=0.655956, sens=0.655956, spec=0.959704
Epoch [63/500] Loss=0.430397 Acc=0.872721
epoch 64 test: acc=0.756582, f1=0.435365, auc=0.931279, bac=0.582949, sens=0.582949, spec=0.958861
epoch 64 val: acc=0.764312, f1=0.468889, auc=0.940179, bac=0.653204, sens=0.653204, spec=0.959135
Epoch [64/500] Loss=0.435289 Acc=0.870969
epoch 65 test: acc=0.755808, f1=0.437699, auc=0.931630, bac=0.589501, sens=0.589501, spec=0.958861
epoch 65 val: acc=0.765343, f1=0.471538, auc=0.940048, bac=0.654624, sens=0.654624, spec=0.959262
Epoch [65/500] Loss=0.426877 Acc=0.872728
epoch 66 test: acc=0.756582, f1=0.437710, auc=0.931440, bac=0.586360, sens=0.586360, spec=0.958742
epoch 66 val: acc=0.765859, f1=0.475175, auc=0.940744, bac=0.654439, sens=0.654439, spec=0.959215
Epoch [66/500] Loss=0.429957 Acc=0.871449
epoch 67 test: acc=0.756582, f1=0.437912, auc=0.931114, bac=0.587565, sens=0.587565, spec=0.958843
epoch 67 val: acc=0.765859, f1=0.476170, auc=0.940626, bac=0.655948, sens=0.655948, spec=0.959313
Epoch [67/500] Loss=0.427775 Acc=0.872698
epoch 68 test: acc=0.758131, f1=0.437903, auc=0.931661, bac=0.585325, sens=0.585325, spec=0.958819
epoch 68 val: acc=0.767922, f1=0.473587, auc=0.940724, bac=0.656533, sens=0.656533, spec=0.959736
Epoch [68/500] Loss=0.425090 Acc=0.873378
epoch 69 test: acc=0.756324, f1=0.438997, auc=0.931471, bac=0.592422, sens=0.592422, spec=0.958656
epoch 69 val: acc=0.768953, f1=0.473956, auc=0.942102, bac=0.657058, sens=0.657058, spec=0.959915
Epoch [69/500] Loss=0.421938 Acc=0.873815
epoch 70 test: acc=0.755034, f1=0.437944, auc=0.931334, bac=0.589906, sens=0.589906, spec=0.958562
epoch 70 val: acc=0.767406, f1=0.476315, auc=0.941563, bac=0.656719, sens=0.656719, spec=0.959788
Epoch [70/500] Loss=0.418992 Acc=0.874375
epoch 71 test: acc=0.759938, f1=0.441135, auc=0.932427, bac=0.590117, sens=0.590117, spec=0.959134
epoch 71 val: acc=0.772047, f1=0.481445, auc=0.941821, bac=0.657923, sens=0.657923, spec=0.960200
Epoch [71/500] Loss=0.419544 Acc=0.875142
epoch 72 test: acc=0.760971, f1=0.442298, auc=0.932082, bac=0.592352, sens=0.592352, spec=0.959325
epoch 72 val: acc=0.770500, f1=0.479363, auc=0.941943, bac=0.658575, sens=0.658575, spec=0.959978
Epoch [72/500] Loss=0.415770 Acc=0.875482
epoch 73 test: acc=0.758647, f1=0.442420, auc=0.932416, bac=0.588620, sens=0.588620, spec=0.959116
epoch 73 val: acc=0.768437, f1=0.479154, auc=0.941373, bac=0.656961, sens=0.656961, spec=0.959663
Epoch [73/500] Loss=0.413264 Acc=0.876594
epoch 74 test: acc=0.757615, f1=0.438863, auc=0.930880, bac=0.589348, sens=0.589348, spec=0.959168
epoch 74 val: acc=0.767922, f1=0.477798, auc=0.941419, bac=0.657146, sens=0.657146, spec=0.959726
Epoch [74/500] Loss=0.415359 Acc=0.875545
epoch 75 test: acc=0.762003, f1=0.439655, auc=0.932781, bac=0.584209, sens=0.584209, spec=0.959478
epoch 75 val: acc=0.771532, f1=0.479229, auc=0.941866, bac=0.652357, sens=0.652357, spec=0.959740
Epoch [75/500] Loss=0.413769 Acc=0.875975
epoch 76 test: acc=0.759422, f1=0.442088, auc=0.931802, bac=0.592099, sens=0.592099, spec=0.959287
epoch 76 val: acc=0.771016, f1=0.481755, auc=0.940189, bac=0.659152, sens=0.659152, spec=0.960156
Epoch [76/500] Loss=0.413025 Acc=0.876250
epoch 77 test: acc=0.758131, f1=0.439224, auc=0.931350, bac=0.587177, sens=0.587177, spec=0.958965
epoch 77 val: acc=0.768953, f1=0.477363, auc=0.941833, bac=0.657058, sens=0.657058, spec=0.959896
Epoch [77/500] Loss=0.409420 Acc=0.876150
epoch 78 test: acc=0.763036, f1=0.442616, auc=0.932839, bac=0.587670, sens=0.587670, spec=0.959466
epoch 78 val: acc=0.774110, f1=0.484042, auc=0.942149, bac=0.659537, sens=0.659537, spec=0.960206
Epoch [78/500] Loss=0.406771 Acc=0.878004
epoch 79 test: acc=0.757873, f1=0.440558, auc=0.930983, bac=0.589887, sens=0.589887, spec=0.958978
epoch 79 val: acc=0.770500, f1=0.478640, auc=0.940605, bac=0.657387, sens=0.657387, spec=0.960201
Epoch [79/500] Loss=0.408955 Acc=0.875900
epoch 80 test: acc=0.762519, f1=0.441039, auc=0.932094, bac=0.587880, sens=0.587880, spec=0.959492
epoch 80 val: acc=0.773079, f1=0.482567, auc=0.941801, bac=0.659257, sens=0.659257, spec=0.960300
Epoch [80/500] Loss=0.408491 Acc=0.876445
epoch 81 test: acc=0.761229, f1=0.442454, auc=0.932029, bac=0.593132, sens=0.593132, spec=0.959596
epoch 81 val: acc=0.770500, f1=0.475181, auc=0.940867, bac=0.657104, sens=0.657104, spec=0.960204
Epoch [81/500] Loss=0.402863 Acc=0.879526
epoch 82 test: acc=0.760971, f1=0.442032, auc=0.932147, bac=0.586193, sens=0.586193, spec=0.959487
epoch 82 val: acc=0.772563, f1=0.479717, auc=0.941518, bac=0.653768, sens=0.653768, spec=0.960242
Epoch [82/500] Loss=0.403115 Acc=0.878829
epoch 83 test: acc=0.759164, f1=0.439141, auc=0.931350, bac=0.586532, sens=0.586532, spec=0.959162
epoch 83 val: acc=0.769469, f1=0.479617, auc=0.941743, bac=0.657438, sens=0.657438, spec=0.959796
Epoch [83/500] Loss=0.404346 Acc=0.877447
epoch 84 test: acc=0.763810, f1=0.444960, auc=0.932637, bac=0.593212, sens=0.593212, spec=0.959657
epoch 84 val: acc=0.773079, f1=0.482697, auc=0.941474, bac=0.660484, sens=0.660484, spec=0.960340
Epoch [84/500] Loss=0.399555 Acc=0.880453
epoch 85 test: acc=0.760712, f1=0.440961, auc=0.932236, bac=0.590026, sens=0.590026, spec=0.959399
epoch 85 val: acc=0.770500, f1=0.479692, auc=0.941548, bac=0.658575, sens=0.658575, spec=0.959965
Epoch [85/500] Loss=0.400215 Acc=0.878939
epoch 86 test: acc=0.762777, f1=0.441345, auc=0.932915, bac=0.584515, sens=0.584515, spec=0.959469
epoch 86 val: acc=0.773079, f1=0.481293, auc=0.942310, bac=0.654440, sens=0.654440, spec=0.960043
Epoch [86/500] Loss=0.397029 Acc=0.880593
epoch 87 test: acc=0.761745, f1=0.446503, auc=0.932050, bac=0.597930, sens=0.597930, spec=0.959536
epoch 87 val: acc=0.772563, f1=0.483373, auc=0.940956, bac=0.661000, sens=0.661000, spec=0.960343
Epoch [87/500] Loss=0.393228 Acc=0.880661
epoch 88 test: acc=0.763294, f1=0.444993, auc=0.932745, bac=0.590699, sens=0.590699, spec=0.959606
epoch 88 val: acc=0.773079, f1=0.483006, auc=0.941615, bac=0.659909, sens=0.659909, spec=0.960659
Epoch [88/500] Loss=0.392458 Acc=0.882265
epoch 89 test: acc=0.759938, f1=0.442167, auc=0.932467, bac=0.592767, sens=0.592767, spec=0.959344
epoch 89 val: acc=0.771016, f1=0.481916, auc=0.940858, bac=0.659813, sens=0.659813, spec=0.960139
Epoch [89/500] Loss=0.395913 Acc=0.880866
epoch 90 test: acc=0.762519, f1=0.442882, auc=0.932002, bac=0.590058, sens=0.590058, spec=0.959736
epoch 90 val: acc=0.772047, f1=0.483607, auc=0.941941, bac=0.661799, sens=0.661799, spec=0.960268
Epoch [90/500] Loss=0.393952 Acc=0.881093
epoch 91 test: acc=0.765101, f1=0.449028, auc=0.933210, bac=0.589997, sens=0.589997, spec=0.959782
epoch 91 val: acc=0.775142, f1=0.488498, auc=0.942516, bac=0.656205, sens=0.656205, spec=0.960412
Epoch [91/500] Loss=0.392181 Acc=0.882368
epoch 92 test: acc=0.762003, f1=0.445061, auc=0.932380, bac=0.590083, sens=0.590083, spec=0.959589
epoch 92 val: acc=0.773079, f1=0.484765, auc=0.941884, bac=0.661663, sens=0.661663, spec=0.960399
Epoch [92/500] Loss=0.388148 Acc=0.882997
epoch 93 test: acc=0.763810, f1=0.447511, auc=0.932649, bac=0.596719, sens=0.596719, spec=0.959949
epoch 93 val: acc=0.771532, f1=0.482811, auc=0.941798, bac=0.660720, sens=0.660720, spec=0.960308
Epoch [93/500] Loss=0.387988 Acc=0.883122
epoch 94 test: acc=0.762261, f1=0.446558, auc=0.932282, bac=0.590297, sens=0.590297, spec=0.959502
epoch 94 val: acc=0.775658, f1=0.487987, auc=0.942984, bac=0.663940, sens=0.663940, spec=0.960745
Epoch [94/500] Loss=0.386869 Acc=0.882153
epoch 95 test: acc=0.765617, f1=0.448398, auc=0.933737, bac=0.587495, sens=0.587495, spec=0.959607
epoch 95 val: acc=0.775658, f1=0.488426, auc=0.943018, bac=0.656632, sens=0.656632, spec=0.960620
Epoch [95/500] Loss=0.384970 Acc=0.883640
epoch 96 test: acc=0.758389, f1=0.442877, auc=0.931729, bac=0.591860, sens=0.591860, spec=0.959274
epoch 96 val: acc=0.771532, f1=0.484523, auc=0.942171, bac=0.662032, sens=0.662032, spec=0.960411
Epoch [96/500] Loss=0.385754 Acc=0.883445
epoch 97 test: acc=0.765101, f1=0.450887, auc=0.933127, bac=0.591892, sens=0.591892, spec=0.959987
epoch 97 val: acc=0.777720, f1=0.491712, auc=0.942681, bac=0.659425, sens=0.659425, spec=0.960883
Epoch [97/500] Loss=0.381024 Acc=0.884927
epoch 98 test: acc=0.765359, f1=0.450636, auc=0.933161, bac=0.592204, sens=0.592204, spec=0.959918
epoch 98 val: acc=0.775658, f1=0.485448, auc=0.942120, bac=0.658141, sens=0.658141, spec=0.960732
Epoch [98/500] Loss=0.381591 Acc=0.884994
epoch 99 test: acc=0.762003, f1=0.446486, auc=0.932062, bac=0.593232, sens=0.593232, spec=0.959711
epoch 99 val: acc=0.775142, f1=0.488016, auc=0.941904, bac=0.664135, sens=0.664135, spec=0.960928
Epoch [99/500] Loss=0.378717 Acc=0.886129
epoch 100 test: acc=0.763810, f1=0.450935, auc=0.933189, bac=0.598087, sens=0.598087, spec=0.959766
epoch 100 val: acc=0.774110, f1=0.482641, auc=0.942293, bac=0.657040, sens=0.657040, spec=0.960529
Epoch [100/500] Loss=0.376765 Acc=0.885374
epoch 101 test: acc=0.765101, f1=0.450777, auc=0.933030, bac=0.599372, sens=0.599372, spec=0.959899
epoch 101 val: acc=0.776173, f1=0.489124, auc=0.943112, bac=0.666035, sens=0.666035, spec=0.960927
Epoch [101/500] Loss=0.374861 Acc=0.886071
epoch 102 test: acc=0.766133, f1=0.453102, auc=0.932788, bac=0.594594, sens=0.594594, spec=0.959871
epoch 102 val: acc=0.778236, f1=0.488387, auc=0.942495, bac=0.659758, sens=0.659758, spec=0.961171
Epoch [102/500] Loss=0.376038 Acc=0.886726
epoch 103 test: acc=0.759422, f1=0.444137, auc=0.931746, bac=0.594550, sens=0.594550, spec=0.959259
epoch 103 val: acc=0.772563, f1=0.484003, auc=0.941003, bac=0.662423, sens=0.662423, spec=0.960574
Epoch [103/500] Loss=0.380317 Acc=0.883525
epoch 104 test: acc=0.766908, f1=0.448235, auc=0.933051, bac=0.588439, sens=0.588439, spec=0.959973
epoch 104 val: acc=0.777205, f1=0.490464, auc=0.943333, bac=0.658188, sens=0.658188, spec=0.960803
Epoch [104/500] Loss=0.376203 Acc=0.886331
epoch 105 test: acc=0.767940, f1=0.449614, auc=0.933776, bac=0.588802, sens=0.588802, spec=0.960266
epoch 105 val: acc=0.781331, f1=0.497320, auc=0.942496, bac=0.665083, sens=0.665083, spec=0.961596
Epoch [105/500] Loss=0.371753 Acc=0.887389
epoch 106 test: acc=0.760712, f1=0.447067, auc=0.932153, bac=0.586410, sens=0.586410, spec=0.959506
epoch 106 val: acc=0.772563, f1=0.487292, auc=0.941811, bac=0.657889, sens=0.657889, spec=0.960438
Epoch [106/500] Loss=0.374991 Acc=0.886326
epoch 107 test: acc=0.762519, f1=0.446857, auc=0.932455, bac=0.593636, sens=0.593636, spec=0.959613
epoch 107 val: acc=0.777720, f1=0.488513, auc=0.942086, bac=0.662075, sens=0.662075, spec=0.961355
Epoch [107/500] Loss=0.371359 Acc=0.887176
epoch 108 test: acc=0.764326, f1=0.446960, auc=0.932596, bac=0.589641, sens=0.589641, spec=0.959828
epoch 108 val: acc=0.776173, f1=0.485908, auc=0.942975, bac=0.660030, sens=0.660030, spec=0.961284
Epoch [108/500] Loss=0.370660 Acc=0.887441
epoch 109 test: acc=0.765101, f1=0.450463, auc=0.933151, bac=0.598801, sens=0.598801, spec=0.959640
epoch 109 val: acc=0.776173, f1=0.485826, auc=0.942068, bac=0.658474, sens=0.658474, spec=0.960886
Epoch [109/500] Loss=0.371808 Acc=0.887094
epoch 110 test: acc=0.766908, f1=0.455725, auc=0.933297, bac=0.598230, sens=0.598230, spec=0.960049
epoch 110 val: acc=0.777205, f1=0.495302, auc=0.942605, bac=0.660186, sens=0.660186, spec=0.961174
Epoch [110/500] Loss=0.370042 Acc=0.887678
epoch 111 test: acc=0.765101, f1=0.453770, auc=0.933001, bac=0.595159, sens=0.595159, spec=0.960010
epoch 111 val: acc=0.776689, f1=0.489037, auc=0.942944, bac=0.661306, sens=0.661306, spec=0.961183
Epoch [111/500] Loss=0.367749 Acc=0.887733
epoch 112 test: acc=0.766908, f1=0.451875, auc=0.932917, bac=0.589085, sens=0.589085, spec=0.960286
epoch 112 val: acc=0.778236, f1=0.495684, auc=0.942108, bac=0.666265, sens=0.666265, spec=0.961281
Epoch [112/500] Loss=0.369964 Acc=0.887856
epoch 113 test: acc=0.766649, f1=0.448109, auc=0.933021, bac=0.591139, sens=0.591139, spec=0.960200
epoch 113 val: acc=0.778236, f1=0.493865, auc=0.942311, bac=0.662503, sens=0.662503, spec=0.961411
Epoch [113/500] Loss=0.367078 Acc=0.888973
epoch 114 test: acc=0.764584, f1=0.450259, auc=0.932915, bac=0.591203, sens=0.591203, spec=0.960026
epoch 114 val: acc=0.776173, f1=0.493222, auc=0.942801, bac=0.664981, sens=0.664981, spec=0.961014
Epoch [114/500] Loss=0.364418 Acc=0.889465
epoch 115 test: acc=0.765359, f1=0.452669, auc=0.932929, bac=0.591514, sens=0.591514, spec=0.959952
epoch 115 val: acc=0.780299, f1=0.496449, auc=0.942597, bac=0.665258, sens=0.665258, spec=0.961582
Epoch [115/500] Loss=0.365483 Acc=0.888146
epoch 116 test: acc=0.765101, f1=0.450720, auc=0.932754, bac=0.590443, sens=0.590443, spec=0.959955
epoch 116 val: acc=0.777205, f1=0.489833, auc=0.942633, bac=0.662874, sens=0.662874, spec=0.961374
Epoch [116/500] Loss=0.364012 Acc=0.889445
epoch 117 test: acc=0.769231, f1=0.453658, auc=0.933849, bac=0.596384, sens=0.596384, spec=0.960447
epoch 117 val: acc=0.784425, f1=0.495963, auc=0.943916, bac=0.661084, sens=0.661084, spec=0.962412
Epoch [117/500] Loss=0.363616 Acc=0.889553
epoch 118 test: acc=0.761229, f1=0.447980, auc=0.933097, bac=0.587446, sens=0.587446, spec=0.959404
epoch 118 val: acc=0.777205, f1=0.491548, auc=0.943451, bac=0.663779, sens=0.663779, spec=0.961250
Epoch [118/500] Loss=0.361901 Acc=0.889813
epoch 119 test: acc=0.770005, f1=0.453653, auc=0.934068, bac=0.586916, sens=0.586916, spec=0.960661
epoch 119 val: acc=0.782878, f1=0.498530, auc=0.944197, bac=0.664799, sens=0.664799, spec=0.961930
Epoch [119/500] Loss=0.360449 Acc=0.891535
epoch 120 test: acc=0.763036, f1=0.450240, auc=0.932792, bac=0.588785, sens=0.588785, spec=0.959744
epoch 120 val: acc=0.780299, f1=0.500651, auc=0.943598, bac=0.664683, sens=0.664683, spec=0.961810
Epoch [120/500] Loss=0.360567 Acc=0.889635
epoch 121 test: acc=0.767424, f1=0.454176, auc=0.933583, bac=0.591205, sens=0.591205, spec=0.960250
epoch 121 val: acc=0.778752, f1=0.496611, auc=0.944182, bac=0.662638, sens=0.662638, spec=0.961203
Epoch [121/500] Loss=0.360393 Acc=0.890330
epoch 122 test: acc=0.767940, f1=0.454495, auc=0.933408, bac=0.595240, sens=0.595240, spec=0.960410
epoch 122 val: acc=0.782362, f1=0.495711, auc=0.943644, bac=0.656976, sens=0.656976, spec=0.961955
Epoch [122/500] Loss=0.359193 Acc=0.890390
epoch 123 test: acc=0.763294, f1=0.449589, auc=0.932461, bac=0.588386, sens=0.588386, spec=0.959801
epoch 123 val: acc=0.777720, f1=0.503385, auc=0.943115, bac=0.669675, sens=0.669675, spec=0.961206
Epoch [123/500] Loss=0.362122 Acc=0.889041
epoch 124 test: acc=0.770780, f1=0.457874, auc=0.933488, bac=0.593830, sens=0.593830, spec=0.960457
epoch 124 val: acc=0.784425, f1=0.500270, auc=0.942787, bac=0.665742, sens=0.665742, spec=0.962099
Epoch [124/500] Loss=0.356857 Acc=0.891732
epoch 125 test: acc=0.767682, f1=0.452860, auc=0.933429, bac=0.592165, sens=0.592165, spec=0.960244
epoch 125 val: acc=0.781846, f1=0.497481, auc=0.942680, bac=0.665501, sens=0.665501, spec=0.962028
Epoch [125/500] Loss=0.358384 Acc=0.890945
epoch 126 test: acc=0.770780, f1=0.457982, auc=0.933503, bac=0.595868, sens=0.595868, spec=0.960710
epoch 126 val: acc=0.784425, f1=0.504430, auc=0.943794, bac=0.665412, sens=0.665412, spec=0.962249
Epoch [126/500] Loss=0.355939 Acc=0.891842
epoch 127 test: acc=0.768973, f1=0.455971, auc=0.933243, bac=0.593831, sens=0.593831, spec=0.960528
epoch 127 val: acc=0.781331, f1=0.502779, auc=0.943549, bac=0.664632, sens=0.664632, spec=0.961688
Epoch [127/500] Loss=0.355578 Acc=0.890920
epoch 128 test: acc=0.768715, f1=0.452491, auc=0.933110, bac=0.592093, sens=0.592093, spec=0.960563
epoch 128 val: acc=0.780815, f1=0.495168, auc=0.943103, bac=0.655827, sens=0.655827, spec=0.961593
Epoch [128/500] Loss=0.353855 Acc=0.891925
epoch 129 test: acc=0.768456, f1=0.456316, auc=0.933206, bac=0.596049, sens=0.596049, spec=0.960590
epoch 129 val: acc=0.779783, f1=0.493805, auc=0.943468, bac=0.655547, sens=0.655547, spec=0.961611
Epoch [129/500] Loss=0.355681 Acc=0.890902
epoch 130 test: acc=0.770263, f1=0.456459, auc=0.933636, bac=0.591606, sens=0.591606, spec=0.960573
epoch 130 val: acc=0.783909, f1=0.505745, auc=0.942351, bac=0.667351, sens=0.667351, spec=0.962265
Epoch [130/500] Loss=0.351775 Acc=0.893094
epoch 131 test: acc=0.768715, f1=0.453260, auc=0.932925, bac=0.591056, sens=0.591056, spec=0.960333
epoch 131 val: acc=0.779268, f1=0.491620, auc=0.942953, bac=0.654027, sens=0.654027, spec=0.961664
Epoch [131/500] Loss=0.350935 Acc=0.892559
epoch 132 test: acc=0.770780, f1=0.456430, auc=0.933622, bac=0.592072, sens=0.592072, spec=0.960708
epoch 132 val: acc=0.782878, f1=0.500334, auc=0.943569, bac=0.654792, sens=0.654792, spec=0.961980
Epoch [132/500] Loss=0.349935 Acc=0.892302
epoch 133 test: acc=0.766908, f1=0.453346, auc=0.932588, bac=0.593866, sens=0.593866, spec=0.960386
epoch 133 val: acc=0.781846, f1=0.502775, auc=0.942570, bac=0.667538, sens=0.667538, spec=0.962157
Epoch [133/500] Loss=0.353727 Acc=0.891752
epoch 134 test: acc=0.767940, f1=0.453699, auc=0.933495, bac=0.589823, sens=0.589823, spec=0.960195
epoch 134 val: acc=0.781846, f1=0.493837, auc=0.943840, bac=0.656021, sens=0.656021, spec=0.961732
Epoch [134/500] Loss=0.349572 Acc=0.892125
epoch 135 test: acc=0.767940, f1=0.451800, auc=0.933161, bac=0.591806, sens=0.591806, spec=0.960528
epoch 135 val: acc=0.783394, f1=0.499715, auc=0.943309, bac=0.662442, sens=0.662442, spec=0.962319
Epoch [135/500] Loss=0.351115 Acc=0.891955
epoch 136 test: acc=0.766391, f1=0.452420, auc=0.933052, bac=0.594358, sens=0.594358, spec=0.960293
epoch 136 val: acc=0.781331, f1=0.502802, auc=0.943281, bac=0.666583, sens=0.666583, spec=0.962064
Epoch [136/500] Loss=0.349745 Acc=0.893177
epoch 137 test: acc=0.771812, f1=0.458179, auc=0.933893, bac=0.593670, sens=0.593670, spec=0.960902
epoch 137 val: acc=0.783909, f1=0.498790, auc=0.943167, bac=0.652120, sens=0.652120, spec=0.962274
Epoch [137/500] Loss=0.347947 Acc=0.893349
epoch 138 test: acc=0.770780, f1=0.455722, auc=0.933926, bac=0.596881, sens=0.596881, spec=0.960848
epoch 138 val: acc=0.782878, f1=0.500823, auc=0.944018, bac=0.666261, sens=0.666261, spec=0.962136
Epoch [138/500] Loss=0.345757 Acc=0.894319
epoch 139 test: acc=0.767940, f1=0.451750, auc=0.933320, bac=0.588822, sens=0.588822, spec=0.960389
epoch 139 val: acc=0.781846, f1=0.496448, auc=0.943691, bac=0.656069, sens=0.656069, spec=0.961843
Epoch [139/500] Loss=0.348792 Acc=0.893024
epoch 140 test: acc=0.771296, f1=0.459069, auc=0.933892, bac=0.599587, sens=0.599587, spec=0.960768
epoch 140 val: acc=0.784425, f1=0.502279, auc=0.944380, bac=0.654781, sens=0.654781, spec=0.962224
Epoch [140/500] Loss=0.343156 Acc=0.894966
epoch 141 test: acc=0.769231, f1=0.456659, auc=0.932559, bac=0.593845, sens=0.593845, spec=0.960609
epoch 141 val: acc=0.780299, f1=0.504802, auc=0.942611, bac=0.665287, sens=0.665287, spec=0.961608
Epoch [141/500] Loss=0.349707 Acc=0.892000
epoch 142 test: acc=0.766908, f1=0.453603, auc=0.933240, bac=0.590759, sens=0.590759, spec=0.960236
epoch 142 val: acc=0.782362, f1=0.500383, auc=0.943603, bac=0.657062, sens=0.657062, spec=0.962055
Epoch [142/500] Loss=0.345118 Acc=0.894429
epoch 143 test: acc=0.770521, f1=0.454356, auc=0.933418, bac=0.589283, sens=0.589283, spec=0.960798
epoch 143 val: acc=0.784941, f1=0.498853, auc=0.944051, bac=0.657303, sens=0.657303, spec=0.962265
Epoch [143/500] Loss=0.344675 Acc=0.894471
epoch 144 test: acc=0.766133, f1=0.448383, auc=0.932696, bac=0.590240, sens=0.590240, spec=0.960140
epoch 144 val: acc=0.781846, f1=0.497659, auc=0.942493, bac=0.657248, sens=0.657248, spec=0.961821
Epoch [144/500] Loss=0.346037 Acc=0.894341
epoch 145 test: acc=0.767424, f1=0.454083, auc=0.932673, bac=0.590313, sens=0.590313, spec=0.960538
epoch 145 val: acc=0.779783, f1=0.493880, auc=0.942998, bac=0.651626, sens=0.651626, spec=0.961687
Epoch [145/500] Loss=0.339156 Acc=0.895134
epoch 146 test: acc=0.771038, f1=0.459650, auc=0.933775, bac=0.594324, sens=0.594324, spec=0.960762
epoch 146 val: acc=0.781846, f1=0.500013, auc=0.944249, bac=0.650591, sens=0.650591, spec=0.961695
Epoch [146/500] Loss=0.343419 Acc=0.894244
epoch 147 test: acc=0.765875, f1=0.453607, auc=0.932031, bac=0.589928, sens=0.589928, spec=0.960289
epoch 147 val: acc=0.778752, f1=0.497147, auc=0.943882, bac=0.654581, sens=0.654581, spec=0.961673
Epoch [147/500] Loss=0.343546 Acc=0.894436
epoch 148 test: acc=0.772070, f1=0.460042, auc=0.933968, bac=0.593721, sens=0.593721, spec=0.960667
epoch 148 val: acc=0.782878, f1=0.498609, auc=0.944756, bac=0.650417, sens=0.650417, spec=0.961890
Epoch [148/500] Loss=0.341417 Acc=0.894966
epoch 149 test: acc=0.768973, f1=0.457620, auc=0.933107, bac=0.595759, sens=0.595759, spec=0.960734
epoch 149 val: acc=0.781331, f1=0.498155, auc=0.943805, bac=0.652578, sens=0.652578, spec=0.962029
Epoch [149/500] Loss=0.344006 Acc=0.893609
epoch 150 test: acc=0.766391, f1=0.452923, auc=0.932797, bac=0.589101, sens=0.589101, spec=0.960268
epoch 150 val: acc=0.782878, f1=0.501748, auc=0.943668, bac=0.667243, sens=0.667243, spec=0.962117
Epoch [150/500] Loss=0.339050 Acc=0.894624
epoch 151 test: acc=0.772328, f1=0.459559, auc=0.934244, bac=0.593019, sens=0.593019, spec=0.960823
epoch 151 val: acc=0.787004, f1=0.508798, auc=0.945406, bac=0.652324, sens=0.652324, spec=0.962538
Epoch [151/500] Loss=0.338171 Acc=0.896723
epoch 152 test: acc=0.772845, f1=0.463134, auc=0.934632, bac=0.600750, sens=0.600750, spec=0.960935
epoch 152 val: acc=0.787519, f1=0.505759, auc=0.944883, bac=0.654261, sens=0.654261, spec=0.962474
Epoch [152/500] Loss=0.338621 Acc=0.897210
epoch 153 test: acc=0.767166, f1=0.451100, auc=0.932865, bac=0.585979, sens=0.585979, spec=0.960401
epoch 153 val: acc=0.784941, f1=0.500501, auc=0.943834, bac=0.653013, sens=0.653013, spec=0.962420
Epoch [153/500] Loss=0.338200 Acc=0.895578
epoch 154 test: acc=0.767682, f1=0.457578, auc=0.932158, bac=0.604136, sens=0.604136, spec=0.960822
epoch 154 val: acc=0.779268, f1=0.501522, auc=0.942543, bac=0.661948, sens=0.661948, spec=0.961839
Epoch [154/500] Loss=0.337603 Acc=0.895254
epoch 155 test: acc=0.768456, f1=0.452742, auc=0.932836, bac=0.590842, sens=0.590842, spec=0.960471
epoch 155 val: acc=0.781331, f1=0.498962, auc=0.944855, bac=0.653058, sens=0.653058, spec=0.961786
Epoch [155/500] Loss=0.341971 Acc=0.894099
epoch 156 test: acc=0.771812, f1=0.459755, auc=0.933866, bac=0.593430, sens=0.593430, spec=0.960693
epoch 156 val: acc=0.785456, f1=0.501115, auc=0.944892, bac=0.652694, sens=0.652694, spec=0.962319
Epoch [156/500] Loss=0.337809 Acc=0.896711
epoch 157 test: acc=0.772328, f1=0.459700, auc=0.934011, bac=0.591844, sens=0.591844, spec=0.960988
epoch 157 val: acc=0.783394, f1=0.495612, auc=0.944386, bac=0.653249, sens=0.653249, spec=0.962171
Epoch [157/500] Loss=0.334984 Acc=0.897195
epoch 158 test: acc=0.768973, f1=0.457733, auc=0.933056, bac=0.595203, sens=0.595203, spec=0.960648
epoch 158 val: acc=0.783909, f1=0.498394, auc=0.943605, bac=0.651262, sens=0.651262, spec=0.962261
Epoch [158/500] Loss=0.336534 Acc=0.896301
epoch 159 test: acc=0.768456, f1=0.452969, auc=0.932745, bac=0.591046, sens=0.591046, spec=0.960565
epoch 159 val: acc=0.781331, f1=0.498513, auc=0.944087, bac=0.652286, sens=0.652286, spec=0.961758
Epoch [159/500] Loss=0.338328 Acc=0.895453
epoch 160 test: acc=0.769231, f1=0.453364, auc=0.933131, bac=0.589946, sens=0.589946, spec=0.960564
epoch 160 val: acc=0.783909, f1=0.500156, auc=0.943579, bac=0.652733, sens=0.652733, spec=0.962139
Epoch [160/500] Loss=0.336815 Acc=0.896058
epoch 161 test: acc=0.766391, f1=0.453753, auc=0.932742, bac=0.593676, sens=0.593676, spec=0.960154
epoch 161 val: acc=0.782878, f1=0.502879, auc=0.943969, bac=0.658621, sens=0.658621, spec=0.962077
Epoch [161/500] Loss=0.333663 Acc=0.896611
epoch 162 test: acc=0.771038, f1=0.458405, auc=0.933340, bac=0.594803, sens=0.594803, spec=0.960668
epoch 162 val: acc=0.784941, f1=0.501233, auc=0.943252, bac=0.654106, sens=0.654106, spec=0.962390
Epoch [162/500] Loss=0.335006 Acc=0.897425
epoch 163 test: acc=0.771554, f1=0.459920, auc=0.933955, bac=0.598825, sens=0.598825, spec=0.960751
epoch 163 val: acc=0.785972, f1=0.501216, auc=0.943281, bac=0.654300, sens=0.654300, spec=0.962685
Epoch [163/500] Loss=0.332638 Acc=0.897468
epoch 164 test: acc=0.773103, f1=0.459345, auc=0.934416, bac=0.590905, sens=0.590905, spec=0.961278
epoch 164 val: acc=0.784941, f1=0.501135, auc=0.943731, bac=0.652597, sens=0.652597, spec=0.962265
Epoch [164/500] Loss=0.334176 Acc=0.897245
epoch 165 test: acc=0.766133, f1=0.458709, auc=0.932462, bac=0.599941, sens=0.599941, spec=0.960592
epoch 165 val: acc=0.779268, f1=0.501646, auc=0.944326, bac=0.652425, sens=0.652425, spec=0.961847
Epoch [165/500] Loss=0.335550 Acc=0.895481
epoch 166 test: acc=0.773103, f1=0.457308, auc=0.934329, bac=0.588978, sens=0.588978, spec=0.961065
epoch 166 val: acc=0.786488, f1=0.508498, auc=0.945478, bac=0.654067, sens=0.654067, spec=0.962451
Epoch [166/500] Loss=0.328738 Acc=0.899062
epoch 167 test: acc=0.768973, f1=0.459186, auc=0.933393, bac=0.595902, sens=0.595902, spec=0.960422
epoch 167 val: acc=0.783394, f1=0.499999, auc=0.944753, bac=0.652503, sens=0.652503, spec=0.962155
Epoch [167/500] Loss=0.332044 Acc=0.896846
epoch 168 test: acc=0.770263, f1=0.458982, auc=0.933929, bac=0.595836, sens=0.595836, spec=0.960588
epoch 168 val: acc=0.786488, f1=0.502765, auc=0.945058, bac=0.654067, sens=0.654067, spec=0.962695
Epoch [168/500] Loss=0.325566 Acc=0.899377
epoch 169 test: acc=0.773103, f1=0.461687, auc=0.934458, bac=0.598408, sens=0.598408, spec=0.961045
epoch 169 val: acc=0.786488, f1=0.509610, auc=0.944730, bac=0.654925, sens=0.654925, spec=0.962558
Epoch [169/500] Loss=0.328253 Acc=0.898765
epoch 170 test: acc=0.769231, f1=0.457125, auc=0.933608, bac=0.592923, sens=0.592923, spec=0.960592
epoch 170 val: acc=0.783394, f1=0.500010, auc=0.945129, bac=0.652541, sens=0.652541, spec=0.962258
Epoch [170/500] Loss=0.331876 Acc=0.898318
epoch 171 test: acc=0.770005, f1=0.458349, auc=0.933318, bac=0.596808, sens=0.596808, spec=0.960814
epoch 171 val: acc=0.782878, f1=0.499917, auc=0.944209, bac=0.653105, sens=0.653105, spec=0.962091
Epoch [171/500] Loss=0.330945 Acc=0.897475
epoch 172 test: acc=0.777749, f1=0.464508, auc=0.935596, bac=0.597175, sens=0.597175, spec=0.961641
epoch 172 val: acc=0.784941, f1=0.503130, auc=0.944820, bac=0.651984, sens=0.651984, spec=0.962141
Epoch [172/500] Loss=0.327276 Acc=0.900134
epoch 173 test: acc=0.768198, f1=0.457345, auc=0.932662, bac=0.594783, sens=0.594783, spec=0.960901
epoch 173 val: acc=0.781331, f1=0.501127, auc=0.943118, bac=0.655463, sens=0.655463, spec=0.962086
Epoch [173/500] Loss=0.329415 Acc=0.897730
epoch 174 test: acc=0.768973, f1=0.456719, auc=0.933003, bac=0.593589, sens=0.593589, spec=0.960735
epoch 174 val: acc=0.782878, f1=0.499256, auc=0.943385, bac=0.652822, sens=0.652822, spec=0.962229
Epoch [174/500] Loss=0.327489 Acc=0.898545
epoch 175 test: acc=0.771038, f1=0.458626, auc=0.933167, bac=0.593876, sens=0.593876, spec=0.960780
epoch 175 val: acc=0.783909, f1=0.499446, auc=0.945856, bac=0.651939, sens=0.651939, spec=0.962244
Epoch [175/500] Loss=0.331442 Acc=0.896908
epoch 176 test: acc=0.771296, f1=0.461085, auc=0.933571, bac=0.599087, sens=0.599087, spec=0.961079
epoch 176 val: acc=0.784425, f1=0.509819, auc=0.943823, bac=0.655385, sens=0.655385, spec=0.962256
Epoch [176/500] Loss=0.325031 Acc=0.900124
epoch 177 test: acc=0.771812, f1=0.456544, auc=0.934142, bac=0.590281, sens=0.590281, spec=0.960941
epoch 177 val: acc=0.785456, f1=0.500837, auc=0.944672, bac=0.653590, sens=0.653590, spec=0.962590
Epoch [177/500] Loss=0.323358 Acc=0.900404
epoch 178 test: acc=0.769231, f1=0.456993, auc=0.933257, bac=0.593326, sens=0.593326, spec=0.960812
epoch 178 val: acc=0.787519, f1=0.509297, auc=0.943849, bac=0.654827, sens=0.654827, spec=0.962687
Epoch [178/500] Loss=0.327962 Acc=0.898892
epoch 179 test: acc=0.772328, f1=0.460265, auc=0.933653, bac=0.593767, sens=0.593767, spec=0.961111
epoch 179 val: acc=0.784941, f1=0.507537, auc=0.944612, bac=0.653776, sens=0.653776, spec=0.962354
Epoch [179/500] Loss=0.320544 Acc=0.901154
epoch 180 test: acc=0.771812, f1=0.458078, auc=0.933569, bac=0.589054, sens=0.589054, spec=0.961028
epoch 180 val: acc=0.784425, f1=0.508318, auc=0.943697, bac=0.653726, sens=0.653726, spec=0.962058
Epoch [180/500] Loss=0.326158 Acc=0.898987
epoch 181 test: acc=0.767940, f1=0.452754, auc=0.932751, bac=0.587945, sens=0.587945, spec=0.960480
epoch 181 val: acc=0.782878, f1=0.498890, auc=0.944221, bac=0.652860, sens=0.652860, spec=0.962219
Epoch [181/500] Loss=0.325280 Acc=0.898725
epoch 182 test: acc=0.771038, f1=0.464275, auc=0.934002, bac=0.601834, sens=0.601834, spec=0.961076
epoch 182 val: acc=0.780815, f1=0.502212, auc=0.944932, bac=0.650547, sens=0.650547, spec=0.961920
Epoch [182/500] Loss=0.320232 Acc=0.901492
epoch 183 test: acc=0.770005, f1=0.457748, auc=0.932699, bac=0.591699, sens=0.591699, spec=0.960876
epoch 183 val: acc=0.783394, f1=0.505803, auc=0.944437, bac=0.653815, sens=0.653815, spec=0.962285
Epoch [183/500] Loss=0.322219 Acc=0.900007
epoch 184 test: acc=0.776458, f1=0.461553, auc=0.935010, bac=0.592338, sens=0.592338, spec=0.961256
epoch 184 val: acc=0.787519, f1=0.510981, auc=0.946150, bac=0.654506, sens=0.654506, spec=0.962598
Epoch [184/500] Loss=0.321147 Acc=0.901586
epoch 185 test: acc=0.772070, f1=0.460119, auc=0.933304, bac=0.595781, sens=0.595781, spec=0.961277
epoch 185 val: acc=0.784425, f1=0.506290, auc=0.943954, bac=0.653679, sens=0.653679, spec=0.962417
Epoch [185/500] Loss=0.324089 Acc=0.899320
epoch 186 test: acc=0.772070, f1=0.462162, auc=0.933369, bac=0.596600, sens=0.596600, spec=0.961165
epoch 186 val: acc=0.783394, f1=0.506161, auc=0.944126, bac=0.653815, sens=0.653815, spec=0.962148
Epoch [186/500] Loss=0.317657 Acc=0.902049
epoch 187 test: acc=0.770005, f1=0.454840, auc=0.933160, bac=0.589917, sens=0.589917, spec=0.961010
epoch 187 val: acc=0.783394, f1=0.503296, auc=0.944791, bac=0.654994, sens=0.654994, spec=0.962271
Epoch [187/500] Loss=0.318999 Acc=0.901826
epoch 188 test: acc=0.773619, f1=0.459001, auc=0.934155, bac=0.592870, sens=0.592870, spec=0.961001
epoch 188 val: acc=0.788035, f1=0.508684, auc=0.945375, bac=0.655168, sens=0.655168, spec=0.962924
Epoch [188/500] Loss=0.323046 Acc=0.899810
epoch 189 test: acc=0.769489, f1=0.458190, auc=0.932648, bac=0.593516, sens=0.593516, spec=0.960976
epoch 189 val: acc=0.782362, f1=0.505502, auc=0.944535, bac=0.654997, sens=0.654997, spec=0.962256
Epoch [189/500] Loss=0.319489 Acc=0.900129
epoch 190 test: acc=0.775684, f1=0.462195, auc=0.934882, bac=0.595247, sens=0.595247, spec=0.961614
epoch 190 val: acc=0.784941, f1=0.508270, auc=0.945642, bac=0.651936, sens=0.651936, spec=0.962239
Epoch [190/500] Loss=0.320966 Acc=0.900879
epoch 191 test: acc=0.770005, f1=0.455890, auc=0.933435, bac=0.590252, sens=0.590252, spec=0.960623
epoch 191 val: acc=0.783394, f1=0.500721, auc=0.944363, bac=0.654098, sens=0.654098, spec=0.962176
Epoch [191/500] Loss=0.317467 Acc=0.901042
epoch 192 test: acc=0.771812, f1=0.462547, auc=0.933908, bac=0.601740, sens=0.601740, spec=0.961323
epoch 192 val: acc=0.783909, f1=0.506697, auc=0.944424, bac=0.652969, sens=0.652969, spec=0.962460
Epoch [192/500] Loss=0.317973 Acc=0.900917
epoch 193 test: acc=0.772070, f1=0.462588, auc=0.933919, bac=0.595633, sens=0.595633, spec=0.961142
epoch 193 val: acc=0.785972, f1=0.509987, auc=0.944575, bac=0.654819, sens=0.654819, spec=0.962586
Epoch [193/500] Loss=0.316113 Acc=0.901454
epoch 194 test: acc=0.776200, f1=0.462899, auc=0.934944, bac=0.593239, sens=0.593239, spec=0.961659
epoch 194 val: acc=0.784941, f1=0.509128, auc=0.944343, bac=0.652352, sens=0.652352, spec=0.962240
Epoch [194/500] Loss=0.316100 Acc=0.902061
epoch 195 test: acc=0.772328, f1=0.458427, auc=0.933269, bac=0.594711, sens=0.594711, spec=0.961441
epoch 195 val: acc=0.783909, f1=0.505223, auc=0.944976, bac=0.651828, sens=0.651828, spec=0.962350
Epoch [195/500] Loss=0.316909 Acc=0.900859
epoch 196 test: acc=0.770780, f1=0.455853, auc=0.933582, bac=0.588741, sens=0.588741, spec=0.960844
epoch 196 val: acc=0.784425, f1=0.500620, auc=0.944560, bac=0.653066, sens=0.653066, spec=0.962318
Epoch [196/500] Loss=0.315254 Acc=0.902291
epoch 197 test: acc=0.774393, f1=0.463586, auc=0.933849, bac=0.596334, sens=0.596334, spec=0.961487
epoch 197 val: acc=0.784941, f1=0.508395, auc=0.944740, bac=0.654955, sens=0.654955, spec=0.962346
Epoch [197/500] Loss=0.314679 Acc=0.902749
epoch 198 test: acc=0.773877, f1=0.463322, auc=0.934365, bac=0.595784, sens=0.595784, spec=0.961584
epoch 198 val: acc=0.784425, f1=0.509804, auc=0.945421, bac=0.653263, sens=0.653263, spec=0.962262
Epoch [198/500] Loss=0.316528 Acc=0.902004
epoch 199 test: acc=0.774652, f1=0.462810, auc=0.934419, bac=0.595143, sens=0.595143, spec=0.961427
epoch 199 val: acc=0.782362, f1=0.506170, auc=0.944961, bac=0.650358, sens=0.650358, spec=0.961775
Epoch [199/500] Loss=0.316484 Acc=0.902036
epoch 200 test: acc=0.770780, f1=0.456521, auc=0.933026, bac=0.588638, sens=0.588638, spec=0.961210
epoch 200 val: acc=0.784941, f1=0.506868, auc=0.944893, bac=0.653446, sens=0.653446, spec=0.962484
Epoch [200/500] Loss=0.315691 Acc=0.901274
epoch 201 test: acc=0.768973, f1=0.457130, auc=0.933193, bac=0.591775, sens=0.591775, spec=0.960874
epoch 201 val: acc=0.780815, f1=0.504153, auc=0.945774, bac=0.652103, sens=0.652103, spec=0.961890
Epoch [201/500] Loss=0.311473 Acc=0.903141
epoch 202 test: acc=0.772586, f1=0.462202, auc=0.933521, bac=0.594853, sens=0.594853, spec=0.961410
epoch 202 val: acc=0.782878, f1=0.509744, auc=0.945011, bac=0.653435, sens=0.653435, spec=0.962063
Epoch [202/500] Loss=0.315119 Acc=0.902121
epoch 203 test: acc=0.770780, f1=0.460248, auc=0.933547, bac=0.593637, sens=0.593637, spec=0.960987
epoch 203 val: acc=0.783909, f1=0.506471, auc=0.945710, bac=0.653779, sens=0.653779, spec=0.962325
Epoch [203/500] Loss=0.314890 Acc=0.902041
epoch 204 test: acc=0.768715, f1=0.452698, auc=0.933459, bac=0.584821, sens=0.584821, spec=0.960564
epoch 204 val: acc=0.785972, f1=0.507108, auc=0.945353, bac=0.654866, sens=0.654866, spec=0.962630
Epoch [204/500] Loss=0.313714 Acc=0.902421
epoch 205 test: acc=0.772070, f1=0.459088, auc=0.934152, bac=0.592171, sens=0.592171, spec=0.960997
epoch 205 val: acc=0.786488, f1=0.511403, auc=0.944780, bac=0.654594, sens=0.654594, spec=0.962437
Epoch [205/500] Loss=0.310573 Acc=0.903643
epoch 206 test: acc=0.768973, f1=0.455930, auc=0.932615, bac=0.590930, sens=0.590930, spec=0.960815
epoch 206 val: acc=0.780815, f1=0.499348, auc=0.944732, bac=0.653565, sens=0.653565, spec=0.962018
Epoch [206/500] Loss=0.314529 Acc=0.901527
epoch 207 test: acc=0.770263, f1=0.459013, auc=0.934122, bac=0.592648, sens=0.592648, spec=0.960558
epoch 207 val: acc=0.782878, f1=0.507563, auc=0.946117, bac=0.651548, sens=0.651548, spec=0.961928
Epoch [207/500] Loss=0.312832 Acc=0.902531
epoch 208 test: acc=0.774135, f1=0.463070, auc=0.934420, bac=0.597767, sens=0.597767, spec=0.961327
epoch 208 val: acc=0.783909, f1=0.507142, auc=0.944601, bac=0.651545, sens=0.651545, spec=0.962219
Epoch [208/500] Loss=0.312364 Acc=0.902906
epoch 209 test: acc=0.771038, f1=0.460508, auc=0.933585, bac=0.595870, sens=0.595870, spec=0.961099
epoch 209 val: acc=0.784425, f1=0.507617, auc=0.945549, bac=0.653301, sens=0.653301, spec=0.962377
Epoch [209/500] Loss=0.312536 Acc=0.902026
epoch 210 test: acc=0.774393, f1=0.461656, auc=0.934133, bac=0.593069, sens=0.593069, spec=0.961353
epoch 210 val: acc=0.785456, f1=0.506598, auc=0.945328, bac=0.651309, sens=0.651309, spec=0.962331
Epoch [210/500] Loss=0.308704 Acc=0.905405
epoch 211 test: acc=0.775168, f1=0.465831, auc=0.933724, bac=0.600282, sens=0.600282, spec=0.961581
epoch 211 val: acc=0.785972, f1=0.509350, auc=0.946257, bac=0.653640, sens=0.653640, spec=0.962490
Epoch [211/500] Loss=0.310825 Acc=0.902951
epoch 212 test: acc=0.768456, f1=0.456500, auc=0.932539, bac=0.590649, sens=0.590649, spec=0.960871
epoch 212 val: acc=0.781331, f1=0.498596, auc=0.943363, bac=0.652852, sens=0.652852, spec=0.962105
Epoch [212/500] Loss=0.311125 Acc=0.902421
epoch 213 test: acc=0.770780, f1=0.458254, auc=0.932993, bac=0.593378, sens=0.593378, spec=0.960947
epoch 213 val: acc=0.784425, f1=0.508344, auc=0.944848, bac=0.654245, sens=0.654245, spec=0.962393
Epoch [213/500] Loss=0.312852 Acc=0.901991
epoch 214 test: acc=0.774135, f1=0.462451, auc=0.934316, bac=0.597583, sens=0.597583, spec=0.961397
epoch 214 val: acc=0.787519, f1=0.510844, auc=0.943999, bac=0.656495, sens=0.656495, spec=0.962717
Epoch [214/500] Loss=0.312086 Acc=0.902236
epoch 215 test: acc=0.773361, f1=0.461966, auc=0.933914, bac=0.594740, sens=0.594740, spec=0.961477
epoch 215 val: acc=0.781846, f1=0.503512, auc=0.945631, bac=0.649317, sens=0.649317, spec=0.961949
Epoch [215/500] Loss=0.308209 Acc=0.904983
epoch 216 test: acc=0.770780, f1=0.457951, auc=0.933161, bac=0.593191, sens=0.593191, spec=0.961192
epoch 216 val: acc=0.783394, f1=0.506857, auc=0.944499, bac=0.653768, sens=0.653768, spec=0.962506
Epoch [216/500] Loss=0.306965 Acc=0.904636
epoch 217 test: acc=0.774910, f1=0.462849, auc=0.934413, bac=0.591101, sens=0.591101, spec=0.961409
epoch 217 val: acc=0.786488, f1=0.511532, auc=0.946483, bac=0.653981, sens=0.653981, spec=0.962428
Epoch [217/500] Loss=0.308758 Acc=0.904026
epoch 218 test: acc=0.775426, f1=0.465242, auc=0.933996, bac=0.601306, sens=0.601306, spec=0.961688
epoch 218 val: acc=0.785456, f1=0.506445, auc=0.944257, bac=0.652449, sens=0.652449, spec=0.962559
Epoch [218/500] Loss=0.311485 Acc=0.903153
epoch 219 test: acc=0.771038, f1=0.457230, auc=0.933394, bac=0.592284, sens=0.592284, spec=0.961301
epoch 219 val: acc=0.781846, f1=0.502922, auc=0.944197, bac=0.650261, sens=0.650261, spec=0.962073
Epoch [219/500] Loss=0.307151 Acc=0.904281
epoch 220 test: acc=0.774393, f1=0.463110, auc=0.934640, bac=0.595849, sens=0.595849, spec=0.961410
epoch 220 val: acc=0.785456, f1=0.512402, auc=0.946153, bac=0.655013, sens=0.655013, spec=0.962281
Epoch [220/500] Loss=0.306586 Acc=0.904408
epoch 221 test: acc=0.778007, f1=0.461101, auc=0.934684, bac=0.589257, sens=0.589257, spec=0.961862
epoch 221 val: acc=0.788035, f1=0.511471, auc=0.944105, bac=0.653132, sens=0.653132, spec=0.962550
Epoch [221/500] Loss=0.306480 Acc=0.904413
epoch 222 test: acc=0.767424, f1=0.454316, auc=0.932847, bac=0.585432, sens=0.585432, spec=0.960595
epoch 222 val: acc=0.781846, f1=0.505594, auc=0.944964, bac=0.652949, sens=0.652949, spec=0.962283
Epoch [222/500] Loss=0.305895 Acc=0.904648
epoch 223 test: acc=0.775942, f1=0.461164, auc=0.934774, bac=0.591602, sens=0.591602, spec=0.961688
epoch 223 val: acc=0.784941, f1=0.508453, auc=0.945496, bac=0.653973, sens=0.653973, spec=0.962339
Epoch [223/500] Loss=0.306085 Acc=0.904298
epoch 224 test: acc=0.776458, f1=0.462192, auc=0.934883, bac=0.592029, sens=0.592029, spec=0.961593
epoch 224 val: acc=0.788551, f1=0.512113, auc=0.945448, bac=0.654455, sens=0.654455, spec=0.962755
Epoch [224/500] Loss=0.303017 Acc=0.905705
epoch 225 test: acc=0.775684, f1=0.462649, auc=0.934426, bac=0.593798, sens=0.593798, spec=0.961871
epoch 225 val: acc=0.784425, f1=0.510212, auc=0.945036, bac=0.653962, sens=0.653962, spec=0.962156
Epoch [225/500] Loss=0.304288 Acc=0.905458
epoch 226 test: acc=0.776200, f1=0.463008, auc=0.934091, bac=0.590278, sens=0.590278, spec=0.961583
epoch 226 val: acc=0.787004, f1=0.514747, auc=0.945502, bac=0.655540, sens=0.655540, spec=0.962709
Epoch [226/500] Loss=0.304267 Acc=0.904900
epoch 227 test: acc=0.771038, f1=0.455734, auc=0.932366, bac=0.589366, sens=0.589366, spec=0.961251
epoch 227 val: acc=0.783909, f1=0.507072, auc=0.943595, bac=0.654157, sens=0.654157, spec=0.962365
Epoch [227/500] Loss=0.307710 Acc=0.904471
epoch 228 test: acc=0.773103, f1=0.457055, auc=0.933837, bac=0.587561, sens=0.587561, spec=0.961308
epoch 228 val: acc=0.784941, f1=0.508069, auc=0.944371, bac=0.653728, sens=0.653728, spec=0.962452
Epoch [228/500] Loss=0.302925 Acc=0.905970
epoch 229 test: acc=0.772070, f1=0.460137, auc=0.933424, bac=0.594473, sens=0.594473, spec=0.961226
epoch 229 val: acc=0.781846, f1=0.504455, auc=0.946000, bac=0.651157, sens=0.651157, spec=0.962048
Epoch [229/500] Loss=0.303421 Acc=0.905800
epoch 230 test: acc=0.774910, f1=0.461680, auc=0.934178, bac=0.593987, sens=0.593987, spec=0.961558
epoch 230 val: acc=0.785456, f1=0.509172, auc=0.945334, bac=0.652119, sens=0.652119, spec=0.962306
Epoch [230/500] Loss=0.305963 Acc=0.905023
epoch 231 test: acc=0.774393, f1=0.460249, auc=0.934516, bac=0.591095, sens=0.591095, spec=0.961411
epoch 231 val: acc=0.783909, f1=0.503989, auc=0.944963, bac=0.650405, sens=0.650405, spec=0.962235
Epoch [231/500] Loss=0.301199 Acc=0.905945
epoch 232 test: acc=0.770005, f1=0.455973, auc=0.933340, bac=0.590966, sens=0.590966, spec=0.961106
epoch 232 val: acc=0.783394, f1=0.505561, auc=0.945020, bac=0.652541, sens=0.652541, spec=0.962399
Epoch [232/500] Loss=0.299954 Acc=0.905598
epoch 233 test: acc=0.773361, f1=0.460804, auc=0.933516, bac=0.594429, sens=0.594429, spec=0.961402
epoch 233 val: acc=0.787004, f1=0.509351, auc=0.945432, bac=0.654069, sens=0.654069, spec=0.962752
Epoch [233/500] Loss=0.305527 Acc=0.904188
epoch 234 test: acc=0.773877, f1=0.459477, auc=0.934320, bac=0.589134, sens=0.589134, spec=0.961182
epoch 234 val: acc=0.788035, f1=0.515934, auc=0.944056, bac=0.657535, sens=0.657535, spec=0.962769
Epoch [234/500] Loss=0.299054 Acc=0.907050
epoch 235 test: acc=0.773877, f1=0.457950, auc=0.933973, bac=0.588112, sens=0.588112, spec=0.961478
epoch 235 val: acc=0.784941, f1=0.506565, auc=0.945618, bac=0.652305, sens=0.652305, spec=0.962456
Epoch [235/500] Loss=0.299962 Acc=0.905710
epoch 236 test: acc=0.771812, f1=0.458490, auc=0.933282, bac=0.586964, sens=0.586964, spec=0.961159
epoch 236 val: acc=0.783394, f1=0.507598, auc=0.944295, bac=0.652824, sens=0.652824, spec=0.962135
Epoch [236/500] Loss=0.304256 Acc=0.904913
epoch 237 test: acc=0.776975, f1=0.465924, auc=0.933893, bac=0.595607, sens=0.595607, spec=0.961937
epoch 237 val: acc=0.787004, f1=0.516493, auc=0.944802, bac=0.656153, sens=0.656153, spec=0.962705
Epoch [237/500] Loss=0.302392 Acc=0.906305
epoch 238 test: acc=0.773361, f1=0.459284, auc=0.933625, bac=0.590735, sens=0.590735, spec=0.961342
epoch 238 val: acc=0.786488, f1=0.509606, auc=0.945447, bac=0.654350, sens=0.654350, spec=0.962693
Epoch [238/500] Loss=0.301823 Acc=0.905895
epoch 239 test: acc=0.774652, f1=0.457913, auc=0.933545, bac=0.588159, sens=0.588159, spec=0.961540
epoch 239 val: acc=0.785972, f1=0.508534, auc=0.946372, bac=0.654780, sens=0.654780, spec=0.962737
Epoch [239/500] Loss=0.300332 Acc=0.906168
epoch 240 test: acc=0.770780, f1=0.457270, auc=0.933632, bac=0.590108, sens=0.590108, spec=0.961055
epoch 240 val: acc=0.782362, f1=0.506513, auc=0.945337, bac=0.653291, sens=0.653291, spec=0.962244
Epoch [240/500] Loss=0.298735 Acc=0.907250
epoch 241 test: acc=0.777233, f1=0.462691, auc=0.934879, bac=0.591317, sens=0.591317, spec=0.961593
epoch 241 val: acc=0.785972, f1=0.509098, auc=0.945847, bac=0.653554, sens=0.653554, spec=0.962355
Epoch [241/500] Loss=0.300775 Acc=0.906140
epoch 242 test: acc=0.773361, f1=0.460663, auc=0.933065, bac=0.592630, sens=0.592630, spec=0.961452
epoch 242 val: acc=0.785456, f1=0.510266, auc=0.944019, bac=0.655532, sens=0.655532, spec=0.962768
Epoch [242/500] Loss=0.300164 Acc=0.906075
epoch 243 test: acc=0.775942, f1=0.462170, auc=0.934630, bac=0.590678, sens=0.590678, spec=0.961717
epoch 243 val: acc=0.787519, f1=0.515831, auc=0.946173, bac=0.656873, sens=0.656873, spec=0.962561
Epoch [243/500] Loss=0.296469 Acc=0.907057
epoch 244 test: acc=0.775168, f1=0.461120, auc=0.934264, bac=0.590886, sens=0.590886, spec=0.961500
epoch 244 val: acc=0.789067, f1=0.514119, auc=0.945907, bac=0.657729, sens=0.657729, spec=0.963135
Epoch [244/500] Loss=0.295057 Acc=0.907307
epoch 245 test: acc=0.772845, f1=0.459234, auc=0.933946, bac=0.589568, sens=0.589568, spec=0.961464
epoch 245 val: acc=0.784941, f1=0.509059, auc=0.945089, bac=0.655765, sens=0.655765, spec=0.962581
Epoch [245/500] Loss=0.298392 Acc=0.906830
epoch 246 test: acc=0.771812, f1=0.460073, auc=0.933830, bac=0.594944, sens=0.594944, spec=0.960963
epoch 246 val: acc=0.785456, f1=0.505097, auc=0.944628, bac=0.651836, sens=0.651836, spec=0.962594
Epoch [246/500] Loss=0.297823 Acc=0.907015
epoch 247 test: acc=0.775684, f1=0.461966, auc=0.933745, bac=0.589139, sens=0.589139, spec=0.961576
epoch 247 val: acc=0.788035, f1=0.512215, auc=0.945845, bac=0.657732, sens=0.657732, spec=0.963020
Epoch [247/500] Loss=0.296928 Acc=0.906792
epoch 248 test: acc=0.773619, f1=0.462906, auc=0.932869, bac=0.596372, sens=0.596372, spec=0.961414
epoch 248 val: acc=0.783909, f1=0.506334, auc=0.944736, bac=0.653204, sens=0.653204, spec=0.962453
Epoch [248/500] Loss=0.301133 Acc=0.905685
epoch 249 test: acc=0.773361, f1=0.460295, auc=0.933523, bac=0.591754, sens=0.591754, spec=0.961375
epoch 249 val: acc=0.783394, f1=0.506556, auc=0.944890, bac=0.652824, sens=0.652824, spec=0.962357
Epoch [249/500] Loss=0.296998 Acc=0.907247
epoch 250 test: acc=0.779298, f1=0.465328, auc=0.934958, bac=0.593417, sens=0.593417, spec=0.962005
epoch 250 val: acc=0.787519, f1=0.514880, auc=0.946103, bac=0.655929, sens=0.655929, spec=0.962435
Epoch [250/500] Loss=0.297252 Acc=0.906487
epoch 251 test: acc=0.775426, f1=0.464285, auc=0.933777, bac=0.598485, sens=0.598485, spec=0.961857
epoch 251 val: acc=0.786488, f1=0.512056, auc=0.945776, bac=0.654633, sens=0.654633, spec=0.962776
Epoch [251/500] Loss=0.298853 Acc=0.907210
epoch 252 test: acc=0.773877, f1=0.459523, auc=0.933812, bac=0.590545, sens=0.590545, spec=0.961466
epoch 252 val: acc=0.784425, f1=0.507759, auc=0.943440, bac=0.653482, sens=0.653482, spec=0.962286
Epoch [252/500] Loss=0.296000 Acc=0.906990
epoch 253 test: acc=0.777233, f1=0.462898, auc=0.935245, bac=0.592053, sens=0.592053, spec=0.961730
epoch 253 val: acc=0.790614, f1=0.517914, auc=0.945698, bac=0.659641, sens=0.659641, spec=0.963327
Epoch [253/500] Loss=0.293606 Acc=0.908514
epoch 254 test: acc=0.775168, f1=0.463547, auc=0.934209, bac=0.595238, sens=0.595238, spec=0.961622
epoch 254 val: acc=0.788551, f1=0.515892, auc=0.944721, bac=0.659339, sens=0.659339, spec=0.963164
Epoch [254/500] Loss=0.293339 Acc=0.908477
epoch 255 test: acc=0.772328, f1=0.459455, auc=0.933841, bac=0.590683, sens=0.590683, spec=0.961290
epoch 255 val: acc=0.785972, f1=0.511606, auc=0.946454, bac=0.656401, sens=0.656401, spec=0.962589
Epoch [255/500] Loss=0.294871 Acc=0.907602
epoch 256 test: acc=0.773361, f1=0.458686, auc=0.933773, bac=0.587204, sens=0.587204, spec=0.961223
epoch 256 val: acc=0.787519, f1=0.512831, auc=0.945703, bac=0.658004, sens=0.658004, spec=0.963039
Epoch [256/500] Loss=0.295856 Acc=0.907522
epoch 257 test: acc=0.773361, f1=0.460128, auc=0.933395, bac=0.592486, sens=0.592486, spec=0.961340
epoch 257 val: acc=0.784941, f1=0.507063, auc=0.945687, bac=0.654011, sens=0.654011, spec=0.962609
Epoch [257/500] Loss=0.295735 Acc=0.907127
epoch 258 test: acc=0.774393, f1=0.461120, auc=0.934210, bac=0.592108, sens=0.592108, spec=0.961584
epoch 258 val: acc=0.788035, f1=0.514514, auc=0.944576, bac=0.656961, sens=0.656961, spec=0.962982
Epoch [258/500] Loss=0.291504 Acc=0.908734
epoch 259 test: acc=0.775684, f1=0.461249, auc=0.934926, bac=0.590696, sens=0.590696, spec=0.961530
epoch 259 val: acc=0.788035, f1=0.516667, auc=0.945832, bac=0.656922, sens=0.656922, spec=0.962492
Epoch [259/500] Loss=0.293763 Acc=0.907897
epoch 260 test: acc=0.773361, f1=0.460702, auc=0.933474, bac=0.592348, sens=0.592348, spec=0.961448
epoch 260 val: acc=0.787004, f1=0.513030, auc=0.944678, bac=0.657341, sens=0.657341, spec=0.962996
Epoch [260/500] Loss=0.294675 Acc=0.907370
epoch 261 test: acc=0.774135, f1=0.459014, auc=0.933127, bac=0.590641, sens=0.590641, spec=0.961586
epoch 261 val: acc=0.784941, f1=0.508386, auc=0.945227, bac=0.654106, sens=0.654106, spec=0.962610
Epoch [261/500] Loss=0.294779 Acc=0.906835
epoch 262 test: acc=0.775942, f1=0.461448, auc=0.933284, bac=0.592258, sens=0.592258, spec=0.961753
epoch 262 val: acc=0.783909, f1=0.506884, auc=0.945204, bac=0.652063, sens=0.652063, spec=0.962298
Epoch [262/500] Loss=0.296752 Acc=0.907035
epoch 263 test: acc=0.777491, f1=0.465015, auc=0.935047, bac=0.592888, sens=0.592888, spec=0.961826
epoch 263 val: acc=0.787519, f1=0.513582, auc=0.946586, bac=0.653601, sens=0.653601, spec=0.962561
Epoch [263/500] Loss=0.291411 Acc=0.908697
epoch 264 test: acc=0.777233, f1=0.466717, auc=0.934885, bac=0.595009, sens=0.595009, spec=0.961816
epoch 264 val: acc=0.787519, f1=0.514675, auc=0.946313, bac=0.657022, sens=0.657022, spec=0.962790
Epoch [264/500] Loss=0.290774 Acc=0.909022
epoch 265 test: acc=0.771812, f1=0.460086, auc=0.933153, bac=0.590793, sens=0.590793, spec=0.961406
epoch 265 val: acc=0.785972, f1=0.513006, auc=0.944340, bac=0.654536, sens=0.654536, spec=0.962843
Epoch [265/500] Loss=0.294267 Acc=0.907157
epoch 266 test: acc=0.775426, f1=0.461316, auc=0.933734, bac=0.591878, sens=0.591878, spec=0.961555
epoch 266 val: acc=0.787519, f1=0.512708, auc=0.945128, bac=0.655685, sens=0.655685, spec=0.962940
Epoch [266/500] Loss=0.292421 Acc=0.908012
epoch 267 test: acc=0.775168, f1=0.461242, auc=0.934379, bac=0.588067, sens=0.588067, spec=0.961566
epoch 267 val: acc=0.787519, f1=0.518562, auc=0.945294, bac=0.655967, sens=0.655967, spec=0.962541
Epoch [267/500] Loss=0.292542 Acc=0.908767
epoch 268 test: acc=0.775684, f1=0.461484, auc=0.933397, bac=0.592497, sens=0.592497, spec=0.961722
epoch 268 val: acc=0.791129, f1=0.517693, auc=0.946424, bac=0.660437, sens=0.660437, spec=0.963541
Epoch [268/500] Loss=0.292916 Acc=0.908259
epoch 269 test: acc=0.773103, f1=0.459706, auc=0.933421, bac=0.589173, sens=0.589173, spec=0.961427
epoch 269 val: acc=0.783909, f1=0.507535, auc=0.945550, bac=0.654392, sens=0.654392, spec=0.962564
Epoch [269/500] Loss=0.290410 Acc=0.908472
epoch 270 test: acc=0.779814, f1=0.465389, auc=0.934913, bac=0.593797, sens=0.593797, spec=0.962086
epoch 270 val: acc=0.790614, f1=0.514708, auc=0.945798, bac=0.656550, sens=0.656550, spec=0.963277
Epoch [270/500] Loss=0.289861 Acc=0.908897
epoch 271 test: acc=0.775168, f1=0.463733, auc=0.934372, bac=0.597423, sens=0.597423, spec=0.961649
epoch 271 val: acc=0.788035, f1=0.512925, auc=0.946047, bac=0.656678, sens=0.656678, spec=0.963255
Epoch [271/500] Loss=0.289865 Acc=0.909259
epoch 272 test: acc=0.772328, f1=0.458589, auc=0.933385, bac=0.590112, sens=0.590112, spec=0.961254
epoch 272 val: acc=0.784941, f1=0.510513, auc=0.944907, bac=0.655002, sens=0.655002, spec=0.962591
Epoch [272/500] Loss=0.292682 Acc=0.907432
epoch 273 test: acc=0.780072, f1=0.468405, auc=0.934628, bac=0.597893, sens=0.597893, spec=0.962065
epoch 273 val: acc=0.792161, f1=0.515625, auc=0.945827, bac=0.657321, sens=0.657321, spec=0.963244
Epoch [273/500] Loss=0.289399 Acc=0.910014
epoch 274 test: acc=0.771812, f1=0.456565, auc=0.933371, bac=0.587483, sens=0.587483, spec=0.961188
epoch 274 val: acc=0.785456, f1=0.508296, auc=0.946285, bac=0.655249, sens=0.655249, spec=0.962903
Epoch [274/500] Loss=0.291862 Acc=0.907909
epoch 275 test: acc=0.772845, f1=0.459218, auc=0.933286, bac=0.586644, sens=0.586644, spec=0.961420
epoch 275 val: acc=0.786488, f1=0.514152, auc=0.946724, bac=0.658337, sens=0.658337, spec=0.962885
Epoch [275/500] Loss=0.292245 Acc=0.907232
epoch 276 test: acc=0.776717, f1=0.463429, auc=0.934102, bac=0.591932, sens=0.591932, spec=0.961649
epoch 276 val: acc=0.787519, f1=0.519446, auc=0.943951, bac=0.657155, sens=0.657155, spec=0.962408
Epoch [276/500] Loss=0.292164 Acc=0.909019
epoch 277 test: acc=0.775426, f1=0.461767, auc=0.933825, bac=0.591435, sens=0.591435, spec=0.961587
epoch 277 val: acc=0.792161, f1=0.516998, auc=0.945785, bac=0.658264, sens=0.658264, spec=0.963707
Epoch [277/500] Loss=0.289745 Acc=0.908972
epoch 278 test: acc=0.775426, f1=0.460402, auc=0.933872, bac=0.589043, sens=0.589043, spec=0.961588
epoch 278 val: acc=0.789067, f1=0.513608, auc=0.945024, bac=0.657060, sens=0.657060, spec=0.963256
Epoch [278/500] Loss=0.291429 Acc=0.908239
epoch 279 test: acc=0.774135, f1=0.460802, auc=0.934404, bac=0.591329, sens=0.591329, spec=0.961425
epoch 279 val: acc=0.786488, f1=0.511033, auc=0.946124, bac=0.654311, sens=0.654311, spec=0.962676
Epoch [279/500] Loss=0.289346 Acc=0.909164
epoch 280 test: acc=0.777749, f1=0.466025, auc=0.935112, bac=0.596720, sens=0.596720, spec=0.961841
epoch 280 val: acc=0.789582, f1=0.518549, auc=0.945021, bac=0.658024, sens=0.658024, spec=0.962703
Epoch [280/500] Loss=0.287899 Acc=0.910319
epoch 281 test: acc=0.773877, f1=0.460209, auc=0.933843, bac=0.589672, sens=0.589672, spec=0.961542
epoch 281 val: acc=0.788551, f1=0.516216, auc=0.944714, bac=0.658434, sens=0.658434, spec=0.963307
Epoch [281/500] Loss=0.288324 Acc=0.909384
epoch 282 test: acc=0.773619, f1=0.459716, auc=0.933831, bac=0.590619, sens=0.590619, spec=0.961304
epoch 282 val: acc=0.788035, f1=0.511994, auc=0.945013, bac=0.656592, sens=0.656592, spec=0.962905
Epoch [282/500] Loss=0.289397 Acc=0.908909
epoch 283 test: acc=0.776458, f1=0.463359, auc=0.934457, bac=0.593251, sens=0.593251, spec=0.961791
epoch 283 val: acc=0.789067, f1=0.514545, auc=0.943914, bac=0.657438, sens=0.657438, spec=0.963138
Epoch [283/500] Loss=0.286135 Acc=0.910911
epoch 284 test: acc=0.776975, f1=0.464662, auc=0.933943, bac=0.592429, sens=0.592429, spec=0.961739
epoch 284 val: acc=0.789067, f1=0.519673, auc=0.944552, bac=0.660002, sens=0.660002, spec=0.963242
Epoch [284/500] Loss=0.287200 Acc=0.910114
epoch 285 test: acc=0.773361, f1=0.460994, auc=0.933269, bac=0.591188, sens=0.591188, spec=0.961398
epoch 285 val: acc=0.788551, f1=0.513892, auc=0.944847, bac=0.659472, sens=0.659472, spec=0.963334
Epoch [285/500] Loss=0.287406 Acc=0.909369
epoch 286 test: acc=0.777491, f1=0.462708, auc=0.934279, bac=0.589970, sens=0.589970, spec=0.961811
epoch 286 val: acc=0.792677, f1=0.519515, auc=0.945402, bac=0.660643, sens=0.660643, spec=0.963512
Epoch [286/500] Loss=0.287771 Acc=0.909771
epoch 287 test: acc=0.776458, f1=0.462857, auc=0.934566, bac=0.591313, sens=0.591313, spec=0.961746
epoch 287 val: acc=0.790614, f1=0.516251, auc=0.946796, bac=0.658783, sens=0.658783, spec=0.963477
Epoch [287/500] Loss=0.283588 Acc=0.911171
epoch 288 test: acc=0.773103, f1=0.459853, auc=0.933842, bac=0.591540, sens=0.591540, spec=0.961466
epoch 288 val: acc=0.787004, f1=0.514760, auc=0.946290, bac=0.657577, sens=0.657577, spec=0.962953
Epoch [288/500] Loss=0.286754 Acc=0.910469
epoch 289 test: acc=0.778782, f1=0.463885, auc=0.934572, bac=0.592331, sens=0.592331, spec=0.962130
epoch 289 val: acc=0.791645, f1=0.519590, auc=0.945295, bac=0.658167, sens=0.658167, spec=0.962993
Epoch [289/500] Loss=0.286815 Acc=0.910231
epoch 290 test: acc=0.775942, f1=0.464698, auc=0.933640, bac=0.595337, sens=0.595337, spec=0.961824
epoch 290 val: acc=0.787519, f1=0.517012, auc=0.945306, bac=0.659106, sens=0.659106, spec=0.963021
Epoch [290/500] Loss=0.284928 Acc=0.910566
epoch 291 test: acc=0.771554, f1=0.458769, auc=0.933044, bac=0.591277, sens=0.591277, spec=0.961219
epoch 291 val: acc=0.785456, f1=0.509952, auc=0.945252, bac=0.655627, sens=0.655627, spec=0.962801
Epoch [291/500] Loss=0.284625 Acc=0.910161
epoch 292 test: acc=0.778782, f1=0.463646, auc=0.934989, bac=0.590637, sens=0.590637, spec=0.962043
epoch 292 val: acc=0.794224, f1=0.520475, auc=0.945654, bac=0.659831, sens=0.659831, spec=0.963729
Epoch [292/500] Loss=0.287531 Acc=0.909644
epoch 293 test: acc=0.772845, f1=0.460502, auc=0.932934, bac=0.592104, sens=0.592104, spec=0.961370
epoch 293 val: acc=0.785456, f1=0.513280, auc=0.945183, bac=0.654919, sens=0.654919, spec=0.962612
Epoch [293/500] Loss=0.287155 Acc=0.909029
epoch 294 test: acc=0.774135, f1=0.459698, auc=0.934140, bac=0.589339, sens=0.589339, spec=0.961489
epoch 294 val: acc=0.789067, f1=0.517500, auc=0.944830, bac=0.659388, sens=0.659388, spec=0.963235
Epoch [294/500] Loss=0.284243 Acc=0.910561
epoch 295 test: acc=0.776717, f1=0.463305, auc=0.933662, bac=0.590187, sens=0.590187, spec=0.961832
epoch 295 val: acc=0.791645, f1=0.516632, auc=0.945563, bac=0.658450, sens=0.658450, spec=0.963620
Epoch [295/500] Loss=0.287500 Acc=0.909649
epoch 296 test: acc=0.779040, f1=0.468061, auc=0.934529, bac=0.597227, sens=0.597227, spec=0.962033
epoch 296 val: acc=0.791645, f1=0.522113, auc=0.945630, bac=0.659835, sens=0.659835, spec=0.963121
Epoch [296/500] Loss=0.284986 Acc=0.910396
epoch 297 test: acc=0.772586, f1=0.458553, auc=0.933393, bac=0.590189, sens=0.590189, spec=0.961293
epoch 297 val: acc=0.787519, f1=0.512044, auc=0.945216, bac=0.658334, sens=0.658334, spec=0.963197
Epoch [297/500] Loss=0.280802 Acc=0.911166
epoch 298 test: acc=0.775684, f1=0.462865, auc=0.933615, bac=0.593710, sens=0.593710, spec=0.961692
epoch 298 val: acc=0.789582, f1=0.516922, auc=0.945227, bac=0.658920, sens=0.658920, spec=0.963228
Epoch [298/500] Loss=0.286500 Acc=0.910211
epoch 299 test: acc=0.774652, f1=0.461175, auc=0.933117, bac=0.591713, sens=0.591713, spec=0.961675
epoch 299 val: acc=0.789582, f1=0.516868, auc=0.945217, bac=0.660759, sens=0.660759, spec=0.963457
Epoch [299/500] Loss=0.284923 Acc=0.910151
epoch 300 test: acc=0.771554, f1=0.459350, auc=0.932908, bac=0.592833, sens=0.592833, spec=0.961201
epoch 300 val: acc=0.787004, f1=0.514695, auc=0.944729, bac=0.657821, sens=0.657821, spec=0.962870
Epoch [300/500] Loss=0.286929 Acc=0.909541
epoch 301 test: acc=0.778782, f1=0.462402, auc=0.934951, bac=0.588011, sens=0.588011, spec=0.961744
epoch 301 val: acc=0.793708, f1=0.523698, auc=0.946273, bac=0.658603, sens=0.658603, spec=0.963034
Epoch [301/500] Loss=0.284508 Acc=0.911416
epoch 302 test: acc=0.773103, f1=0.459130, auc=0.932764, bac=0.587604, sens=0.587604, spec=0.961349
epoch 302 val: acc=0.784425, f1=0.509207, auc=0.945621, bac=0.655582, sens=0.655582, spec=0.962746
Epoch [302/500] Loss=0.283012 Acc=0.909634
epoch 303 test: acc=0.778007, f1=0.462764, auc=0.934820, bac=0.590472, sens=0.590472, spec=0.961952
epoch 303 val: acc=0.791129, f1=0.522021, auc=0.945177, bac=0.660154, sens=0.660154, spec=0.963009
Epoch [303/500] Loss=0.282643 Acc=0.911878
epoch 304 test: acc=0.775942, f1=0.464101, auc=0.934097, bac=0.596263, sens=0.596263, spec=0.961615
epoch 304 val: acc=0.791129, f1=0.515852, auc=0.945201, bac=0.660069, sens=0.660069, spec=0.963318
Epoch [304/500] Loss=0.284831 Acc=0.910216
epoch 305 test: acc=0.776458, f1=0.463883, auc=0.934474, bac=0.592454, sens=0.592454, spec=0.961917
epoch 305 val: acc=0.792677, f1=0.521331, auc=0.946554, bac=0.660068, sens=0.660068, spec=0.963613
Epoch [305/500] Loss=0.282407 Acc=0.910829
epoch 306 test: acc=0.776458, f1=0.462235, auc=0.934386, bac=0.591129, sens=0.591129, spec=0.961673
epoch 306 val: acc=0.791645, f1=0.518783, auc=0.945746, bac=0.659921, sens=0.659921, spec=0.963359
Epoch [306/500] Loss=0.282530 Acc=0.911166
epoch 307 test: acc=0.776717, f1=0.464123, auc=0.933907, bac=0.591319, sens=0.591319, spec=0.961761
epoch 307 val: acc=0.791129, f1=0.520197, auc=0.946371, bac=0.660351, sens=0.660351, spec=0.963409
Epoch [307/500] Loss=0.281686 Acc=0.911236
epoch 308 test: acc=0.775168, f1=0.460132, auc=0.933974, bac=0.589396, sens=0.589396, spec=0.961637
epoch 308 val: acc=0.792161, f1=0.517623, auc=0.945179, bac=0.660962, sens=0.660962, spec=0.963734
Epoch [308/500] Loss=0.281894 Acc=0.910574
epoch 309 test: acc=0.776717, f1=0.464551, auc=0.934369, bac=0.594016, sens=0.594016, spec=0.961697
epoch 309 val: acc=0.790098, f1=0.522434, auc=0.946272, bac=0.661384, sens=0.661384, spec=0.962987
Epoch [309/500] Loss=0.280234 Acc=0.911686
epoch 310 test: acc=0.777749, f1=0.463070, auc=0.934221, bac=0.593003, sens=0.593003, spec=0.961999
epoch 310 val: acc=0.790098, f1=0.515576, auc=0.945795, bac=0.656830, sens=0.656830, spec=0.962943
Epoch [310/500] Loss=0.281647 Acc=0.911833
epoch 311 test: acc=0.773103, f1=0.460097, auc=0.932742, bac=0.590191, sens=0.590191, spec=0.961271
epoch 311 val: acc=0.790098, f1=0.519311, auc=0.944924, bac=0.660676, sens=0.660676, spec=0.963500
Epoch [311/500] Loss=0.282750 Acc=0.910656
epoch 312 test: acc=0.775684, f1=0.463154, auc=0.933847, bac=0.594394, sens=0.594394, spec=0.961583
epoch 312 val: acc=0.789582, f1=0.516344, auc=0.946702, bac=0.659777, sens=0.659777, spec=0.963215
Epoch [312/500] Loss=0.281739 Acc=0.911158
epoch 313 test: acc=0.778265, f1=0.462143, auc=0.934696, bac=0.589220, sens=0.589220, spec=0.961988
epoch 313 val: acc=0.790614, f1=0.517114, auc=0.946875, bac=0.657935, sens=0.657935, spec=0.963230
Epoch [313/500] Loss=0.279128 Acc=0.911441
epoch 314 test: acc=0.775942, f1=0.460335, auc=0.933871, bac=0.589494, sens=0.589494, spec=0.961743
epoch 314 val: acc=0.786488, f1=0.514920, auc=0.945244, bac=0.658054, sens=0.658054, spec=0.962762
Epoch [314/500] Loss=0.278807 Acc=0.911831
epoch 315 test: acc=0.779040, f1=0.464911, auc=0.935499, bac=0.592982, sens=0.592982, spec=0.962088
epoch 315 val: acc=0.793708, f1=0.523514, auc=0.945341, bac=0.661072, sens=0.661072, spec=0.963752
Epoch [315/500] Loss=0.277360 Acc=0.912948
epoch 316 test: acc=0.777491, f1=0.463442, auc=0.934585, bac=0.591979, sens=0.591979, spec=0.961876
epoch 316 val: acc=0.790098, f1=0.519120, auc=0.947125, bac=0.658489, sens=0.658489, spec=0.963136
Epoch [316/500] Loss=0.278711 Acc=0.912500
epoch 317 test: acc=0.779040, f1=0.464405, auc=0.934949, bac=0.593006, sens=0.593006, spec=0.962095
epoch 317 val: acc=0.791129, f1=0.521373, auc=0.946048, bac=0.657921, sens=0.657921, spec=0.962926
Epoch [317/500] Loss=0.279350 Acc=0.911953
epoch 318 test: acc=0.771554, f1=0.458494, auc=0.932934, bac=0.590707, sens=0.590707, spec=0.961147
epoch 318 val: acc=0.787004, f1=0.512004, auc=0.944939, bac=0.658237, sens=0.658237, spec=0.963135
Epoch [318/500] Loss=0.282059 Acc=0.910514
epoch 319 test: acc=0.782137, f1=0.466705, auc=0.935651, bac=0.592188, sens=0.592188, spec=0.962425
epoch 319 val: acc=0.794224, f1=0.523758, auc=0.946731, bac=0.660406, sens=0.660406, spec=0.963458
Epoch [319/500] Loss=0.279831 Acc=0.912063
epoch 320 test: acc=0.774910, f1=0.461027, auc=0.934350, bac=0.591734, sens=0.591734, spec=0.961776
epoch 320 val: acc=0.788551, f1=0.517823, auc=0.945726, bac=0.659300, sens=0.659300, spec=0.963148
Epoch [320/500] Loss=0.276737 Acc=0.912266
epoch 321 test: acc=0.779040, f1=0.468119, auc=0.934770, bac=0.596577, sens=0.596577, spec=0.961930
epoch 321 val: acc=0.789582, f1=0.516205, auc=0.947167, bac=0.654996, sens=0.654996, spec=0.962972
Epoch [321/500] Loss=0.278036 Acc=0.912628
epoch 322 test: acc=0.774910, f1=0.462488, auc=0.933801, bac=0.592756, sens=0.592756, spec=0.961704
epoch 322 val: acc=0.787519, f1=0.518008, auc=0.944681, bac=0.660616, sens=0.660616, spec=0.963149
Epoch [322/500] Loss=0.276459 Acc=0.912770
epoch 323 test: acc=0.774135, f1=0.462286, auc=0.932751, bac=0.593224, sens=0.593224, spec=0.961582
epoch 323 val: acc=0.788035, f1=0.516607, auc=0.945368, bac=0.658054, sens=0.658054, spec=0.962984
Epoch [323/500] Loss=0.279462 Acc=0.911886
epoch 324 test: acc=0.777491, f1=0.461816, auc=0.934563, bac=0.589833, sens=0.589833, spec=0.961965
epoch 324 val: acc=0.792161, f1=0.520298, auc=0.946193, bac=0.659255, sens=0.659255, spec=0.963313
Epoch [324/500] Loss=0.276536 Acc=0.912680
epoch 325 test: acc=0.776458, f1=0.462219, auc=0.934608, bac=0.590228, sens=0.590228, spec=0.961731
epoch 325 val: acc=0.794224, f1=0.521206, auc=0.945140, bac=0.661217, sens=0.661217, spec=0.963742
Epoch [325/500] Loss=0.279976 Acc=0.911241
epoch 326 test: acc=0.777749, f1=0.463359, auc=0.934618, bac=0.591037, sens=0.591037, spec=0.962006
epoch 326 val: acc=0.794224, f1=0.523845, auc=0.945934, bac=0.661782, sens=0.661782, spec=0.963699
Epoch [326/500] Loss=0.278583 Acc=0.912116
epoch 327 test: acc=0.779040, f1=0.466471, auc=0.934222, bac=0.591378, sens=0.591378, spec=0.962108
epoch 327 val: acc=0.793708, f1=0.526878, auc=0.945511, bac=0.661488, sens=0.661488, spec=0.963488
Epoch [327/500] Loss=0.275890 Acc=0.913000
epoch 328 test: acc=0.776200, f1=0.463408, auc=0.934193, bac=0.593900, sens=0.593900, spec=0.961844
epoch 328 val: acc=0.790614, f1=0.523347, auc=0.945972, bac=0.661858, sens=0.661858, spec=0.963201
Epoch [328/500] Loss=0.275147 Acc=0.913168
epoch 329 test: acc=0.779556, f1=0.465102, auc=0.934512, bac=0.592914, sens=0.592914, spec=0.962156
epoch 329 val: acc=0.793708, f1=0.522957, auc=0.945943, bac=0.658924, sens=0.658924, spec=0.963271
Epoch [329/500] Loss=0.278467 Acc=0.911998
epoch 330 test: acc=0.778782, f1=0.464609, auc=0.934305, bac=0.593461, sens=0.593461, spec=0.962190
epoch 330 val: acc=0.791129, f1=0.518667, auc=0.946566, bac=0.657787, sens=0.657787, spec=0.963037
Epoch [330/500] Loss=0.276440 Acc=0.912743
epoch 331 test: acc=0.777491, f1=0.466797, auc=0.933875, bac=0.597572, sens=0.597572, spec=0.962076
epoch 331 val: acc=0.790614, f1=0.516092, auc=0.945522, bac=0.659397, sens=0.659397, spec=0.963499
Epoch [331/500] Loss=0.277497 Acc=0.911978
epoch 332 test: acc=0.778007, f1=0.462614, auc=0.933938, bac=0.585732, sens=0.585732, spec=0.961923
epoch 332 val: acc=0.792161, f1=0.525370, auc=0.945272, bac=0.662951, sens=0.662951, spec=0.963634
Epoch [332/500] Loss=0.274923 Acc=0.913145
epoch 333 test: acc=0.775168, f1=0.461072, auc=0.933754, bac=0.593277, sens=0.593277, spec=0.961899
epoch 333 val: acc=0.790614, f1=0.517705, auc=0.944736, bac=0.659727, sens=0.659727, spec=0.963598
Epoch [333/500] Loss=0.274573 Acc=0.912943
epoch 334 test: acc=0.780589, f1=0.466459, auc=0.934789, bac=0.594009, sens=0.594009, spec=0.962106
epoch 334 val: acc=0.793192, f1=0.521509, auc=0.946375, bac=0.659081, sens=0.659081, spec=0.963336
Epoch [334/500] Loss=0.274466 Acc=0.912920
epoch 335 test: acc=0.778523, f1=0.464894, auc=0.934349, bac=0.592988, sens=0.592988, spec=0.962101
epoch 335 val: acc=0.792161, f1=0.518506, auc=0.946476, bac=0.659980, sens=0.659980, spec=0.963482
Epoch [335/500] Loss=0.273714 Acc=0.913418
epoch 336 test: acc=0.777233, f1=0.461763, auc=0.933625, bac=0.591109, sens=0.591109, spec=0.962054
epoch 336 val: acc=0.789582, f1=0.520084, auc=0.946910, bac=0.660060, sens=0.660060, spec=0.963150
Epoch [336/500] Loss=0.275585 Acc=0.912251
epoch 337 test: acc=0.777491, f1=0.463313, auc=0.934533, bac=0.590540, sens=0.590540, spec=0.961866
epoch 337 val: acc=0.795771, f1=0.526197, auc=0.946074, bac=0.662404, sens=0.662404, spec=0.963799
Epoch [337/500] Loss=0.275423 Acc=0.912600
epoch 338 test: acc=0.777749, f1=0.465969, auc=0.934106, bac=0.594613, sens=0.594613, spec=0.961901
epoch 338 val: acc=0.790098, f1=0.518501, auc=0.946196, bac=0.659497, sens=0.659497, spec=0.963244
Epoch [338/500] Loss=0.275714 Acc=0.912820
epoch 339 test: acc=0.780072, f1=0.463984, auc=0.934956, bac=0.591045, sens=0.591045, spec=0.962234
epoch 339 val: acc=0.792677, f1=0.520056, auc=0.947169, bac=0.658511, sens=0.658511, spec=0.963364
Epoch [339/500] Loss=0.275081 Acc=0.912985
epoch 340 test: acc=0.776200, f1=0.463013, auc=0.933944, bac=0.593518, sens=0.593518, spec=0.961666
epoch 340 val: acc=0.790098, f1=0.520613, auc=0.944856, bac=0.660573, sens=0.660573, spec=0.963247
Epoch [340/500] Loss=0.271278 Acc=0.913858
epoch 341 test: acc=0.774910, f1=0.461211, auc=0.933343, bac=0.591856, sens=0.591856, spec=0.961720
epoch 341 val: acc=0.788551, f1=0.518727, auc=0.946170, bac=0.657499, sens=0.657499, spec=0.963039
Epoch [341/500] Loss=0.275881 Acc=0.912625
epoch 342 test: acc=0.779040, f1=0.464080, auc=0.935029, bac=0.592153, sens=0.592153, spec=0.962033
epoch 342 val: acc=0.795771, f1=0.526043, auc=0.945259, bac=0.662772, sens=0.662772, spec=0.963797
Epoch [342/500] Loss=0.274328 Acc=0.913233
epoch 343 test: acc=0.777749, f1=0.463349, auc=0.934174, bac=0.592838, sens=0.592838, spec=0.962093
epoch 343 val: acc=0.791129, f1=0.517220, auc=0.946026, bac=0.657984, sens=0.657984, spec=0.963433
Epoch [343/500] Loss=0.272196 Acc=0.913903
epoch 344 test: acc=0.779298, f1=0.464772, auc=0.934336, bac=0.591875, sens=0.591875, spec=0.962241
epoch 344 val: acc=0.790098, f1=0.524341, auc=0.946200, bac=0.661298, sens=0.661298, spec=0.963203
Epoch [344/500] Loss=0.274150 Acc=0.913413
epoch 345 test: acc=0.773877, f1=0.460663, auc=0.933285, bac=0.592799, sens=0.592799, spec=0.961480
epoch 345 val: acc=0.788551, f1=0.514798, auc=0.945208, bac=0.659189, sens=0.659189, spec=0.963096
Epoch [345/500] Loss=0.272351 Acc=0.913920
epoch 346 test: acc=0.777491, f1=0.462715, auc=0.933419, bac=0.591134, sens=0.591134, spec=0.961898
epoch 346 val: acc=0.788551, f1=0.521501, auc=0.945633, bac=0.660063, sens=0.660063, spec=0.962926
Epoch [346/500] Loss=0.273628 Acc=0.913645
epoch 347 test: acc=0.776458, f1=0.462743, auc=0.933339, bac=0.591463, sens=0.591463, spec=0.961856
epoch 347 val: acc=0.788035, f1=0.516760, auc=0.945895, bac=0.657685, sens=0.657685, spec=0.962854
Epoch [347/500] Loss=0.276342 Acc=0.911708
epoch 348 test: acc=0.775684, f1=0.461606, auc=0.934244, bac=0.589328, sens=0.589328, spec=0.961766
epoch 348 val: acc=0.789067, f1=0.517807, auc=0.946440, bac=0.658823, sens=0.658823, spec=0.963121
Epoch [348/500] Loss=0.271503 Acc=0.913425
epoch 349 test: acc=0.778782, f1=0.466254, auc=0.933577, bac=0.593315, sens=0.593315, spec=0.962055
epoch 349 val: acc=0.791645, f1=0.522214, auc=0.945705, bac=0.658883, sens=0.658883, spec=0.963455
Epoch [349/500] Loss=0.277269 Acc=0.912431
epoch 350 test: acc=0.778007, f1=0.464082, auc=0.934605, bac=0.593547, sens=0.593547, spec=0.962018
epoch 350 val: acc=0.794224, f1=0.523356, auc=0.945256, bac=0.661585, sens=0.661585, spec=0.963716
Epoch [350/500] Loss=0.271934 Acc=0.914152
epoch 351 test: acc=0.774910, f1=0.461986, auc=0.933455, bac=0.592493, sens=0.592493, spec=0.961704
epoch 351 val: acc=0.788035, f1=0.516415, auc=0.946524, bac=0.658873, sens=0.658873, spec=0.963115
Epoch [351/500] Loss=0.276049 Acc=0.912228
epoch 352 test: acc=0.778523, f1=0.467715, auc=0.934429, bac=0.590668, sens=0.590668, spec=0.961804
epoch 352 val: acc=0.791645, f1=0.522893, auc=0.946150, bac=0.659222, sens=0.659222, spec=0.963344
Epoch [352/500] Loss=0.276358 Acc=0.912853
epoch 353 test: acc=0.778523, f1=0.464793, auc=0.933542, bac=0.593338, sens=0.593338, spec=0.962106
epoch 353 val: acc=0.793708, f1=0.519566, auc=0.946586, bac=0.660631, sens=0.660631, spec=0.963777
Epoch [353/500] Loss=0.271669 Acc=0.913238
epoch 354 test: acc=0.778265, f1=0.464085, auc=0.934135, bac=0.591563, sens=0.591563, spec=0.961967
epoch 354 val: acc=0.792161, f1=0.521652, auc=0.944930, bac=0.660584, sens=0.660584, spec=0.963526
Epoch [354/500] Loss=0.274020 Acc=0.913525
epoch 355 test: acc=0.775426, f1=0.461144, auc=0.933429, bac=0.590015, sens=0.590015, spec=0.961672
epoch 355 val: acc=0.792161, f1=0.523138, auc=0.945321, bac=0.660348, sens=0.660348, spec=0.963431
Epoch [355/500] Loss=0.274023 Acc=0.913108
epoch 356 test: acc=0.781363, f1=0.467353, auc=0.934695, bac=0.592141, sens=0.592141, spec=0.962428
epoch 356 val: acc=0.793708, f1=0.524076, auc=0.947168, bac=0.662016, sens=0.662016, spec=0.963617
Epoch [356/500] Loss=0.272468 Acc=0.913795
epoch 357 test: acc=0.775942, f1=0.461053, auc=0.933624, bac=0.590730, sens=0.590730, spec=0.961833
epoch 357 val: acc=0.791645, f1=0.519319, auc=0.945757, bac=0.658583, sens=0.658583, spec=0.963373
Epoch [357/500] Loss=0.272962 Acc=0.913885
epoch 358 test: acc=0.778782, f1=0.465763, auc=0.934661, bac=0.594503, sens=0.594503, spec=0.962105
epoch 358 val: acc=0.792161, f1=0.522067, auc=0.946540, bac=0.661686, sens=0.661686, spec=0.963542
Epoch [358/500] Loss=0.270628 Acc=0.914665
epoch 359 test: acc=0.773361, f1=0.461950, auc=0.932813, bac=0.592532, sens=0.592532, spec=0.961412
epoch 359 val: acc=0.785972, f1=0.514795, auc=0.945272, bac=0.656439, sens=0.656439, spec=0.962692
Epoch [359/500] Loss=0.271264 Acc=0.913230
epoch 360 test: acc=0.779814, f1=0.465647, auc=0.934638, bac=0.592369, sens=0.592369, spec=0.962296
epoch 360 val: acc=0.789582, f1=0.520228, auc=0.946395, bac=0.659911, sens=0.659911, spec=0.962954
Epoch [360/500] Loss=0.271403 Acc=0.913890
epoch 361 test: acc=0.778265, f1=0.463109, auc=0.934288, bac=0.592129, sens=0.592129, spec=0.962001
epoch 361 val: acc=0.793192, f1=0.522358, auc=0.946280, bac=0.660542, sens=0.660542, spec=0.963453
Epoch [361/500] Loss=0.269539 Acc=0.914500
epoch 362 test: acc=0.775168, f1=0.463065, auc=0.932941, bac=0.595974, sens=0.595974, spec=0.961863
epoch 362 val: acc=0.787004, f1=0.516850, auc=0.945513, bac=0.659048, sens=0.659048, spec=0.962807
Epoch [362/500] Loss=0.271812 Acc=0.913223
epoch 363 test: acc=0.779298, f1=0.466562, auc=0.934763, bac=0.590974, sens=0.590974, spec=0.962031
epoch 363 val: acc=0.791129, f1=0.522758, auc=0.946430, bac=0.660257, sens=0.660257, spec=0.963345
Epoch [363/500] Loss=0.268270 Acc=0.914892
epoch 364 test: acc=0.776200, f1=0.465081, auc=0.933230, bac=0.598211, sens=0.598211, spec=0.961894
epoch 364 val: acc=0.789582, f1=0.521526, auc=0.945138, bac=0.658675, sens=0.658675, spec=0.963036
Epoch [364/500] Loss=0.273369 Acc=0.913525
epoch 365 test: acc=0.777233, f1=0.463006, auc=0.933940, bac=0.592242, sens=0.592242, spec=0.961674
epoch 365 val: acc=0.793708, f1=0.523643, auc=0.946035, bac=0.660961, sens=0.660961, spec=0.963635
Epoch [365/500] Loss=0.269192 Acc=0.914890
epoch 366 test: acc=0.782137, f1=0.466495, auc=0.934801, bac=0.591495, sens=0.591495, spec=0.962604
epoch 366 val: acc=0.798350, f1=0.529570, auc=0.945867, bac=0.662871, sens=0.662871, spec=0.964219
Epoch [366/500] Loss=0.269910 Acc=0.915020
epoch 367 test: acc=0.777233, f1=0.466631, auc=0.933625, bac=0.599131, sens=0.599131, spec=0.962140
epoch 367 val: acc=0.791129, f1=0.520724, auc=0.946439, bac=0.660021, sens=0.660021, spec=0.963388
Epoch [367/500] Loss=0.271480 Acc=0.913828
epoch 368 test: acc=0.775942, f1=0.463447, auc=0.933122, bac=0.592380, sens=0.592380, spec=0.961467
epoch 368 val: acc=0.789067, f1=0.521031, auc=0.945921, bac=0.658012, sens=0.658012, spec=0.962855
Epoch [368/500] Loss=0.274268 Acc=0.912683
epoch 369 test: acc=0.779556, f1=0.467246, auc=0.934319, bac=0.597673, sens=0.597673, spec=0.962154
epoch 369 val: acc=0.790098, f1=0.519007, auc=0.947329, bac=0.657790, sens=0.657790, spec=0.963012
Epoch [369/500] Loss=0.267589 Acc=0.915600
epoch 370 test: acc=0.775168, f1=0.462783, auc=0.932853, bac=0.593650, sens=0.593650, spec=0.961730
epoch 370 val: acc=0.788035, f1=0.518260, auc=0.945923, bac=0.658384, sens=0.658384, spec=0.962940
Epoch [370/500] Loss=0.268912 Acc=0.915132
epoch 371 test: acc=0.782654, f1=0.468615, auc=0.935163, bac=0.593854, sens=0.593854, spec=0.962436
epoch 371 val: acc=0.791129, f1=0.526367, auc=0.947225, bac=0.660069, sens=0.660069, spec=0.962765
Epoch [371/500] Loss=0.270805 Acc=0.914495
epoch 372 test: acc=0.775942, f1=0.460258, auc=0.933917, bac=0.589778, sens=0.589778, spec=0.961583
epoch 372 val: acc=0.789067, f1=0.515472, auc=0.945919, bac=0.657164, sens=0.657164, spec=0.962781
Epoch [372/500] Loss=0.268733 Acc=0.914467
epoch 373 test: acc=0.776717, f1=0.462451, auc=0.934263, bac=0.590989, sens=0.590989, spec=0.961941
epoch 373 val: acc=0.789067, f1=0.521311, auc=0.945977, bac=0.659963, sens=0.659963, spec=0.963225
Epoch [373/500] Loss=0.267596 Acc=0.914912
epoch 374 test: acc=0.774135, f1=0.461456, auc=0.933302, bac=0.592965, sens=0.592965, spec=0.961528
epoch 374 val: acc=0.786488, f1=0.517543, auc=0.944911, bac=0.658471, sens=0.658471, spec=0.962727
Epoch [374/500] Loss=0.271186 Acc=0.913680
epoch 375 test: acc=0.775684, f1=0.461420, auc=0.933281, bac=0.589470, sens=0.589470, spec=0.961552
epoch 375 val: acc=0.791645, f1=0.523745, auc=0.945936, bac=0.660439, sens=0.660439, spec=0.963444
Epoch [375/500] Loss=0.270137 Acc=0.914147
epoch 376 test: acc=0.782654, f1=0.467027, auc=0.935373, bac=0.592313, sens=0.592313, spec=0.962408
epoch 376 val: acc=0.794740, f1=0.528356, auc=0.946232, bac=0.661164, sens=0.661164, spec=0.963286
Epoch [376/500] Loss=0.267423 Acc=0.915772
epoch 377 test: acc=0.777491, f1=0.464930, auc=0.933832, bac=0.595742, sens=0.595742, spec=0.961942
epoch 377 val: acc=0.791129, f1=0.520710, auc=0.946024, bac=0.659579, sens=0.659579, spec=0.963279
Epoch [377/500] Loss=0.269109 Acc=0.914435
epoch 378 test: acc=0.780847, f1=0.466816, auc=0.934855, bac=0.592213, sens=0.592213, spec=0.962131
epoch 378 val: acc=0.791129, f1=0.522603, auc=0.946590, bac=0.661492, sens=0.661492, spec=0.963261
Epoch [378/500] Loss=0.266981 Acc=0.916122
epoch 379 test: acc=0.775942, f1=0.461715, auc=0.933817, bac=0.593163, sens=0.593163, spec=0.961880
epoch 379 val: acc=0.788035, f1=0.519411, auc=0.946004, bac=0.659289, sens=0.659289, spec=0.962825
Epoch [379/500] Loss=0.268112 Acc=0.914885
epoch 380 test: acc=0.781621, f1=0.467323, auc=0.935233, bac=0.595759, sens=0.595759, spec=0.962442
epoch 380 val: acc=0.793708, f1=0.523074, auc=0.946858, bac=0.659357, sens=0.659357, spec=0.963605
Epoch [380/500] Loss=0.264192 Acc=0.916044
epoch 381 test: acc=0.776717, f1=0.464461, auc=0.933339, bac=0.595724, sens=0.595724, spec=0.962014
epoch 381 val: acc=0.790098, f1=0.523995, auc=0.945901, bac=0.659865, sens=0.659865, spec=0.963206
Epoch [381/500] Loss=0.270030 Acc=0.913778
epoch 382 test: acc=0.778523, f1=0.463819, auc=0.934442, bac=0.590640, sens=0.590640, spec=0.961840
epoch 382 val: acc=0.792677, f1=0.524149, auc=0.946594, bac=0.659880, sens=0.659880, spec=0.963245
Epoch [382/500] Loss=0.267057 Acc=0.914747
epoch 383 test: acc=0.778265, f1=0.464058, auc=0.933429, bac=0.593124, sens=0.593124, spec=0.961864
epoch 383 val: acc=0.793192, f1=0.520229, auc=0.946815, bac=0.659637, sens=0.659637, spec=0.963563
Epoch [383/500] Loss=0.268087 Acc=0.914860
epoch 384 test: acc=0.780330, f1=0.466453, auc=0.934291, bac=0.594511, sens=0.594511, spec=0.962156
epoch 384 val: acc=0.791645, f1=0.523010, auc=0.945925, bac=0.658780, sens=0.658780, spec=0.963087
Epoch [384/500] Loss=0.268918 Acc=0.914255
epoch 385 test: acc=0.777233, f1=0.464267, auc=0.933507, bac=0.593826, sens=0.593826, spec=0.961944
epoch 385 val: acc=0.789067, f1=0.520220, auc=0.945471, bac=0.658492, sens=0.658492, spec=0.962968
Epoch [385/500] Loss=0.265057 Acc=0.915792
epoch 386 test: acc=0.777749, f1=0.466301, auc=0.933721, bac=0.593338, sens=0.593338, spec=0.961781
epoch 386 val: acc=0.791645, f1=0.522906, auc=0.946882, bac=0.660684, sens=0.660684, spec=0.963575
Epoch [386/500] Loss=0.261820 Acc=0.916824
epoch 387 test: acc=0.783686, f1=0.472523, auc=0.935289, bac=0.593860, sens=0.593860, spec=0.962567
epoch 387 val: acc=0.795771, f1=0.532747, auc=0.946232, bac=0.662725, sens=0.662725, spec=0.963478
Epoch [387/500] Loss=0.266044 Acc=0.915522
epoch 388 test: acc=0.777491, f1=0.465038, auc=0.933425, bac=0.593879, sens=0.593879, spec=0.961959
epoch 388 val: acc=0.790098, f1=0.516092, auc=0.946574, bac=0.658121, sens=0.658121, spec=0.963416
Epoch [388/500] Loss=0.265783 Acc=0.915330
epoch 389 test: acc=0.775684, f1=0.461407, auc=0.933929, bac=0.592408, sens=0.592408, spec=0.961605
epoch 389 val: acc=0.791645, f1=0.521579, auc=0.945740, bac=0.660582, sens=0.660582, spec=0.963366
Epoch [389/500] Loss=0.265199 Acc=0.915592
epoch 390 test: acc=0.780072, f1=0.466892, auc=0.934602, bac=0.590865, sens=0.590865, spec=0.961909
epoch 390 val: acc=0.795255, f1=0.526707, auc=0.946604, bac=0.660591, sens=0.660591, spec=0.963599
Epoch [390/500] Loss=0.264878 Acc=0.916094
epoch 391 test: acc=0.783686, f1=0.472625, auc=0.935050, bac=0.594355, sens=0.594355, spec=0.962509
epoch 391 val: acc=0.791129, f1=0.523518, auc=0.946137, bac=0.658353, sens=0.658353, spec=0.962985
Epoch [391/500] Loss=0.263434 Acc=0.917059
epoch 392 test: acc=0.775684, f1=0.463421, auc=0.934091, bac=0.595855, sens=0.595855, spec=0.961772
epoch 392 val: acc=0.790614, f1=0.521400, auc=0.945855, bac=0.660623, sens=0.660623, spec=0.963173
Epoch [392/500] Loss=0.265385 Acc=0.915689
epoch 393 test: acc=0.777233, f1=0.465341, auc=0.933237, bac=0.594231, sens=0.594231, spec=0.961936
epoch 393 val: acc=0.789582, f1=0.525244, auc=0.946112, bac=0.660099, sens=0.660099, spec=0.963006
Epoch [393/500] Loss=0.266308 Acc=0.915684
epoch 394 test: acc=0.774652, f1=0.462701, auc=0.933631, bac=0.590789, sens=0.590789, spec=0.961662
epoch 394 val: acc=0.788035, f1=0.520247, auc=0.944860, bac=0.659242, sens=0.659242, spec=0.962952
Epoch [394/500] Loss=0.265221 Acc=0.915527
epoch 395 test: acc=0.778523, f1=0.464759, auc=0.934299, bac=0.591640, sens=0.591640, spec=0.962093
epoch 395 val: acc=0.791129, f1=0.521542, auc=0.946956, bac=0.660437, sens=0.660437, spec=0.963376
Epoch [395/500] Loss=0.266467 Acc=0.915162
epoch 396 test: acc=0.780072, f1=0.463679, auc=0.934430, bac=0.587310, sens=0.587310, spec=0.962099
epoch 396 val: acc=0.795255, f1=0.524508, auc=0.947302, bac=0.659978, sens=0.659978, spec=0.963679
Epoch [396/500] Loss=0.262749 Acc=0.916364
epoch 397 test: acc=0.780589, f1=0.468843, auc=0.935157, bac=0.595715, sens=0.595715, spec=0.962204
epoch 397 val: acc=0.793708, f1=0.526462, auc=0.946656, bac=0.661968, sens=0.661968, spec=0.963721
Epoch [397/500] Loss=0.263598 Acc=0.915887
epoch 398 test: acc=0.777491, f1=0.463491, auc=0.933593, bac=0.591422, sens=0.591422, spec=0.961935
epoch 398 val: acc=0.790098, f1=0.522801, auc=0.947694, bac=0.659592, sens=0.659592, spec=0.963107
Epoch [398/500] Loss=0.264105 Acc=0.915962
epoch 399 test: acc=0.780589, f1=0.466005, auc=0.934043, bac=0.595688, sens=0.595688, spec=0.962509
epoch 399 val: acc=0.792161, f1=0.521868, auc=0.945296, bac=0.660962, sens=0.660962, spec=0.963427
Epoch [399/500] Loss=0.263139 Acc=0.916902
epoch 400 test: acc=0.784461, f1=0.472074, auc=0.935693, bac=0.593525, sens=0.593525, spec=0.962678
epoch 400 val: acc=0.793192, f1=0.524775, auc=0.946707, bac=0.660165, sens=0.660165, spec=0.963173
Epoch [400/500] Loss=0.263851 Acc=0.916457
epoch 401 test: acc=0.774393, f1=0.462325, auc=0.933560, bac=0.591287, sens=0.591287, spec=0.961486
epoch 401 val: acc=0.790614, f1=0.522757, auc=0.945923, bac=0.660340, sens=0.660340, spec=0.963289
Epoch [401/500] Loss=0.264893 Acc=0.915822
epoch 402 test: acc=0.774393, f1=0.460470, auc=0.933401, bac=0.590698, sens=0.590698, spec=0.961634
epoch 402 val: acc=0.792161, f1=0.522560, auc=0.946678, bac=0.661442, sens=0.661442, spec=0.963630
Epoch [402/500] Loss=0.264149 Acc=0.915482
epoch 403 test: acc=0.777233, f1=0.463908, auc=0.933625, bac=0.594307, sens=0.594307, spec=0.961921
epoch 403 val: acc=0.791645, f1=0.520622, auc=0.946685, bac=0.660166, sens=0.660166, spec=0.963474
Epoch [403/500] Loss=0.264537 Acc=0.915410
epoch 404 test: acc=0.781621, f1=0.467255, auc=0.935128, bac=0.592213, sens=0.592213, spec=0.962451
epoch 404 val: acc=0.793192, f1=0.524438, auc=0.946856, bac=0.661061, sens=0.661061, spec=0.963398
Epoch [404/500] Loss=0.261643 Acc=0.916772
epoch 405 test: acc=0.781105, f1=0.468802, auc=0.934334, bac=0.593012, sens=0.593012, spec=0.962452
epoch 405 val: acc=0.793192, f1=0.525206, auc=0.946284, bac=0.661919, sens=0.661919, spec=0.963771
Epoch [405/500] Loss=0.263526 Acc=0.916392
epoch 406 test: acc=0.779814, f1=0.466789, auc=0.934785, bac=0.594433, sens=0.594433, spec=0.962238
epoch 406 val: acc=0.793192, f1=0.526917, auc=0.947118, bac=0.661061, sens=0.661061, spec=0.963522
Epoch [406/500] Loss=0.261762 Acc=0.916847
epoch 407 test: acc=0.780330, f1=0.466377, auc=0.934404, bac=0.594927, sens=0.594927, spec=0.962308
epoch 407 val: acc=0.793708, f1=0.521373, auc=0.946062, bac=0.661291, sens=0.661291, spec=0.963641
Epoch [407/500] Loss=0.262671 Acc=0.916247
epoch 408 test: acc=0.774393, f1=0.462437, auc=0.932669, bac=0.592254, sens=0.592254, spec=0.961485
epoch 408 val: acc=0.791645, f1=0.522737, auc=0.945799, bac=0.660204, sens=0.660204, spec=0.963349
Epoch [408/500] Loss=0.265277 Acc=0.915560
epoch 409 test: acc=0.778007, f1=0.464249, auc=0.933952, bac=0.593552, sens=0.593552, spec=0.961778
epoch 409 val: acc=0.792161, f1=0.520308, auc=0.947011, bac=0.660018, sens=0.660018, spec=0.963671
Epoch [409/500] Loss=0.261597 Acc=0.916797
epoch 410 test: acc=0.777233, f1=0.467667, auc=0.933274, bac=0.591628, sens=0.591628, spec=0.961967
epoch 410 val: acc=0.792161, f1=0.524614, auc=0.947379, bac=0.661969, sens=0.661969, spec=0.963663
Epoch [410/500] Loss=0.263019 Acc=0.915999
epoch 411 test: acc=0.777749, f1=0.463387, auc=0.934486, bac=0.590538, sens=0.590538, spec=0.961872
epoch 411 val: acc=0.791129, f1=0.520991, auc=0.946151, bac=0.658109, sens=0.658109, spec=0.963117
Epoch [411/500] Loss=0.262224 Acc=0.916319
epoch 412 test: acc=0.782912, f1=0.471236, auc=0.935639, bac=0.593483, sens=0.593483, spec=0.962385
epoch 412 val: acc=0.795255, f1=0.530356, auc=0.947184, bac=0.661694, sens=0.661694, spec=0.963598
Epoch [412/500] Loss=0.260091 Acc=0.917221
epoch 413 test: acc=0.781105, f1=0.467487, auc=0.934417, bac=0.596072, sens=0.596072, spec=0.962372
epoch 413 val: acc=0.792677, f1=0.523540, auc=0.946497, bac=0.660964, sens=0.660964, spec=0.963471
Epoch [413/500] Loss=0.260195 Acc=0.917199
epoch 414 test: acc=0.779814, f1=0.466037, auc=0.934864, bac=0.591590, sens=0.591590, spec=0.962156
epoch 414 val: acc=0.790614, f1=0.521737, auc=0.946492, bac=0.660010, sens=0.660010, spec=0.963184
Epoch [414/500] Loss=0.259823 Acc=0.917344
epoch 415 test: acc=0.779298, f1=0.465211, auc=0.934579, bac=0.591974, sens=0.591974, spec=0.962031
epoch 415 val: acc=0.791129, f1=0.521117, auc=0.946985, bac=0.659494, sens=0.659494, spec=0.963275
Epoch [415/500] Loss=0.259168 Acc=0.917594
epoch 416 test: acc=0.780330, f1=0.469152, auc=0.935405, bac=0.596115, sens=0.596115, spec=0.962079
epoch 416 val: acc=0.793708, f1=0.522671, auc=0.946488, bac=0.659782, sens=0.659782, spec=0.963502
Epoch [416/500] Loss=0.258702 Acc=0.917789
epoch 417 test: acc=0.780589, f1=0.468282, auc=0.934425, bac=0.593164, sens=0.593164, spec=0.962226
epoch 417 val: acc=0.792677, f1=0.526228, auc=0.945843, bac=0.661624, sens=0.661624, spec=0.963475
Epoch [417/500] Loss=0.262182 Acc=0.917191
epoch 418 test: acc=0.776975, f1=0.464779, auc=0.933720, bac=0.596007, sens=0.596007, spec=0.961991
epoch 418 val: acc=0.788551, f1=0.519975, auc=0.945693, bac=0.660282, sens=0.660282, spec=0.963015
Epoch [418/500] Loss=0.259776 Acc=0.917716
epoch 419 test: acc=0.780589, f1=0.469777, auc=0.934380, bac=0.596309, sens=0.596309, spec=0.962334
epoch 419 val: acc=0.792677, f1=0.527252, auc=0.946751, bac=0.663245, sens=0.663245, spec=0.963541
Epoch [419/500] Loss=0.263004 Acc=0.916499
epoch 420 test: acc=0.777233, f1=0.464650, auc=0.933969, bac=0.593567, sens=0.593567, spec=0.961833
epoch 420 val: acc=0.791129, f1=0.521631, auc=0.945957, bac=0.659249, sens=0.659249, spec=0.963370
Epoch [420/500] Loss=0.259219 Acc=0.917886
epoch 421 test: acc=0.779040, f1=0.466624, auc=0.933751, bac=0.591878, sens=0.591878, spec=0.961886
epoch 421 val: acc=0.793192, f1=0.525235, auc=0.947011, bac=0.660165, sens=0.660165, spec=0.963519
Epoch [421/500] Loss=0.260936 Acc=0.916382
epoch 422 test: acc=0.781879, f1=0.469083, auc=0.935596, bac=0.591272, sens=0.591272, spec=0.962214
epoch 422 val: acc=0.793708, f1=0.524607, auc=0.946997, bac=0.660309, sens=0.660309, spec=0.963376
Epoch [422/500] Loss=0.260819 Acc=0.917521
epoch 423 test: acc=0.775684, f1=0.463093, auc=0.933930, bac=0.594440, sens=0.594440, spec=0.961880
epoch 423 val: acc=0.790614, f1=0.521373, auc=0.945783, bac=0.662377, sens=0.662377, spec=0.963547
Epoch [423/500] Loss=0.258328 Acc=0.917436
epoch 424 test: acc=0.774393, f1=0.464305, auc=0.933067, bac=0.591263, sens=0.591263, spec=0.961534
epoch 424 val: acc=0.789067, f1=0.522591, auc=0.945429, bac=0.660332, sens=0.660332, spec=0.962945
Epoch [424/500] Loss=0.263705 Acc=0.916034
epoch 425 test: acc=0.775942, f1=0.461996, auc=0.933254, bac=0.592220, sens=0.592220, spec=0.961857
epoch 425 val: acc=0.790098, f1=0.520717, auc=0.945970, bac=0.659630, sens=0.659630, spec=0.963227
Epoch [425/500] Loss=0.260030 Acc=0.916694
epoch 426 test: acc=0.781621, f1=0.468742, auc=0.934827, bac=0.592929, sens=0.592929, spec=0.962297
epoch 426 val: acc=0.792161, f1=0.522216, auc=0.947784, bac=0.657934, sens=0.657934, spec=0.963167
Epoch [426/500] Loss=0.259466 Acc=0.917209
epoch 427 test: acc=0.778782, f1=0.464598, auc=0.934345, bac=0.592018, sens=0.592018, spec=0.961939
epoch 427 val: acc=0.792677, f1=0.524984, auc=0.945849, bac=0.660398, sens=0.660398, spec=0.963465
Epoch [427/500] Loss=0.258728 Acc=0.917157
epoch 428 test: acc=0.783686, f1=0.472250, auc=0.934941, bac=0.593785, sens=0.593785, spec=0.962569
epoch 428 val: acc=0.794740, f1=0.526636, auc=0.946958, bac=0.659834, sens=0.659834, spec=0.963502
Epoch [428/500] Loss=0.260051 Acc=0.917361
epoch 429 test: acc=0.777749, f1=0.465857, auc=0.933743, bac=0.592673, sens=0.592673, spec=0.961901
epoch 429 val: acc=0.791645, f1=0.522734, auc=0.947130, bac=0.661430, sens=0.661430, spec=0.963451
Epoch [429/500] Loss=0.262185 Acc=0.916437
epoch 430 test: acc=0.784719, f1=0.476466, auc=0.934212, bac=0.596327, sens=0.596327, spec=0.962444
epoch 430 val: acc=0.794740, f1=0.527783, auc=0.946517, bac=0.661785, sens=0.661785, spec=0.963722
Epoch [430/500] Loss=0.259911 Acc=0.917631
epoch 431 test: acc=0.776717, f1=0.463005, auc=0.933328, bac=0.591654, sens=0.591654, spec=0.961784
epoch 431 val: acc=0.789582, f1=0.521711, auc=0.946347, bac=0.658723, sens=0.658723, spec=0.962928
Epoch [431/500] Loss=0.259405 Acc=0.917309
epoch 432 test: acc=0.781879, f1=0.469604, auc=0.934510, bac=0.589539, sens=0.589539, spec=0.962475
epoch 432 val: acc=0.794224, f1=0.529328, auc=0.945917, bac=0.662678, sens=0.662678, spec=0.963783
Epoch [432/500] Loss=0.256796 Acc=0.918511
epoch 433 test: acc=0.782654, f1=0.472271, auc=0.935237, bac=0.594165, sens=0.594165, spec=0.962414
epoch 433 val: acc=0.793192, f1=0.524112, auc=0.946877, bac=0.660251, sens=0.660251, spec=0.963298
Epoch [433/500] Loss=0.257705 Acc=0.918581
epoch 434 test: acc=0.776975, f1=0.465428, auc=0.933778, bac=0.595394, sens=0.595394, spec=0.961974
epoch 434 val: acc=0.791645, f1=0.523107, auc=0.945217, bac=0.661297, sens=0.661297, spec=0.963564
Epoch [434/500] Loss=0.256477 Acc=0.917586
epoch 435 test: acc=0.778007, f1=0.465179, auc=0.933773, bac=0.594448, sens=0.594448, spec=0.961878
epoch 435 val: acc=0.792677, f1=0.523114, auc=0.946156, bac=0.659588, sens=0.659588, spec=0.963353
Epoch [435/500] Loss=0.259575 Acc=0.917049
epoch 436 test: acc=0.782137, f1=0.470087, auc=0.933927, bac=0.592904, sens=0.592904, spec=0.962107
epoch 436 val: acc=0.793192, f1=0.526424, auc=0.945119, bac=0.661391, sens=0.661391, spec=0.963398
Epoch [436/500] Loss=0.258637 Acc=0.918391
epoch 437 test: acc=0.775426, f1=0.461811, auc=0.932965, bac=0.593420, sens=0.593420, spec=0.961632
epoch 437 val: acc=0.791129, f1=0.519378, auc=0.946752, bac=0.657307, sens=0.657307, spec=0.963168
Epoch [437/500] Loss=0.260761 Acc=0.916452
epoch 438 test: acc=0.776200, f1=0.463074, auc=0.933246, bac=0.592716, sens=0.592716, spec=0.961767
epoch 438 val: acc=0.789582, f1=0.519469, auc=0.946684, bac=0.659533, sens=0.659533, spec=0.963286
Epoch [438/500] Loss=0.258089 Acc=0.917701
epoch 439 test: acc=0.778007, f1=0.465709, auc=0.933621, bac=0.595631, sens=0.595631, spec=0.962128
epoch 439 val: acc=0.790614, f1=0.523286, auc=0.946685, bac=0.661150, sens=0.661150, spec=0.963405
Epoch [439/500] Loss=0.256640 Acc=0.918466
epoch 440 test: acc=0.781363, f1=0.468609, auc=0.935009, bac=0.592358, sens=0.592358, spec=0.962135
epoch 440 val: acc=0.793708, f1=0.526210, auc=0.946830, bac=0.661818, sens=0.661818, spec=0.963364
Epoch [440/500] Loss=0.257531 Acc=0.918316
epoch 441 test: acc=0.782395, f1=0.472632, auc=0.935623, bac=0.596224, sens=0.596224, spec=0.962404
epoch 441 val: acc=0.792677, f1=0.524359, auc=0.947750, bac=0.660303, sens=0.660303, spec=0.963322
Epoch [441/500] Loss=0.256832 Acc=0.917941
epoch 442 test: acc=0.781621, f1=0.471019, auc=0.934863, bac=0.594222, sens=0.594222, spec=0.962288
epoch 442 val: acc=0.794224, f1=0.526833, auc=0.947002, bac=0.661208, sens=0.661208, spec=0.963535
Epoch [442/500] Loss=0.255928 Acc=0.918841
epoch 443 test: acc=0.775684, f1=0.464307, auc=0.933694, bac=0.594722, sens=0.594722, spec=0.961672
epoch 443 val: acc=0.792161, f1=0.525136, auc=0.945527, bac=0.662903, sens=0.662903, spec=0.963727
Epoch [443/500] Loss=0.256929 Acc=0.917756
epoch 444 test: acc=0.778782, f1=0.466182, auc=0.933472, bac=0.593437, sens=0.593437, spec=0.962037
epoch 444 val: acc=0.793708, f1=0.528069, auc=0.945758, bac=0.661685, sens=0.661685, spec=0.963586
Epoch [444/500] Loss=0.255626 Acc=0.918978
epoch 445 test: acc=0.777749, f1=0.467246, auc=0.932699, bac=0.594399, sens=0.594399, spec=0.961761
epoch 445 val: acc=0.792677, f1=0.523109, auc=0.946398, bac=0.660634, sens=0.660634, spec=0.963477
Epoch [445/500] Loss=0.258815 Acc=0.916727
epoch 446 test: acc=0.782137, f1=0.474264, auc=0.934515, bac=0.599803, sens=0.599803, spec=0.962443
epoch 446 val: acc=0.793708, f1=0.529069, auc=0.947134, bac=0.661685, sens=0.661685, spec=0.963598
Epoch [446/500] Loss=0.257556 Acc=0.917964
epoch 447 test: acc=0.776975, f1=0.463757, auc=0.933602, bac=0.591820, sens=0.591820, spec=0.961781
epoch 447 val: acc=0.792161, f1=0.522695, auc=0.946551, bac=0.660301, sens=0.660301, spec=0.963399
Epoch [447/500] Loss=0.254116 Acc=0.919206
epoch 448 test: acc=0.779814, f1=0.465071, auc=0.933910, bac=0.592335, sens=0.592335, spec=0.962019
epoch 448 val: acc=0.793708, f1=0.524226, auc=0.946082, bac=0.662016, sens=0.662016, spec=0.963631
Epoch [448/500] Loss=0.256036 Acc=0.917764
epoch 449 test: acc=0.778782, f1=0.467460, auc=0.933996, bac=0.597149, sens=0.597149, spec=0.961928
epoch 449 val: acc=0.793192, f1=0.525848, auc=0.947458, bac=0.660975, sens=0.660975, spec=0.963770
Epoch [449/500] Loss=0.256826 Acc=0.917466
epoch 450 test: acc=0.781621, f1=0.472607, auc=0.934434, bac=0.594330, sens=0.594330, spec=0.961999
epoch 450 val: acc=0.794740, f1=0.523695, auc=0.947077, bac=0.660739, sens=0.660739, spec=0.963765
Epoch [450/500] Loss=0.257851 Acc=0.917304
epoch 451 test: acc=0.779814, f1=0.469214, auc=0.934558, bac=0.592345, sens=0.592345, spec=0.961864
epoch 451 val: acc=0.790614, f1=0.523933, auc=0.947492, bac=0.658539, sens=0.658539, spec=0.962884
Epoch [451/500] Loss=0.256400 Acc=0.918211
epoch 452 test: acc=0.776200, f1=0.465658, auc=0.933999, bac=0.597375, sens=0.597375, spec=0.961807
epoch 452 val: acc=0.793192, f1=0.523807, auc=0.946679, bac=0.660251, sens=0.660251, spec=0.963653
Epoch [452/500] Loss=0.256286 Acc=0.918364
epoch 453 test: acc=0.779556, f1=0.470068, auc=0.933523, bac=0.594817, sens=0.594817, spec=0.961982
epoch 453 val: acc=0.793192, f1=0.528782, auc=0.945938, bac=0.663955, sens=0.663955, spec=0.963624
Epoch [453/500] Loss=0.257776 Acc=0.917696
epoch 454 test: acc=0.778007, f1=0.464109, auc=0.933485, bac=0.591185, sens=0.591185, spec=0.961852
epoch 454 val: acc=0.791645, f1=0.524142, auc=0.945916, bac=0.660534, sens=0.660534, spec=0.963322
Epoch [454/500] Loss=0.255924 Acc=0.918579
epoch 455 test: acc=0.784202, f1=0.473679, auc=0.935390, bac=0.596037, sens=0.596037, spec=0.962518
epoch 455 val: acc=0.793708, f1=0.524228, auc=0.946587, bac=0.659074, sens=0.659074, spec=0.963359
Epoch [455/500] Loss=0.252504 Acc=0.919778
epoch 456 test: acc=0.777491, f1=0.468376, auc=0.932989, bac=0.595364, sens=0.595364, spec=0.961756
epoch 456 val: acc=0.790098, f1=0.522868, auc=0.947405, bac=0.659535, sens=0.659535, spec=0.963213
Epoch [456/500] Loss=0.258077 Acc=0.917012
epoch 457 test: acc=0.774652, f1=0.461035, auc=0.932997, bac=0.591671, sens=0.591671, spec=0.961682
epoch 457 val: acc=0.790614, f1=0.523332, auc=0.946757, bac=0.660868, sens=0.660868, spec=0.963297
Epoch [457/500] Loss=0.257140 Acc=0.917324
epoch 458 test: acc=0.780072, f1=0.469833, auc=0.934595, bac=0.592662, sens=0.592662, spec=0.961948
epoch 458 val: acc=0.794224, f1=0.527447, auc=0.946671, bac=0.661538, sens=0.661538, spec=0.963680
Epoch [458/500] Loss=0.255152 Acc=0.918674
epoch 459 test: acc=0.782654, f1=0.472603, auc=0.934132, bac=0.593308, sens=0.593308, spec=0.962227
epoch 459 val: acc=0.793708, f1=0.526242, auc=0.947145, bac=0.658877, sens=0.658877, spec=0.963353
Epoch [459/500] Loss=0.257251 Acc=0.918184
epoch 460 test: acc=0.782137, f1=0.469323, auc=0.934373, bac=0.593357, sens=0.593357, spec=0.962302
epoch 460 val: acc=0.793708, f1=0.527073, auc=0.946667, bac=0.661158, sens=0.661158, spec=0.963603
Epoch [460/500] Loss=0.252660 Acc=0.919548
epoch 461 test: acc=0.774135, f1=0.459717, auc=0.933737, bac=0.589012, sens=0.589012, spec=0.961552
epoch 461 val: acc=0.790098, f1=0.519634, auc=0.945900, bac=0.660818, sens=0.660818, spec=0.963478
Epoch [461/500] Loss=0.252001 Acc=0.919643
epoch 462 test: acc=0.779040, f1=0.465552, auc=0.934387, bac=0.592208, sens=0.592208, spec=0.961833
epoch 462 val: acc=0.795255, f1=0.527350, auc=0.947736, bac=0.661732, sens=0.661732, spec=0.963682
Epoch [462/500] Loss=0.254715 Acc=0.918761
epoch 463 test: acc=0.776200, f1=0.464356, auc=0.933141, bac=0.591344, sens=0.591344, spec=0.961408
epoch 463 val: acc=0.791645, f1=0.525027, auc=0.947201, bac=0.660534, sens=0.660534, spec=0.963303
Epoch [463/500] Loss=0.256463 Acc=0.917811
epoch 464 test: acc=0.778007, f1=0.470284, auc=0.933158, bac=0.594117, sens=0.594117, spec=0.961526
epoch 464 val: acc=0.793708, f1=0.527802, auc=0.946566, bac=0.661638, sens=0.661638, spec=0.963577
Epoch [464/500] Loss=0.258472 Acc=0.917574
epoch 465 test: acc=0.779814, f1=0.466272, auc=0.933835, bac=0.588043, sens=0.588043, spec=0.962056
epoch 465 val: acc=0.791645, f1=0.523565, auc=0.947193, bac=0.659063, sens=0.659063, spec=0.963325
Epoch [465/500] Loss=0.253904 Acc=0.918888
epoch 466 test: acc=0.782654, f1=0.471660, auc=0.935016, bac=0.592883, sens=0.592883, spec=0.962225
epoch 466 val: acc=0.792677, f1=0.524830, auc=0.946762, bac=0.660964, sens=0.660964, spec=0.963199
Epoch [466/500] Loss=0.249654 Acc=0.920116
epoch 467 test: acc=0.779556, f1=0.466224, auc=0.933866, bac=0.589818, sens=0.589818, spec=0.962175
epoch 467 val: acc=0.792677, f1=0.525807, auc=0.946656, bac=0.661624, sens=0.661624, spec=0.963445
Epoch [467/500] Loss=0.252698 Acc=0.919221
epoch 468 test: acc=0.779040, f1=0.468154, auc=0.933941, bac=0.595641, sens=0.595641, spec=0.962017
epoch 468 val: acc=0.792677, f1=0.523622, auc=0.946616, bac=0.661341, sens=0.661341, spec=0.963474
Epoch [468/500] Loss=0.252680 Acc=0.919151
epoch 469 test: acc=0.782654, f1=0.473209, auc=0.934674, bac=0.595986, sens=0.595986, spec=0.962241
epoch 469 val: acc=0.792677, f1=0.523551, auc=0.947783, bac=0.659210, sens=0.659210, spec=0.963214
Epoch [469/500] Loss=0.253625 Acc=0.919486
epoch 470 test: acc=0.776200, f1=0.464261, auc=0.933068, bac=0.593330, sens=0.593330, spec=0.961687
epoch 470 val: acc=0.790098, f1=0.521601, auc=0.946133, bac=0.658537, sens=0.658537, spec=0.962990
Epoch [470/500] Loss=0.256217 Acc=0.918124
epoch 471 test: acc=0.780847, f1=0.466101, auc=0.934216, bac=0.588472, sens=0.588472, spec=0.962177
epoch 471 val: acc=0.791645, f1=0.527149, auc=0.947821, bac=0.659826, sens=0.659826, spec=0.963025
Epoch [471/500] Loss=0.255295 Acc=0.918696
epoch 472 test: acc=0.776200, f1=0.467289, auc=0.932610, bac=0.594112, sens=0.594112, spec=0.961687
epoch 472 val: acc=0.791645, f1=0.523820, auc=0.946391, bac=0.660534, sens=0.660534, spec=0.963336
Epoch [472/500] Loss=0.253493 Acc=0.918641
epoch 473 test: acc=0.783686, f1=0.474994, auc=0.935227, bac=0.596887, sens=0.596887, spec=0.962423
epoch 473 val: acc=0.792677, f1=0.527127, auc=0.948109, bac=0.661161, sens=0.661161, spec=0.963443
Epoch [473/500] Loss=0.253200 Acc=0.919143
epoch 474 test: acc=0.779556, f1=0.467440, auc=0.934351, bac=0.589818, sens=0.589818, spec=0.961916
epoch 474 val: acc=0.791129, f1=0.531181, auc=0.945443, bac=0.660098, sens=0.660098, spec=0.963208
Epoch [474/500] Loss=0.250195 Acc=0.920540
epoch 475 test: acc=0.779814, f1=0.468094, auc=0.933998, bac=0.597961, sens=0.597961, spec=0.962016
epoch 475 val: acc=0.794224, f1=0.523303, auc=0.946509, bac=0.660114, sens=0.660114, spec=0.963688
Epoch [475/500] Loss=0.251429 Acc=0.919806
epoch 476 test: acc=0.779040, f1=0.471372, auc=0.933959, bac=0.592491, sens=0.592491, spec=0.961812
epoch 476 val: acc=0.793708, f1=0.529513, auc=0.945765, bac=0.663195, sens=0.663195, spec=0.963565
Epoch [476/500] Loss=0.250520 Acc=0.920605
epoch 477 test: acc=0.778523, f1=0.466579, auc=0.933082, bac=0.592818, sens=0.592818, spec=0.962050
epoch 477 val: acc=0.794224, f1=0.528019, auc=0.947217, bac=0.661821, sens=0.661821, spec=0.963639
Epoch [477/500] Loss=0.254010 Acc=0.918234
epoch 478 test: acc=0.783944, f1=0.470364, auc=0.934928, bac=0.589814, sens=0.589814, spec=0.962365
epoch 478 val: acc=0.793708, f1=0.523528, auc=0.948838, bac=0.659404, sens=0.659404, spec=0.963489
Epoch [478/500] Loss=0.251839 Acc=0.919891
epoch 479 test: acc=0.782137, f1=0.473540, auc=0.934534, bac=0.596789, sens=0.596789, spec=0.962215
epoch 479 val: acc=0.791645, f1=0.529942, auc=0.947428, bac=0.658450, sens=0.658450, spec=0.963064
Epoch [479/500] Loss=0.250257 Acc=0.920615
epoch 480 test: acc=0.778523, f1=0.471804, auc=0.934405, bac=0.597383, sens=0.597383, spec=0.961777
epoch 480 val: acc=0.790614, f1=0.524770, auc=0.946459, bac=0.660245, sens=0.660245, spec=0.963265
Epoch [480/500] Loss=0.250797 Acc=0.919856
epoch 481 test: acc=0.780072, f1=0.471379, auc=0.934041, bac=0.596180, sens=0.596180, spec=0.962073
epoch 481 val: acc=0.793708, f1=0.526858, auc=0.947455, bac=0.660780, sens=0.660780, spec=0.963686
Epoch [481/500] Loss=0.252084 Acc=0.919271
epoch 482 test: acc=0.778265, f1=0.467979, auc=0.933527, bac=0.594174, sens=0.594174, spec=0.961938
epoch 482 val: acc=0.792677, f1=0.526908, auc=0.947361, bac=0.662632, sens=0.662632, spec=0.963553
Epoch [482/500] Loss=0.250513 Acc=0.919888
epoch 483 test: acc=0.781363, f1=0.472220, auc=0.934325, bac=0.598087, sens=0.598087, spec=0.962095
epoch 483 val: acc=0.793708, f1=0.524231, auc=0.946619, bac=0.659490, sens=0.659490, spec=0.963366
Epoch [483/500] Loss=0.250939 Acc=0.919788
epoch 484 test: acc=0.777749, f1=0.465156, auc=0.933817, bac=0.592989, sens=0.592989, spec=0.961708
epoch 484 val: acc=0.794224, f1=0.526717, auc=0.946938, bac=0.660728, sens=0.660728, spec=0.963533
Epoch [484/500] Loss=0.250692 Acc=0.919616
epoch 485 test: acc=0.776458, f1=0.468190, auc=0.933311, bac=0.592341, sens=0.592341, spec=0.961799
epoch 485 val: acc=0.789582, f1=0.531593, auc=0.946904, bac=0.660429, sens=0.660429, spec=0.962889
Epoch [485/500] Loss=0.249978 Acc=0.920051
epoch 486 test: acc=0.787042, f1=0.481501, auc=0.935578, bac=0.597231, sens=0.597231, spec=0.962677
epoch 486 val: acc=0.794224, f1=0.534127, auc=0.947747, bac=0.659162, sens=0.659162, spec=0.963261
Epoch [486/500] Loss=0.253359 Acc=0.919573
epoch 487 test: acc=0.777491, f1=0.466164, auc=0.933838, bac=0.592983, sens=0.592983, spec=0.961591
epoch 487 val: acc=0.791645, f1=0.526664, auc=0.945790, bac=0.661713, sens=0.661713, spec=0.963177
Epoch [487/500] Loss=0.250475 Acc=0.920450
epoch 488 test: acc=0.779556, f1=0.469721, auc=0.933399, bac=0.592867, sens=0.592867, spec=0.961794
epoch 488 val: acc=0.794740, f1=0.528971, auc=0.947218, bac=0.662775, sens=0.662775, spec=0.963713
Epoch [488/500] Loss=0.255681 Acc=0.918589
epoch 489 test: acc=0.778007, f1=0.468000, auc=0.933597, bac=0.594853, sens=0.594853, spec=0.961666
epoch 489 val: acc=0.790614, f1=0.521643, auc=0.947138, bac=0.657729, sens=0.657729, spec=0.962937
Epoch [489/500] Loss=0.254027 Acc=0.918376
epoch 490 test: acc=0.779814, f1=0.468857, auc=0.933995, bac=0.594678, sens=0.594678, spec=0.962049
epoch 490 val: acc=0.793192, f1=0.523368, auc=0.947450, bac=0.659440, sens=0.659440, spec=0.963294
Epoch [490/500] Loss=0.252306 Acc=0.918936
epoch 491 test: acc=0.780847, f1=0.472013, auc=0.934276, bac=0.594014, sens=0.594014, spec=0.962143
epoch 491 val: acc=0.791129, f1=0.531743, auc=0.946831, bac=0.661616, sens=0.661616, spec=0.963220
Epoch [491/500] Loss=0.253264 Acc=0.919266
epoch 492 test: acc=0.781363, f1=0.468430, auc=0.934800, bac=0.587161, sens=0.587161, spec=0.962190
epoch 492 val: acc=0.795255, f1=0.535845, auc=0.946326, bac=0.663477, sens=0.663477, spec=0.963768
Epoch [492/500] Loss=0.250878 Acc=0.919861
epoch 493 test: acc=0.781105, f1=0.473385, auc=0.934092, bac=0.593874, sens=0.593874, spec=0.962065
epoch 493 val: acc=0.791129, f1=0.530131, auc=0.947001, bac=0.657778, sens=0.657778, spec=0.962977
Epoch [493/500] Loss=0.249334 Acc=0.919973
epoch 494 test: acc=0.779814, f1=0.467719, auc=0.934610, bac=0.593274, sens=0.593274, spec=0.961935
epoch 494 val: acc=0.792677, f1=0.522511, auc=0.946536, bac=0.659674, sens=0.659674, spec=0.963233
Epoch [494/500] Loss=0.250252 Acc=0.920493
epoch 495 test: acc=0.785751, f1=0.477447, auc=0.934953, bac=0.596587, sens=0.596587, spec=0.962521
epoch 495 val: acc=0.796802, f1=0.533305, auc=0.948361, bac=0.663927, sens=0.663927, spec=0.963862
Epoch [495/500] Loss=0.252579 Acc=0.919451
epoch 496 test: acc=0.782654, f1=0.473747, auc=0.935298, bac=0.596481, sens=0.596481, spec=0.962241
epoch 496 val: acc=0.792677, f1=0.530333, auc=0.946835, bac=0.659871, sens=0.659871, spec=0.963230
Epoch [496/500] Loss=0.247241 Acc=0.921163
epoch 497 test: acc=0.778782, f1=0.470389, auc=0.933982, bac=0.596182, sens=0.596182, spec=0.962093
epoch 497 val: acc=0.791645, f1=0.522275, auc=0.946069, bac=0.660007, sens=0.660007, spec=0.963335
Epoch [497/500] Loss=0.251339 Acc=0.918993
epoch 498 test: acc=0.776458, f1=0.467486, auc=0.933556, bac=0.590392, sens=0.590392, spec=0.961671
epoch 498 val: acc=0.791645, f1=0.526669, auc=0.946536, bac=0.661383, sens=0.661383, spec=0.963287
Epoch [498/500] Loss=0.251285 Acc=0.919771
epoch 499 test: acc=0.775942, f1=0.465833, auc=0.933538, bac=0.594512, sens=0.594512, spec=0.961595
epoch 499 val: acc=0.792161, f1=0.522926, auc=0.945803, bac=0.659199, sens=0.659199, spec=0.963279
Epoch [499/500] Loss=0.250523 Acc=0.919611
Best val acc=0.798350, best test acc=0.787042
