Stage2 start: 2026-02-03 14:25:05
epoch 0 test: acc=0.705731, f1=0.323397, auc=0.873669, bac=0.467391, sens=0.467391, spec=0.941055
epoch 0 val: acc=0.714286, f1=0.344144, auc=0.848026, bac=0.454785, sens=0.454785, spec=0.943214
Epoch [0/500] Loss=1.799112 Acc=0.397393
epoch 1 test: acc=0.697470, f1=0.341728, auc=0.889167, bac=0.479591, sens=0.479591, spec=0.946474
epoch 1 val: acc=0.707581, f1=0.350890, auc=0.866517, bac=0.465317, sens=0.465317, spec=0.947426
Epoch [1/500] Loss=1.497650 Acc=0.598081
epoch 2 test: acc=0.708828, f1=0.372760, auc=0.899501, bac=0.535357, sens=0.535357, spec=0.950021
epoch 2 val: acc=0.703455, f1=0.358531, auc=0.883499, bac=0.507925, sens=0.507925, spec=0.948169
Epoch [2/500] Loss=1.312967 Acc=0.671195
epoch 3 test: acc=0.704956, f1=0.384465, auc=0.905297, bac=0.548270, sens=0.548270, spec=0.950501
epoch 3 val: acc=0.705518, f1=0.381869, auc=0.893461, bac=0.542384, sens=0.542384, spec=0.949406
Epoch [3/500] Loss=1.187857 Acc=0.708431
epoch 4 test: acc=0.700310, f1=0.382295, auc=0.908119, bac=0.547711, sens=0.547711, spec=0.950347
epoch 4 val: acc=0.708613, f1=0.392459, auc=0.899080, bac=0.548330, sens=0.548330, spec=0.950353
Epoch [4/500] Loss=1.094153 Acc=0.727530
epoch 5 test: acc=0.702375, f1=0.386901, auc=0.911373, bac=0.551576, sens=0.551576, spec=0.950811
epoch 5 val: acc=0.710160, f1=0.394659, auc=0.903963, bac=0.551224, sens=0.551224, spec=0.950915
Epoch [5/500] Loss=1.030941 Acc=0.740553
epoch 6 test: acc=0.707021, f1=0.395449, auc=0.913672, bac=0.558649, sens=0.558649, spec=0.951461
epoch 6 val: acc=0.711707, f1=0.398276, auc=0.907506, bac=0.554400, sens=0.554400, spec=0.951407
Epoch [6/500] Loss=0.978434 Acc=0.753956
epoch 7 test: acc=0.705731, f1=0.398135, auc=0.915046, bac=0.562668, sens=0.562668, spec=0.951572
epoch 7 val: acc=0.712223, f1=0.400073, auc=0.911375, bac=0.556667, sens=0.556667, spec=0.951502
Epoch [7/500] Loss=0.928605 Acc=0.762484
epoch 8 test: acc=0.705214, f1=0.394592, auc=0.916498, bac=0.561572, sens=0.561572, spec=0.951387
epoch 8 val: acc=0.714286, f1=0.402120, auc=0.914274, bac=0.558187, sens=0.558187, spec=0.951990
Epoch [8/500] Loss=0.895225 Acc=0.766115
epoch 9 test: acc=0.705214, f1=0.393993, auc=0.916675, bac=0.560152, sens=0.560152, spec=0.951675
epoch 9 val: acc=0.712739, f1=0.400685, auc=0.914542, bac=0.557651, sens=0.557651, spec=0.952016
Epoch [9/500] Loss=0.865646 Acc=0.772618
epoch 10 test: acc=0.712442, f1=0.398004, auc=0.919302, bac=0.584100, sens=0.584100, spec=0.952752
epoch 10 val: acc=0.718412, f1=0.409162, auc=0.918207, bac=0.562132, sens=0.562132, spec=0.952741
Epoch [10/500] Loss=0.828496 Acc=0.780375
epoch 11 test: acc=0.710893, f1=0.399302, auc=0.919383, bac=0.586817, sens=0.586817, spec=0.952481
epoch 11 val: acc=0.717896, f1=0.409893, auc=0.918778, bac=0.560084, sens=0.560084, spec=0.952670
Epoch [11/500] Loss=0.818019 Acc=0.781055
epoch 12 test: acc=0.713216, f1=0.398533, auc=0.920998, bac=0.561901, sens=0.561901, spec=0.952759
epoch 12 val: acc=0.723053, f1=0.415717, auc=0.920208, bac=0.566513, sens=0.566513, spec=0.953219
Epoch [12/500] Loss=0.791441 Acc=0.788295
epoch 13 test: acc=0.713733, f1=0.401321, auc=0.921052, bac=0.588101, sens=0.588101, spec=0.952814
epoch 13 val: acc=0.721506, f1=0.414069, auc=0.920474, bac=0.564836, sens=0.564836, spec=0.953104
Epoch [13/500] Loss=0.772414 Acc=0.791484
epoch 14 test: acc=0.715539, f1=0.406024, auc=0.921706, bac=0.593301, sens=0.593301, spec=0.953149
epoch 14 val: acc=0.724085, f1=0.416185, auc=0.921838, bac=0.567650, sens=0.567650, spec=0.953505
Epoch [14/500] Loss=0.753467 Acc=0.794236
epoch 15 test: acc=0.715539, f1=0.404582, auc=0.922902, bac=0.594032, sens=0.594032, spec=0.953097
epoch 15 val: acc=0.724600, f1=0.418158, auc=0.922688, bac=0.578114, sens=0.578114, spec=0.953787
Epoch [15/500] Loss=0.739741 Acc=0.797642
epoch 16 test: acc=0.714249, f1=0.404227, auc=0.922285, bac=0.570611, sens=0.570611, spec=0.953050
epoch 16 val: acc=0.726147, f1=0.420713, auc=0.922670, bac=0.577350, sens=0.577350, spec=0.953945
Epoch [16/500] Loss=0.724843 Acc=0.799094
epoch 17 test: acc=0.717088, f1=0.401117, auc=0.923812, bac=0.561456, sens=0.561456, spec=0.953299
epoch 17 val: acc=0.730789, f1=0.428093, auc=0.924617, bac=0.581598, sens=0.581598, spec=0.954542
Epoch [17/500] Loss=0.717443 Acc=0.799484
epoch 18 test: acc=0.723542, f1=0.411148, auc=0.924363, bac=0.595980, sens=0.595980, spec=0.954101
epoch 18 val: acc=0.731821, f1=0.426929, auc=0.925864, bac=0.581509, sens=0.581509, spec=0.954863
Epoch [18/500] Loss=0.697856 Acc=0.807434
epoch 19 test: acc=0.719153, f1=0.405342, auc=0.924031, bac=0.560400, sens=0.560400, spec=0.953755
epoch 19 val: acc=0.726147, f1=0.425643, auc=0.925707, bac=0.587152, sens=0.587152, spec=0.953929
Epoch [19/500] Loss=0.687442 Acc=0.807339
epoch 20 test: acc=0.724574, f1=0.410823, auc=0.925205, bac=0.575836, sens=0.575836, spec=0.954125
epoch 20 val: acc=0.730789, f1=0.425635, auc=0.926649, bac=0.579883, sens=0.579883, spec=0.954535
Epoch [20/500] Loss=0.679679 Acc=0.810881
epoch 21 test: acc=0.724058, f1=0.413686, auc=0.924899, bac=0.603015, sens=0.603015, spec=0.954369
epoch 21 val: acc=0.731305, f1=0.428706, auc=0.926338, bac=0.589546, sens=0.589546, spec=0.954847
Epoch [21/500] Loss=0.668382 Acc=0.812200
epoch 22 test: acc=0.726639, f1=0.410832, auc=0.925961, bac=0.573078, sens=0.573078, spec=0.954578
epoch 22 val: acc=0.735431, f1=0.427980, auc=0.927529, bac=0.582227, sens=0.582227, spec=0.955119
Epoch [22/500] Loss=0.661111 Acc=0.815064
epoch 23 test: acc=0.724832, f1=0.410119, auc=0.925553, bac=0.585663, sens=0.585663, spec=0.954377
epoch 23 val: acc=0.731305, f1=0.424237, auc=0.927466, bac=0.580593, sens=0.580593, spec=0.954725
Epoch [23/500] Loss=0.647301 Acc=0.816229
epoch 24 test: acc=0.726381, f1=0.409315, auc=0.926218, bac=0.583634, sens=0.583634, spec=0.954690
epoch 24 val: acc=0.733883, f1=0.423893, auc=0.927123, bac=0.576458, sens=0.576458, spec=0.955037
Epoch [24/500] Loss=0.640911 Acc=0.817666
epoch 25 test: acc=0.728188, f1=0.410238, auc=0.926269, bac=0.560234, sens=0.560234, spec=0.954810
epoch 25 val: acc=0.736978, f1=0.430937, auc=0.928656, bac=0.581944, sens=0.581944, spec=0.955202
Epoch [25/500] Loss=0.638148 Acc=0.818945
epoch 26 test: acc=0.723025, f1=0.404394, auc=0.926049, bac=0.556077, sens=0.556077, spec=0.954161
epoch 26 val: acc=0.732852, f1=0.423653, auc=0.927724, bac=0.576547, sens=0.576547, spec=0.954997
Epoch [26/500] Loss=0.627815 Acc=0.820288
epoch 27 test: acc=0.733351, f1=0.410916, auc=0.927404, bac=0.561681, sens=0.561681, spec=0.955508
epoch 27 val: acc=0.741104, f1=0.434539, auc=0.929123, bac=0.592181, sens=0.592181, spec=0.955729
Epoch [27/500] Loss=0.614212 Acc=0.824641
epoch 28 test: acc=0.732834, f1=0.417012, auc=0.927755, bac=0.565327, sens=0.565327, spec=0.955297
epoch 28 val: acc=0.740072, f1=0.434222, auc=0.929925, bac=0.585948, sens=0.585948, spec=0.955741
Epoch [28/500] Loss=0.610276 Acc=0.825686
epoch 29 test: acc=0.727155, f1=0.408925, auc=0.927027, bac=0.563732, sens=0.563732, spec=0.954857
epoch 29 val: acc=0.738009, f1=0.431575, auc=0.928245, bac=0.583561, sens=0.583561, spec=0.955706
Epoch [29/500] Loss=0.612522 Acc=0.822899
epoch 30 test: acc=0.732060, f1=0.409966, auc=0.928096, bac=0.562877, sens=0.562877, spec=0.955272
epoch 30 val: acc=0.739556, f1=0.433606, auc=0.930510, bac=0.584907, sens=0.584907, spec=0.955645
Epoch [30/500] Loss=0.604783 Acc=0.826061
epoch 31 test: acc=0.734641, f1=0.417818, auc=0.927957, bac=0.571816, sens=0.571816, spec=0.955748
epoch 31 val: acc=0.738525, f1=0.431922, auc=0.931253, bac=0.583375, sens=0.583375, spec=0.955517
Epoch [31/500] Loss=0.592220 Acc=0.829782
epoch 32 test: acc=0.734641, f1=0.418975, auc=0.928214, bac=0.571650, sens=0.571650, spec=0.955602
epoch 32 val: acc=0.739041, f1=0.433617, auc=0.931618, bac=0.584896, sens=0.584896, spec=0.955446
Epoch [32/500] Loss=0.586183 Acc=0.829497
epoch 33 test: acc=0.735674, f1=0.415610, auc=0.928250, bac=0.568982, sens=0.568982, spec=0.955868
epoch 33 val: acc=0.740588, f1=0.429120, auc=0.930823, bac=0.580567, sens=0.580567, spec=0.955780
Epoch [33/500] Loss=0.584570 Acc=0.830767
epoch 34 test: acc=0.734899, f1=0.416722, auc=0.928398, bac=0.569572, sens=0.569572, spec=0.955738
epoch 34 val: acc=0.740072, f1=0.429075, auc=0.930713, bac=0.581328, sens=0.581328, spec=0.955739
Epoch [34/500] Loss=0.574374 Acc=0.833973
epoch 35 test: acc=0.734383, f1=0.415402, auc=0.928352, bac=0.568932, sens=0.568932, spec=0.955906
epoch 35 val: acc=0.743167, f1=0.430871, auc=0.930129, bac=0.581373, sens=0.581373, spec=0.956134
Epoch [35/500] Loss=0.575146 Acc=0.833601
epoch 36 test: acc=0.739804, f1=0.426362, auc=0.929008, bac=0.597002, sens=0.597002, spec=0.956462
epoch 36 val: acc=0.741619, f1=0.429717, auc=0.932080, bac=0.581203, sens=0.581203, spec=0.955819
Epoch [36/500] Loss=0.569229 Acc=0.834353
epoch 37 test: acc=0.737223, f1=0.417383, auc=0.928691, bac=0.568750, sens=0.568750, spec=0.956319
epoch 37 val: acc=0.742651, f1=0.432387, auc=0.930709, bac=0.582992, sens=0.582992, spec=0.956026
Epoch [37/500] Loss=0.568057 Acc=0.834850
epoch 38 test: acc=0.741353, f1=0.427126, auc=0.929259, bac=0.599189, sens=0.599189, spec=0.956744
epoch 38 val: acc=0.744714, f1=0.436697, auc=0.932613, bac=0.587434, sens=0.587434, spec=0.956275
Epoch [38/500] Loss=0.559404 Acc=0.836957
epoch 39 test: acc=0.741353, f1=0.419942, auc=0.930094, bac=0.572964, sens=0.572964, spec=0.956726
epoch 39 val: acc=0.745229, f1=0.434190, auc=0.931905, bac=0.584948, sens=0.584948, spec=0.956303
Epoch [39/500] Loss=0.560169 Acc=0.837579
epoch 40 test: acc=0.741094, f1=0.426431, auc=0.929347, bac=0.580065, sens=0.580065, spec=0.956917
epoch 40 val: acc=0.742135, f1=0.431690, auc=0.933088, bac=0.585478, sens=0.585478, spec=0.955909
Epoch [40/500] Loss=0.554444 Acc=0.838104
epoch 41 test: acc=0.742127, f1=0.423748, auc=0.929774, bac=0.575193, sens=0.575193, spec=0.956888
epoch 41 val: acc=0.745229, f1=0.435362, auc=0.933098, bac=0.588710, sens=0.588710, spec=0.956315
Epoch [41/500] Loss=0.548686 Acc=0.840676
epoch 42 test: acc=0.742127, f1=0.415518, auc=0.929738, bac=0.569936, sens=0.569936, spec=0.956884
epoch 42 val: acc=0.745229, f1=0.434366, auc=0.931646, bac=0.585231, sens=0.585231, spec=0.956294
Epoch [42/500] Loss=0.545260 Acc=0.840306
epoch 43 test: acc=0.742901, f1=0.423448, auc=0.929632, bac=0.580096, sens=0.580096, spec=0.957057
epoch 43 val: acc=0.745229, f1=0.433363, auc=0.932335, bac=0.584665, sens=0.584665, spec=0.956339
Epoch [43/500] Loss=0.536369 Acc=0.842538
epoch 44 test: acc=0.743676, f1=0.429536, auc=0.929423, bac=0.577870, sens=0.577870, spec=0.957145
epoch 44 val: acc=0.742651, f1=0.429596, auc=0.933079, bac=0.579767, sens=0.579767, spec=0.955945
Epoch [44/500] Loss=0.536038 Acc=0.841993
epoch 45 test: acc=0.745999, f1=0.429620, auc=0.930167, bac=0.601057, sens=0.601057, spec=0.957204
epoch 45 val: acc=0.745229, f1=0.432179, auc=0.934002, bac=0.582581, sens=0.582581, spec=0.956198
Epoch [45/500] Loss=0.532519 Acc=0.842793
epoch 46 test: acc=0.743160, f1=0.427742, auc=0.929557, bac=0.577325, sens=0.577325, spec=0.956951
epoch 46 val: acc=0.743682, f1=0.427306, auc=0.933316, bac=0.572197, sens=0.572197, spec=0.956238
Epoch [46/500] Loss=0.527374 Acc=0.844272
epoch 47 test: acc=0.745999, f1=0.431197, auc=0.929756, bac=0.583043, sens=0.583043, spec=0.957284
epoch 47 val: acc=0.745229, f1=0.433274, auc=0.933426, bac=0.583760, sens=0.583760, spec=0.956176
Epoch [47/500] Loss=0.532375 Acc=0.842770
epoch 48 test: acc=0.746515, f1=0.426468, auc=0.929714, bac=0.575519, sens=0.575519, spec=0.957328
epoch 48 val: acc=0.745745, f1=0.432527, auc=0.933435, bac=0.581906, sens=0.581906, spec=0.956129
Epoch [48/500] Loss=0.528223 Acc=0.844070
epoch 49 test: acc=0.745741, f1=0.430504, auc=0.930127, bac=0.577689, sens=0.577689, spec=0.957167
epoch 49 val: acc=0.745229, f1=0.430029, auc=0.934500, bac=0.573997, sens=0.573997, spec=0.956139
Epoch [49/500] Loss=0.521610 Acc=0.846397
epoch 50 test: acc=0.745225, f1=0.426759, auc=0.929553, bac=0.578138, sens=0.578138, spec=0.957361
epoch 50 val: acc=0.746777, f1=0.431439, auc=0.932986, bac=0.584137, sens=0.584137, spec=0.956526
Epoch [50/500] Loss=0.519498 Acc=0.845564
epoch 51 test: acc=0.746257, f1=0.428918, auc=0.930508, bac=0.609990, sens=0.609990, spec=0.957294
epoch 51 val: acc=0.748840, f1=0.434338, auc=0.934690, bac=0.581003, sens=0.581003, spec=0.956817
Epoch [51/500] Loss=0.511559 Acc=0.847516
epoch 52 test: acc=0.748838, f1=0.433121, auc=0.930788, bac=0.583718, sens=0.583718, spec=0.957451
epoch 52 val: acc=0.747808, f1=0.435465, auc=0.935099, bac=0.584528, sens=0.584528, spec=0.956591
Epoch [52/500] Loss=0.514898 Acc=0.847544
epoch 53 test: acc=0.748838, f1=0.430424, auc=0.930471, bac=0.580921, sens=0.580921, spec=0.957704
epoch 53 val: acc=0.749871, f1=0.434151, auc=0.934960, bac=0.580301, sens=0.580301, spec=0.956949
Epoch [53/500] Loss=0.506731 Acc=0.849696
epoch 54 test: acc=0.749097, f1=0.435497, auc=0.930534, bac=0.588500, sens=0.588500, spec=0.957796
epoch 54 val: acc=0.745745, f1=0.430122, auc=0.934853, bac=0.573764, sens=0.573764, spec=0.956423
Epoch [54/500] Loss=0.505549 Acc=0.849193
epoch 55 test: acc=0.750387, f1=0.433348, auc=0.930690, bac=0.583930, sens=0.583930, spec=0.957925
epoch 55 val: acc=0.747292, f1=0.431331, auc=0.935094, bac=0.574913, sens=0.574913, spec=0.956532
Epoch [55/500] Loss=0.505150 Acc=0.849548
epoch 56 test: acc=0.749871, f1=0.435332, auc=0.930820, bac=0.586157, sens=0.586157, spec=0.957725
epoch 56 val: acc=0.747808, f1=0.430968, auc=0.935358, bac=0.574152, sens=0.574152, spec=0.956718
Epoch [56/500] Loss=0.504658 Acc=0.850018
epoch 57 test: acc=0.750129, f1=0.430145, auc=0.930990, bac=0.580569, sens=0.580569, spec=0.957678
epoch 57 val: acc=0.749871, f1=0.432900, auc=0.934745, bac=0.575153, sens=0.575153, spec=0.956867
Epoch [57/500] Loss=0.499061 Acc=0.850885
epoch 58 test: acc=0.748838, f1=0.431341, auc=0.930714, bac=0.581062, sens=0.581062, spec=0.957829
epoch 58 val: acc=0.750387, f1=0.434406, auc=0.934862, bac=0.577656, sens=0.577656, spec=0.957297
Epoch [58/500] Loss=0.496095 Acc=0.851975
epoch 59 test: acc=0.748580, f1=0.429832, auc=0.931297, bac=0.578237, sens=0.578237, spec=0.957531
epoch 59 val: acc=0.753481, f1=0.436397, auc=0.934876, bac=0.577860, sens=0.577860, spec=0.957686
Epoch [59/500] Loss=0.491898 Acc=0.852285
epoch 60 test: acc=0.750129, f1=0.430730, auc=0.930937, bac=0.580569, sens=0.580569, spec=0.957798
epoch 60 val: acc=0.750903, f1=0.434893, auc=0.934124, bac=0.577470, sens=0.577470, spec=0.957229
Epoch [60/500] Loss=0.493067 Acc=0.852770
epoch 61 test: acc=0.752969, f1=0.435550, auc=0.931838, bac=0.588045, sens=0.588045, spec=0.958131
epoch 61 val: acc=0.752450, f1=0.435166, auc=0.936137, bac=0.577723, sens=0.577723, spec=0.957359
Epoch [61/500] Loss=0.487337 Acc=0.855221
epoch 62 test: acc=0.749355, f1=0.431746, auc=0.931125, bac=0.585042, sens=0.585042, spec=0.957754
epoch 62 val: acc=0.751418, f1=0.437501, auc=0.935342, bac=0.585859, sens=0.585859, spec=0.957329
Epoch [62/500] Loss=0.485356 Acc=0.855844
epoch 63 test: acc=0.750903, f1=0.434768, auc=0.931262, bac=0.585946, sens=0.585946, spec=0.957709
epoch 63 val: acc=0.752965, f1=0.437406, auc=0.934823, bac=0.579234, sens=0.579234, spec=0.957479
Epoch [63/500] Loss=0.483512 Acc=0.856134
epoch 64 test: acc=0.751162, f1=0.433506, auc=0.931066, bac=0.583557, sens=0.583557, spec=0.957881
epoch 64 val: acc=0.752965, f1=0.433555, auc=0.935159, bac=0.577480, sens=0.577480, spec=0.957495
Epoch [64/500] Loss=0.481856 Acc=0.855696
epoch 65 test: acc=0.750903, f1=0.437179, auc=0.931094, bac=0.587228, sens=0.587228, spec=0.957970
epoch 65 val: acc=0.750387, f1=0.432891, auc=0.935765, bac=0.575816, sens=0.575816, spec=0.957090
Epoch [65/500] Loss=0.482188 Acc=0.855684
epoch 66 test: acc=0.753485, f1=0.434874, auc=0.932146, bac=0.586101, sens=0.586101, spec=0.958105
epoch 66 val: acc=0.753481, f1=0.436809, auc=0.936094, bac=0.577295, sens=0.577295, spec=0.957309
Epoch [66/500] Loss=0.479770 Acc=0.857001
epoch 67 test: acc=0.752969, f1=0.436505, auc=0.931866, bac=0.586334, sens=0.586334, spec=0.958109
epoch 67 val: acc=0.752450, f1=0.434621, auc=0.936321, bac=0.575394, sens=0.575394, spec=0.957080
Epoch [67/500] Loss=0.481344 Acc=0.856034
epoch 68 test: acc=0.753227, f1=0.432972, auc=0.931824, bac=0.581643, sens=0.581643, spec=0.957952
epoch 68 val: acc=0.753481, f1=0.437044, auc=0.935605, bac=0.577625, sens=0.577625, spec=0.957525
Epoch [68/500] Loss=0.475730 Acc=0.858930
epoch 69 test: acc=0.751162, f1=0.437194, auc=0.931647, bac=0.612606, sens=0.612606, spec=0.957876
epoch 69 val: acc=0.754513, f1=0.433479, auc=0.936196, bac=0.577574, sens=0.577574, spec=0.957651
Epoch [69/500] Loss=0.470175 Acc=0.858785
epoch 70 test: acc=0.751420, f1=0.433197, auc=0.931864, bac=0.581402, sens=0.581402, spec=0.957933
epoch 70 val: acc=0.750903, f1=0.436062, auc=0.935655, bac=0.577375, sens=0.577375, spec=0.957048
Epoch [70/500] Loss=0.469291 Acc=0.858408
epoch 71 test: acc=0.750903, f1=0.433744, auc=0.931374, bac=0.585333, sens=0.585333, spec=0.957773
epoch 71 val: acc=0.752965, f1=0.433520, auc=0.935616, bac=0.577566, sens=0.577566, spec=0.957400
Epoch [71/500] Loss=0.471897 Acc=0.857930
epoch 72 test: acc=0.752194, f1=0.432318, auc=0.932046, bac=0.585736, sens=0.585736, spec=0.957971
epoch 72 val: acc=0.755028, f1=0.435119, auc=0.936123, bac=0.577294, sens=0.577294, spec=0.957630
Epoch [72/500] Loss=0.467382 Acc=0.859837
epoch 73 test: acc=0.751420, f1=0.433967, auc=0.931689, bac=0.586798, sens=0.586798, spec=0.957954
epoch 73 val: acc=0.751934, f1=0.432020, auc=0.936236, bac=0.576720, sens=0.576720, spec=0.957512
Epoch [73/500] Loss=0.466922 Acc=0.858893
epoch 74 test: acc=0.754259, f1=0.436386, auc=0.932355, bac=0.582997, sens=0.582997, spec=0.957995
epoch 74 val: acc=0.757607, f1=0.443907, auc=0.935934, bac=0.589099, sens=0.589099, spec=0.957975
Epoch [74/500] Loss=0.465761 Acc=0.860457
epoch 75 test: acc=0.753227, f1=0.433794, auc=0.931535, bac=0.585438, sens=0.585438, spec=0.958181
epoch 75 val: acc=0.752965, f1=0.433151, auc=0.935851, bac=0.576340, sens=0.576340, spec=0.957358
Epoch [75/500] Loss=0.463951 Acc=0.860220
epoch 76 test: acc=0.757357, f1=0.437061, auc=0.932913, bac=0.584150, sens=0.584150, spec=0.958540
epoch 76 val: acc=0.759154, f1=0.438710, auc=0.936931, bac=0.580399, sens=0.580399, spec=0.958100
Epoch [76/500] Loss=0.461202 Acc=0.862007
epoch 77 test: acc=0.755034, f1=0.436070, auc=0.932502, bac=0.585415, sens=0.585415, spec=0.958107
epoch 77 val: acc=0.753997, f1=0.433533, auc=0.936539, bac=0.577109, sens=0.577109, spec=0.957539
Epoch [77/500] Loss=0.456748 Acc=0.862981
epoch 78 test: acc=0.755034, f1=0.435332, auc=0.933044, bac=0.582982, sens=0.582982, spec=0.958155
epoch 78 val: acc=0.757091, f1=0.439398, auc=0.937371, bac=0.579397, sens=0.579397, spec=0.957824
Epoch [78/500] Loss=0.454042 Acc=0.862911
epoch 79 test: acc=0.756324, f1=0.436703, auc=0.932549, bac=0.588149, sens=0.588149, spec=0.958339
epoch 79 val: acc=0.756060, f1=0.437726, auc=0.937847, bac=0.577497, sens=0.577497, spec=0.957801
Epoch [79/500] Loss=0.454385 Acc=0.863014
epoch 80 test: acc=0.752710, f1=0.435590, auc=0.931551, bac=0.584601, sens=0.584601, spec=0.958397
epoch 80 val: acc=0.750387, f1=0.433763, auc=0.936011, bac=0.575241, sens=0.575241, spec=0.957119
Epoch [80/500] Loss=0.454149 Acc=0.862574
epoch 81 test: acc=0.757357, f1=0.437984, auc=0.932906, bac=0.584027, sens=0.584027, spec=0.958492
epoch 81 val: acc=0.757091, f1=0.438016, auc=0.937323, bac=0.577644, sens=0.577644, spec=0.958065
Epoch [81/500] Loss=0.451528 Acc=0.864441
epoch 82 test: acc=0.753743, f1=0.431697, auc=0.931767, bac=0.582027, sens=0.582027, spec=0.958200
epoch 82 val: acc=0.754513, f1=0.441841, auc=0.936317, bac=0.618201, sens=0.618201, spec=0.957630
Epoch [82/500] Loss=0.451338 Acc=0.863554
epoch 83 test: acc=0.758131, f1=0.438338, auc=0.933251, bac=0.584456, sens=0.584456, spec=0.958568
epoch 83 val: acc=0.759670, f1=0.441339, auc=0.937168, bac=0.579355, sens=0.579355, spec=0.958130
Epoch [83/500] Loss=0.450094 Acc=0.864541
epoch 84 test: acc=0.754517, f1=0.437535, auc=0.931959, bac=0.585555, sens=0.585555, spec=0.958334
epoch 84 val: acc=0.754513, f1=0.434572, auc=0.936892, bac=0.576914, sens=0.576914, spec=0.957557
Epoch [84/500] Loss=0.450292 Acc=0.863891
epoch 85 test: acc=0.758906, f1=0.439609, auc=0.933000, bac=0.589078, sens=0.589078, spec=0.958576
epoch 85 val: acc=0.760186, f1=0.438657, auc=0.937628, bac=0.580263, sens=0.580263, spec=0.958258
Epoch [85/500] Loss=0.449284 Acc=0.864743
epoch 86 test: acc=0.758131, f1=0.436131, auc=0.932949, bac=0.581358, sens=0.581358, spec=0.958467
epoch 86 val: acc=0.759670, f1=0.437300, auc=0.937711, bac=0.579317, sens=0.579317, spec=0.958218
Epoch [86/500] Loss=0.444983 Acc=0.865448
epoch 87 test: acc=0.755292, f1=0.437340, auc=0.931855, bac=0.586271, sens=0.586271, spec=0.958426
epoch 87 val: acc=0.756060, f1=0.436988, auc=0.936499, bac=0.579242, sens=0.579242, spec=0.957871
Epoch [87/500] Loss=0.447253 Acc=0.864806
epoch 88 test: acc=0.756324, f1=0.436061, auc=0.932214, bac=0.583692, sens=0.583692, spec=0.958527
epoch 88 val: acc=0.753481, f1=0.433245, auc=0.937392, bac=0.575627, sens=0.575627, spec=0.957310
Epoch [88/500] Loss=0.444029 Acc=0.864848
epoch 89 test: acc=0.757357, f1=0.435523, auc=0.932667, bac=0.583910, sens=0.583910, spec=0.958611
epoch 89 val: acc=0.755544, f1=0.434962, auc=0.937218, bac=0.578013, sens=0.578013, spec=0.957643
Epoch [89/500] Loss=0.442304 Acc=0.865308
epoch 90 test: acc=0.755292, f1=0.437376, auc=0.932537, bac=0.607124, sens=0.607124, spec=0.958275
epoch 90 val: acc=0.757091, f1=0.436258, auc=0.937386, bac=0.577729, sens=0.577729, spec=0.957816
Epoch [90/500] Loss=0.441087 Acc=0.866303
epoch 91 test: acc=0.757615, f1=0.437691, auc=0.932455, bac=0.587982, sens=0.587982, spec=0.958634
epoch 91 val: acc=0.752965, f1=0.432729, auc=0.937087, bac=0.574916, sens=0.574916, spec=0.957123
Epoch [91/500] Loss=0.441823 Acc=0.864646
epoch 92 test: acc=0.757873, f1=0.438143, auc=0.932675, bac=0.586898, sens=0.586898, spec=0.958615
epoch 92 val: acc=0.758123, f1=0.447191, auc=0.936990, bac=0.620389, sens=0.620389, spec=0.957923
Epoch [92/500] Loss=0.438954 Acc=0.867227
epoch 93 test: acc=0.755808, f1=0.438097, auc=0.931900, bac=0.584921, sens=0.584921, spec=0.958495
epoch 93 val: acc=0.757091, f1=0.436666, auc=0.936691, bac=0.578343, sens=0.578343, spec=0.957917
Epoch [93/500] Loss=0.439619 Acc=0.865813
epoch 94 test: acc=0.758647, f1=0.437672, auc=0.932569, bac=0.585029, sens=0.585029, spec=0.958672
epoch 94 val: acc=0.758638, f1=0.439314, auc=0.936961, bac=0.581528, sens=0.581528, spec=0.958023
Epoch [94/500] Loss=0.435938 Acc=0.867153
epoch 95 test: acc=0.760196, f1=0.439141, auc=0.932884, bac=0.586827, sens=0.586827, spec=0.958859
epoch 95 val: acc=0.759670, f1=0.439530, auc=0.937729, bac=0.581062, sens=0.581062, spec=0.958270
Epoch [95/500] Loss=0.435306 Acc=0.867845
epoch 96 test: acc=0.759422, f1=0.438621, auc=0.932918, bac=0.587477, sens=0.587477, spec=0.958730
epoch 96 val: acc=0.759154, f1=0.447976, auc=0.937693, bac=0.621394, sens=0.621394, spec=0.958183
Epoch [96/500] Loss=0.432314 Acc=0.869159
epoch 97 test: acc=0.758389, f1=0.436632, auc=0.932407, bac=0.583014, sens=0.583014, spec=0.958695
epoch 97 val: acc=0.758123, f1=0.438794, auc=0.936887, bac=0.580243, sens=0.580243, spec=0.958041
Epoch [97/500] Loss=0.433291 Acc=0.868197
epoch 98 test: acc=0.760196, f1=0.439720, auc=0.933082, bac=0.589891, sens=0.589891, spec=0.958903
epoch 98 val: acc=0.756576, f1=0.435481, auc=0.937914, bac=0.577019, sens=0.577019, spec=0.957629
Epoch [98/500] Loss=0.430148 Acc=0.869434
epoch 99 test: acc=0.759938, f1=0.436986, auc=0.932998, bac=0.582697, sens=0.582697, spec=0.958752
epoch 99 val: acc=0.761217, f1=0.440116, auc=0.937608, bac=0.580345, sens=0.580345, spec=0.958135
Epoch [99/500] Loss=0.427962 Acc=0.869579
epoch 100 test: acc=0.756840, f1=0.436224, auc=0.932458, bac=0.584402, sens=0.584402, spec=0.958606
epoch 100 val: acc=0.756060, f1=0.437732, auc=0.937046, bac=0.579855, sens=0.579855, spec=0.957871
Epoch [100/500] Loss=0.431356 Acc=0.867842
epoch 101 test: acc=0.760971, f1=0.439066, auc=0.933615, bac=0.586977, sens=0.586977, spec=0.958783
epoch 101 val: acc=0.761733, f1=0.439760, auc=0.938974, bac=0.579782, sens=0.579782, spec=0.958340
Epoch [101/500] Loss=0.426196 Acc=0.870389
epoch 102 test: acc=0.757357, f1=0.436926, auc=0.932491, bac=0.582391, sens=0.582391, spec=0.958605
epoch 102 val: acc=0.755544, f1=0.436961, auc=0.936767, bac=0.578617, sens=0.578617, spec=0.957554
Epoch [102/500] Loss=0.428601 Acc=0.869284
epoch 103 test: acc=0.760196, f1=0.439188, auc=0.933008, bac=0.587543, sens=0.587543, spec=0.958938
epoch 103 val: acc=0.758123, f1=0.437109, auc=0.938152, bac=0.577679, sens=0.577679, spec=0.957704
Epoch [103/500] Loss=0.420808 Acc=0.871816
epoch 104 test: acc=0.759422, f1=0.439287, auc=0.933055, bac=0.587378, sens=0.587378, spec=0.958703
epoch 104 val: acc=0.761217, f1=0.439383, auc=0.938251, bac=0.579685, sens=0.579685, spec=0.958167
Epoch [104/500] Loss=0.420439 Acc=0.871871
epoch 105 test: acc=0.759938, f1=0.438376, auc=0.933383, bac=0.584491, sens=0.584491, spec=0.958760
epoch 105 val: acc=0.759670, f1=0.438020, auc=0.938475, bac=0.578253, sens=0.578253, spec=0.958038
Epoch [105/500] Loss=0.422725 Acc=0.870531
epoch 106 test: acc=0.762261, f1=0.442011, auc=0.933378, bac=0.591647, sens=0.591647, spec=0.959216
epoch 106 val: acc=0.761733, f1=0.450873, auc=0.938351, bac=0.623633, sens=0.623633, spec=0.958187
Epoch [106/500] Loss=0.423774 Acc=0.870534
epoch 107 test: acc=0.758389, f1=0.440921, auc=0.932660, bac=0.588056, sens=0.588056, spec=0.958648
epoch 107 val: acc=0.755028, f1=0.436354, auc=0.938199, bac=0.578434, sens=0.578434, spec=0.957499
Epoch [107/500] Loss=0.419514 Acc=0.871284
epoch 108 test: acc=0.761745, f1=0.440296, auc=0.933420, bac=0.586604, sens=0.586604, spec=0.958955
epoch 108 val: acc=0.761733, f1=0.440987, auc=0.938764, bac=0.580395, sens=0.580395, spec=0.958167
Epoch [108/500] Loss=0.415382 Acc=0.873313
epoch 109 test: acc=0.760712, f1=0.440916, auc=0.933180, bac=0.587597, sens=0.587597, spec=0.958936
epoch 109 val: acc=0.762764, f1=0.441064, auc=0.939102, bac=0.581116, sens=0.581116, spec=0.958479
Epoch [109/500] Loss=0.418734 Acc=0.872113
epoch 110 test: acc=0.759680, f1=0.439074, auc=0.932652, bac=0.586479, sens=0.586479, spec=0.958891
epoch 110 val: acc=0.759154, f1=0.438782, auc=0.937455, bac=0.578769, sens=0.578769, spec=0.957825
Epoch [110/500] Loss=0.417039 Acc=0.873046
epoch 111 test: acc=0.756840, f1=0.439427, auc=0.932431, bac=0.587667, sens=0.587667, spec=0.958502
epoch 111 val: acc=0.758123, f1=0.437924, auc=0.937965, bac=0.579630, sens=0.579630, spec=0.957955
Epoch [111/500] Loss=0.416334 Acc=0.873116
epoch 112 test: acc=0.760196, f1=0.439859, auc=0.933113, bac=0.586392, sens=0.586392, spec=0.958823
epoch 112 val: acc=0.761217, f1=0.441632, auc=0.938409, bac=0.582776, sens=0.582776, spec=0.958481
Epoch [112/500] Loss=0.416758 Acc=0.872126
epoch 113 test: acc=0.759938, f1=0.438613, auc=0.932743, bac=0.584613, sens=0.584613, spec=0.958835
epoch 113 val: acc=0.759670, f1=0.438089, auc=0.938286, bac=0.578498, sens=0.578498, spec=0.957933
Epoch [113/500] Loss=0.415963 Acc=0.872773
epoch 114 test: acc=0.760196, f1=0.440230, auc=0.933461, bac=0.585675, sens=0.585675, spec=0.958840
epoch 114 val: acc=0.758123, f1=0.438707, auc=0.939068, bac=0.578489, sens=0.578489, spec=0.957545
Epoch [114/500] Loss=0.413259 Acc=0.872828
epoch 115 test: acc=0.761745, f1=0.439668, auc=0.933485, bac=0.587123, sens=0.587123, spec=0.958914
epoch 115 val: acc=0.762764, f1=0.439230, auc=0.938925, bac=0.579032, sens=0.579032, spec=0.958491
Epoch [115/500] Loss=0.412603 Acc=0.873803
epoch 116 test: acc=0.757615, f1=0.435935, auc=0.933429, bac=0.581850, sens=0.581850, spec=0.958495
epoch 116 val: acc=0.761217, f1=0.439736, auc=0.938851, bac=0.579685, sens=0.579685, spec=0.958121
Epoch [116/500] Loss=0.407596 Acc=0.875065
epoch 117 test: acc=0.758647, f1=0.436474, auc=0.933216, bac=0.582730, sens=0.582730, spec=0.958710
epoch 117 val: acc=0.760186, f1=0.441252, auc=0.937987, bac=0.581047, sens=0.581047, spec=0.957961
Epoch [117/500] Loss=0.411944 Acc=0.873188
epoch 118 test: acc=0.760971, f1=0.439219, auc=0.932998, bac=0.586029, sens=0.586029, spec=0.958926
epoch 118 val: acc=0.760186, f1=0.440907, auc=0.937730, bac=0.580434, sens=0.580434, spec=0.957824
Epoch [118/500] Loss=0.415135 Acc=0.872878
epoch 119 test: acc=0.763294, f1=0.441325, auc=0.933695, bac=0.588861, sens=0.588861, spec=0.959182
epoch 119 val: acc=0.764827, f1=0.443112, auc=0.938837, bac=0.582118, sens=0.582118, spec=0.958502
Epoch [119/500] Loss=0.410341 Acc=0.874585
epoch 120 test: acc=0.753485, f1=0.433650, auc=0.932378, bac=0.581457, sens=0.581457, spec=0.957980
epoch 120 val: acc=0.760186, f1=0.439216, auc=0.937700, bac=0.580472, sens=0.580472, spec=0.958361
Epoch [120/500] Loss=0.409066 Acc=0.874688
epoch 121 test: acc=0.758647, f1=0.438926, auc=0.933242, bac=0.585003, sens=0.585003, spec=0.958558
epoch 121 val: acc=0.763280, f1=0.441749, auc=0.938241, bac=0.581252, sens=0.581252, spec=0.958531
Epoch [121/500] Loss=0.407877 Acc=0.874618
epoch 122 test: acc=0.760712, f1=0.439582, auc=0.934062, bac=0.585839, sens=0.585839, spec=0.958789
epoch 122 val: acc=0.766374, f1=0.444923, auc=0.938669, bac=0.583061, sens=0.583061, spec=0.958816
Epoch [122/500] Loss=0.402585 Acc=0.876649
epoch 123 test: acc=0.758389, f1=0.438034, auc=0.932726, bac=0.585402, sens=0.585402, spec=0.958693
epoch 123 val: acc=0.762249, f1=0.442913, auc=0.937907, bac=0.582001, sens=0.582001, spec=0.958223
Epoch [123/500] Loss=0.406603 Acc=0.874700
epoch 124 test: acc=0.762519, f1=0.440792, auc=0.933507, bac=0.586989, sens=0.586989, spec=0.959039
epoch 124 val: acc=0.766374, f1=0.445280, auc=0.939381, bac=0.583626, sens=0.583626, spec=0.958815
Epoch [124/500] Loss=0.399648 Acc=0.876954
epoch 125 test: acc=0.763810, f1=0.441025, auc=0.933903, bac=0.585993, sens=0.585993, spec=0.959136
epoch 125 val: acc=0.765343, f1=0.443661, auc=0.938848, bac=0.581923, sens=0.581923, spec=0.958666
Epoch [125/500] Loss=0.401425 Acc=0.876090
epoch 126 test: acc=0.760196, f1=0.439685, auc=0.933149, bac=0.586863, sens=0.586863, spec=0.958787
epoch 126 val: acc=0.764827, f1=0.444485, auc=0.938402, bac=0.583297, sens=0.583297, spec=0.958703
Epoch [126/500] Loss=0.402521 Acc=0.876475
epoch 127 test: acc=0.760196, f1=0.441106, auc=0.933070, bac=0.589155, sens=0.589155, spec=0.958835
epoch 127 val: acc=0.765859, f1=0.445844, auc=0.939070, bac=0.584104, sens=0.584104, spec=0.958854
Epoch [127/500] Loss=0.397952 Acc=0.877812
epoch 128 test: acc=0.762519, f1=0.440601, auc=0.933619, bac=0.587178, sens=0.587178, spec=0.959168
epoch 128 val: acc=0.766890, f1=0.445686, auc=0.939187, bac=0.584778, sens=0.584778, spec=0.959020
Epoch [128/500] Loss=0.400977 Acc=0.877737
epoch 129 test: acc=0.756840, f1=0.438793, auc=0.932745, bac=0.584785, sens=0.584785, spec=0.958392
epoch 129 val: acc=0.762249, f1=0.444525, auc=0.937779, bac=0.583180, sens=0.583180, spec=0.958204
Epoch [129/500] Loss=0.402193 Acc=0.875622
epoch 130 test: acc=0.757615, f1=0.438768, auc=0.932853, bac=0.587223, sens=0.587223, spec=0.958618
epoch 130 val: acc=0.763280, f1=0.443007, auc=0.938263, bac=0.583044, sens=0.583044, spec=0.958530
Epoch [130/500] Loss=0.403586 Acc=0.875260
epoch 131 test: acc=0.762003, f1=0.440048, auc=0.933229, bac=0.586157, sens=0.586157, spec=0.959026
epoch 131 val: acc=0.765859, f1=0.444632, auc=0.938953, bac=0.583199, sens=0.583199, spec=0.958859
Epoch [131/500] Loss=0.400945 Acc=0.876497
epoch 132 test: acc=0.764584, f1=0.446086, auc=0.934151, bac=0.586929, sens=0.586929, spec=0.959155
epoch 132 val: acc=0.767922, f1=0.445979, auc=0.939733, bac=0.583832, sens=0.583832, spec=0.959027
Epoch [132/500] Loss=0.399100 Acc=0.877724
epoch 133 test: acc=0.761229, f1=0.441509, auc=0.933411, bac=0.591901, sens=0.591901, spec=0.959086
epoch 133 val: acc=0.765859, f1=0.444106, auc=0.939038, bac=0.583199, sens=0.583199, spec=0.958990
Epoch [133/500] Loss=0.399521 Acc=0.876657
epoch 134 test: acc=0.761229, f1=0.438224, auc=0.933683, bac=0.586054, sens=0.586054, spec=0.958990
epoch 134 val: acc=0.766374, f1=0.444085, auc=0.939672, bac=0.582683, sens=0.582683, spec=0.958945
Epoch [134/500] Loss=0.395980 Acc=0.877524
epoch 135 test: acc=0.765875, f1=0.444533, auc=0.934176, bac=0.590832, sens=0.590832, spec=0.959605
epoch 135 val: acc=0.767922, f1=0.444463, auc=0.940748, bac=0.582644, sens=0.582644, spec=0.959283
Epoch [135/500] Loss=0.393756 Acc=0.878072
epoch 136 test: acc=0.766391, f1=0.445262, auc=0.934244, bac=0.591574, sens=0.591574, spec=0.959602
epoch 136 val: acc=0.767922, f1=0.445060, auc=0.940228, bac=0.583587, sens=0.583587, spec=0.959292
Epoch [136/500] Loss=0.394344 Acc=0.878611
epoch 137 test: acc=0.760971, f1=0.439308, auc=0.933554, bac=0.589014, sens=0.589014, spec=0.958927
epoch 137 val: acc=0.764312, f1=0.443752, auc=0.939590, bac=0.582625, sens=0.582625, spec=0.958750
Epoch [137/500] Loss=0.390441 Acc=0.879186
epoch 138 test: acc=0.762261, f1=0.439907, auc=0.933226, bac=0.586535, sens=0.586535, spec=0.959134
epoch 138 val: acc=0.766890, f1=0.446429, auc=0.939874, bac=0.584817, sens=0.584817, spec=0.959105
Epoch [138/500] Loss=0.393051 Acc=0.877834
epoch 139 test: acc=0.764584, f1=0.443016, auc=0.934334, bac=0.587830, sens=0.587830, spec=0.959247
epoch 139 val: acc=0.769985, f1=0.448745, auc=0.939706, bac=0.586539, sens=0.586539, spec=0.959432
Epoch [139/500] Loss=0.389832 Acc=0.879728
epoch 140 test: acc=0.763294, f1=0.442870, auc=0.933231, bac=0.590752, sens=0.590752, spec=0.959250
epoch 140 val: acc=0.765859, f1=0.444706, auc=0.939739, bac=0.584095, sens=0.584095, spec=0.959217
Epoch [140/500] Loss=0.392777 Acc=0.878609
epoch 141 test: acc=0.761487, f1=0.442146, auc=0.933463, bac=0.586979, sens=0.586979, spec=0.958907
epoch 141 val: acc=0.765859, f1=0.444234, auc=0.939347, bac=0.582916, sens=0.582916, spec=0.958978
Epoch [141/500] Loss=0.391774 Acc=0.879099
epoch 142 test: acc=0.761745, f1=0.442225, auc=0.933666, bac=0.587480, sens=0.587480, spec=0.959014
epoch 142 val: acc=0.766890, f1=0.445855, auc=0.939566, bac=0.584289, sens=0.584289, spec=0.959106
Epoch [142/500] Loss=0.389992 Acc=0.879316
epoch 143 test: acc=0.758647, f1=0.439163, auc=0.933207, bac=0.586205, sens=0.586205, spec=0.958602
epoch 143 val: acc=0.764827, f1=0.444731, auc=0.938615, bac=0.584231, sens=0.584231, spec=0.958852
Epoch [143/500] Loss=0.387186 Acc=0.879833
epoch 144 test: acc=0.765875, f1=0.445087, auc=0.934708, bac=0.588497, sens=0.588497, spec=0.959400
epoch 144 val: acc=0.771532, f1=0.451867, auc=0.939785, bac=0.588670, sens=0.588670, spec=0.959595
Epoch [144/500] Loss=0.391023 Acc=0.879751
epoch 145 test: acc=0.760712, f1=0.442429, auc=0.933238, bac=0.590554, sens=0.590554, spec=0.958873
epoch 145 val: acc=0.766890, f1=0.446229, auc=0.939143, bac=0.585516, sens=0.585516, spec=0.959372
Epoch [145/500] Loss=0.389063 Acc=0.879624
epoch 146 test: acc=0.763810, f1=0.439734, auc=0.934004, bac=0.588420, sens=0.588420, spec=0.959139
epoch 146 val: acc=0.771016, f1=0.449618, auc=0.940044, bac=0.587102, sens=0.587102, spec=0.959678
Epoch [146/500] Loss=0.383260 Acc=0.881790
epoch 147 test: acc=0.755808, f1=0.434443, auc=0.932817, bac=0.582243, sens=0.582243, spec=0.958220
epoch 147 val: acc=0.765859, f1=0.445712, auc=0.938398, bac=0.584747, sens=0.584747, spec=0.958973
Epoch [147/500] Loss=0.385693 Acc=0.879801
epoch 148 test: acc=0.762519, f1=0.441846, auc=0.933562, bac=0.587037, sens=0.587037, spec=0.959093
epoch 148 val: acc=0.766890, f1=0.444253, auc=0.939632, bac=0.583110, sens=0.583110, spec=0.959147
Epoch [148/500] Loss=0.386671 Acc=0.880728
epoch 149 test: acc=0.765875, f1=0.444932, auc=0.934288, bac=0.588945, sens=0.588945, spec=0.959586
epoch 149 val: acc=0.769469, f1=0.447536, auc=0.939870, bac=0.585057, sens=0.585057, spec=0.959465
Epoch [149/500] Loss=0.383772 Acc=0.881198
epoch 150 test: acc=0.761229, f1=0.442857, auc=0.933584, bac=0.588807, sens=0.588807, spec=0.958949
epoch 150 val: acc=0.765343, f1=0.445594, auc=0.939682, bac=0.584281, sens=0.584281, spec=0.958871
Epoch [150/500] Loss=0.387538 Acc=0.879811
epoch 151 test: acc=0.765875, f1=0.445765, auc=0.934764, bac=0.589369, sens=0.589369, spec=0.959332
epoch 151 val: acc=0.769985, f1=0.449681, auc=0.940053, bac=0.586625, sens=0.586625, spec=0.959496
Epoch [151/500] Loss=0.380301 Acc=0.882303
epoch 152 test: acc=0.766649, f1=0.445525, auc=0.934470, bac=0.589091, sens=0.589091, spec=0.959621
epoch 152 val: acc=0.770500, f1=0.448312, auc=0.940662, bac=0.585251, sens=0.585251, spec=0.959619
Epoch [152/500] Loss=0.382397 Acc=0.881260
epoch 153 test: acc=0.764584, f1=0.444258, auc=0.933608, bac=0.591753, sens=0.591753, spec=0.959366
epoch 153 val: acc=0.768953, f1=0.447587, auc=0.939361, bac=0.585573, sens=0.585573, spec=0.959506
Epoch [153/500] Loss=0.381332 Acc=0.882263
epoch 154 test: acc=0.762519, f1=0.445725, auc=0.933763, bac=0.589804, sens=0.589804, spec=0.959095
epoch 154 val: acc=0.768437, f1=0.449852, auc=0.940174, bac=0.586900, sens=0.586900, spec=0.959277
Epoch [154/500] Loss=0.380191 Acc=0.882028
epoch 155 test: acc=0.763810, f1=0.441842, auc=0.934153, bac=0.589151, sens=0.589151, spec=0.959328
epoch 155 val: acc=0.770500, f1=0.449665, auc=0.939489, bac=0.586478, sens=0.586478, spec=0.959582
Epoch [155/500] Loss=0.382970 Acc=0.881350
epoch 156 test: acc=0.765617, f1=0.445170, auc=0.934131, bac=0.589349, sens=0.589349, spec=0.959495
epoch 156 val: acc=0.771532, f1=0.450731, auc=0.939608, bac=0.588095, sens=0.588095, spec=0.959744
Epoch [156/500] Loss=0.384565 Acc=0.880733
epoch 157 test: acc=0.763552, f1=0.443959, auc=0.933922, bac=0.588819, sens=0.588819, spec=0.959158
epoch 157 val: acc=0.771016, f1=0.450930, auc=0.939766, bac=0.587471, sens=0.587471, spec=0.959641
Epoch [157/500] Loss=0.379341 Acc=0.882885
epoch 158 test: acc=0.757873, f1=0.436535, auc=0.932772, bac=0.584055, sens=0.584055, spec=0.958560
epoch 158 val: acc=0.765859, f1=0.445104, auc=0.938988, bac=0.586462, sens=0.586462, spec=0.958961
Epoch [158/500] Loss=0.380593 Acc=0.881093
epoch 159 test: acc=0.766391, f1=0.445660, auc=0.934800, bac=0.585706, sens=0.585706, spec=0.959649
epoch 159 val: acc=0.772047, f1=0.452052, auc=0.940103, bac=0.589333, sens=0.589333, spec=0.959802
Epoch [159/500] Loss=0.379749 Acc=0.883005
epoch 160 test: acc=0.763810, f1=0.443830, auc=0.933962, bac=0.588561, sens=0.588561, spec=0.959122
epoch 160 val: acc=0.771532, f1=0.451430, auc=0.939700, bac=0.588708, sens=0.588708, spec=0.959731
Epoch [160/500] Loss=0.382543 Acc=0.881733
epoch 161 test: acc=0.762261, f1=0.442579, auc=0.933369, bac=0.588577, sens=0.588577, spec=0.959112
epoch 161 val: acc=0.767922, f1=0.446767, auc=0.939218, bac=0.584766, sens=0.584766, spec=0.959244
Epoch [161/500] Loss=0.379057 Acc=0.882770
epoch 162 test: acc=0.763810, f1=0.444500, auc=0.933378, bac=0.590566, sens=0.590566, spec=0.959234
epoch 162 val: acc=0.772047, f1=0.451415, auc=0.939952, bac=0.587948, sens=0.587948, spec=0.959795
Epoch [162/500] Loss=0.375610 Acc=0.883885
epoch 163 test: acc=0.763810, f1=0.444309, auc=0.933755, bac=0.589580, sens=0.589580, spec=0.959259
epoch 163 val: acc=0.768953, f1=0.447807, auc=0.940065, bac=0.585904, sens=0.585904, spec=0.959401
Epoch [163/500] Loss=0.374208 Acc=0.883625
epoch 164 test: acc=0.762003, f1=0.443975, auc=0.933187, bac=0.592837, sens=0.592837, spec=0.959062
epoch 164 val: acc=0.767406, f1=0.447877, auc=0.939544, bac=0.586461, sens=0.586461, spec=0.959396
Epoch [164/500] Loss=0.373690 Acc=0.883250
epoch 165 test: acc=0.765617, f1=0.444682, auc=0.934371, bac=0.589184, sens=0.589184, spec=0.959501
epoch 165 val: acc=0.771532, f1=0.450485, auc=0.940684, bac=0.587482, sens=0.587482, spec=0.959732
Epoch [165/500] Loss=0.374814 Acc=0.884569
epoch 166 test: acc=0.760196, f1=0.443778, auc=0.933196, bac=0.588456, sens=0.588456, spec=0.958885
epoch 166 val: acc=0.769469, f1=0.447179, auc=0.940069, bac=0.585143, sens=0.585143, spec=0.959599
Epoch [166/500] Loss=0.376417 Acc=0.882528
epoch 167 test: acc=0.765617, f1=0.445441, auc=0.934724, bac=0.589462, sens=0.589462, spec=0.959417
epoch 167 val: acc=0.773079, f1=0.453859, auc=0.940909, bac=0.589565, sens=0.589565, spec=0.959900
Epoch [167/500] Loss=0.374726 Acc=0.883362
epoch 168 test: acc=0.765875, f1=0.444239, auc=0.933867, bac=0.593467, sens=0.593467, spec=0.959631
epoch 168 val: acc=0.772563, f1=0.450986, auc=0.940391, bac=0.587762, sens=0.587762, spec=0.959893
Epoch [168/500] Loss=0.372384 Acc=0.883617
epoch 169 test: acc=0.764584, f1=0.445353, auc=0.934171, bac=0.590456, sens=0.590456, spec=0.959407
epoch 169 val: acc=0.769469, f1=0.448785, auc=0.940806, bac=0.586614, sens=0.586614, spec=0.959567
Epoch [169/500] Loss=0.370969 Acc=0.885017
epoch 170 test: acc=0.765359, f1=0.444505, auc=0.934556, bac=0.588872, sens=0.588872, spec=0.959455
epoch 170 val: acc=0.774110, f1=0.452655, auc=0.940630, bac=0.588581, sens=0.588581, spec=0.960082
Epoch [170/500] Loss=0.375000 Acc=0.883867
epoch 171 test: acc=0.763552, f1=0.443151, auc=0.933814, bac=0.589390, sens=0.589390, spec=0.959155
epoch 171 val: acc=0.772047, f1=0.452028, auc=0.940091, bac=0.588475, sens=0.588475, spec=0.959788
Epoch [171/500] Loss=0.373485 Acc=0.884190
epoch 172 test: acc=0.763036, f1=0.443439, auc=0.933632, bac=0.591726, sens=0.591726, spec=0.959270
epoch 172 val: acc=0.770500, f1=0.448345, auc=0.940633, bac=0.586478, sens=0.586478, spec=0.959743
Epoch [172/500] Loss=0.367283 Acc=0.886381
epoch 173 test: acc=0.765359, f1=0.443384, auc=0.934283, bac=0.585536, sens=0.585536, spec=0.959522
epoch 173 val: acc=0.772047, f1=0.450999, auc=0.940697, bac=0.587382, sens=0.587382, spec=0.959795
Epoch [173/500] Loss=0.370722 Acc=0.884879
epoch 174 test: acc=0.765359, f1=0.447109, auc=0.934246, bac=0.590602, sens=0.590602, spec=0.959442
epoch 174 val: acc=0.771532, f1=0.451881, auc=0.940805, bac=0.587898, sens=0.587898, spec=0.959702
Epoch [174/500] Loss=0.372788 Acc=0.883705
epoch 175 test: acc=0.763036, f1=0.443439, auc=0.933123, bac=0.592155, sens=0.592155, spec=0.959279
epoch 175 val: acc=0.769985, f1=0.449036, auc=0.939796, bac=0.586664, sens=0.586664, spec=0.959765
Epoch [175/500] Loss=0.371864 Acc=0.883522
epoch 176 test: acc=0.764843, f1=0.445132, auc=0.934604, bac=0.589750, sens=0.589750, spec=0.959321
epoch 176 val: acc=0.770500, f1=0.450677, auc=0.940489, bac=0.587044, sens=0.587044, spec=0.959547
Epoch [176/500] Loss=0.369357 Acc=0.885062
epoch 177 test: acc=0.767424, f1=0.443929, auc=0.934737, bac=0.584949, sens=0.584949, spec=0.959853
epoch 177 val: acc=0.776689, f1=0.455718, auc=0.940681, bac=0.591188, sens=0.591188, spec=0.960431
Epoch [177/500] Loss=0.365439 Acc=0.887146
epoch 178 test: acc=0.764843, f1=0.445002, auc=0.933655, bac=0.590646, sens=0.590646, spec=0.959572
epoch 178 val: acc=0.771016, f1=0.450456, auc=0.940644, bac=0.587471, sens=0.587471, spec=0.959644
Epoch [178/500] Loss=0.369117 Acc=0.884494
epoch 179 test: acc=0.766133, f1=0.446123, auc=0.934521, bac=0.587883, sens=0.587883, spec=0.959641
epoch 179 val: acc=0.773079, f1=0.452551, auc=0.940493, bac=0.588755, sens=0.588755, spec=0.959924
Epoch [179/500] Loss=0.365748 Acc=0.886446
epoch 180 test: acc=0.758647, f1=0.440810, auc=0.933303, bac=0.586261, sens=0.586261, spec=0.958575
epoch 180 val: acc=0.767406, f1=0.450062, auc=0.939586, bac=0.587688, sens=0.587688, spec=0.959344
Epoch [180/500] Loss=0.365300 Acc=0.886344
epoch 181 test: acc=0.768715, f1=0.449761, auc=0.934937, bac=0.593671, sens=0.593671, spec=0.959840
epoch 181 val: acc=0.774110, f1=0.453735, auc=0.941951, bac=0.589194, sens=0.589194, spec=0.960049
Epoch [181/500] Loss=0.362498 Acc=0.887246
epoch 182 test: acc=0.762261, f1=0.447103, auc=0.933530, bac=0.591061, sens=0.591061, spec=0.959188
epoch 182 val: acc=0.771532, f1=0.450806, auc=0.940768, bac=0.587285, sens=0.587285, spec=0.959839
Epoch [182/500] Loss=0.361880 Acc=0.887001
epoch 183 test: acc=0.766649, f1=0.445423, auc=0.934567, bac=0.589513, sens=0.589513, spec=0.959738
epoch 183 val: acc=0.774110, f1=0.455583, auc=0.940946, bac=0.590090, sens=0.590090, spec=0.960018
Epoch [183/500] Loss=0.361661 Acc=0.886954
epoch 184 test: acc=0.763552, f1=0.446669, auc=0.933866, bac=0.591139, sens=0.591139, spec=0.959248
epoch 184 val: acc=0.770500, f1=0.452110, auc=0.939682, bac=0.587987, sens=0.587987, spec=0.959643
Epoch [184/500] Loss=0.367514 Acc=0.885392
epoch 185 test: acc=0.768973, f1=0.447240, auc=0.934750, bac=0.587945, sens=0.587945, spec=0.959939
epoch 185 val: acc=0.776689, f1=0.457306, auc=0.940928, bac=0.592037, sens=0.592037, spec=0.960509
Epoch [185/500] Loss=0.362033 Acc=0.887176
epoch 186 test: acc=0.766391, f1=0.444136, auc=0.934501, bac=0.588566, sens=0.588566, spec=0.959708
epoch 186 val: acc=0.773595, f1=0.452828, auc=0.941290, bac=0.588239, sens=0.588239, spec=0.959978
Epoch [186/500] Loss=0.363251 Acc=0.886334
epoch 187 test: acc=0.768456, f1=0.448449, auc=0.934356, bac=0.589716, sens=0.589716, spec=0.959983
epoch 187 val: acc=0.772047, f1=0.449051, auc=0.942063, bac=0.582762, sens=0.582762, spec=0.959772
Epoch [187/500] Loss=0.360367 Acc=0.888021
epoch 188 test: acc=0.766133, f1=0.446073, auc=0.934781, bac=0.586959, sens=0.586959, spec=0.959782
epoch 188 val: acc=0.775142, f1=0.458990, auc=0.940686, bac=0.591377, sens=0.591377, spec=0.960168
Epoch [188/500] Loss=0.363840 Acc=0.886021
epoch 189 test: acc=0.768198, f1=0.448514, auc=0.934616, bac=0.588696, sens=0.588696, spec=0.959877
epoch 189 val: acc=0.772563, f1=0.455526, auc=0.941286, bac=0.590562, sens=0.590562, spec=0.959893
Epoch [189/500] Loss=0.358911 Acc=0.888591
epoch 190 test: acc=0.765617, f1=0.443646, auc=0.934392, bac=0.586792, sens=0.586792, spec=0.959527
epoch 190 val: acc=0.774626, f1=0.457216, auc=0.941314, bac=0.591413, sens=0.591413, spec=0.960064
Epoch [190/500] Loss=0.358859 Acc=0.888036
epoch 191 test: acc=0.762519, f1=0.444097, auc=0.933181, bac=0.591232, sens=0.591232, spec=0.959266
epoch 191 val: acc=0.768953, f1=0.449364, auc=0.940510, bac=0.586517, sens=0.586517, spec=0.959468
Epoch [191/500] Loss=0.360361 Acc=0.887464
epoch 192 test: acc=0.767166, f1=0.444304, auc=0.934488, bac=0.583500, sens=0.583500, spec=0.959653
epoch 192 val: acc=0.775142, f1=0.457348, auc=0.941686, bac=0.591990, sens=0.591990, spec=0.960144
Epoch [192/500] Loss=0.359907 Acc=0.887703
epoch 193 test: acc=0.762261, f1=0.443014, auc=0.933264, bac=0.591485, sens=0.591485, spec=0.959139
epoch 193 val: acc=0.768437, f1=0.447623, auc=0.939985, bac=0.585232, sens=0.585232, spec=0.959418
Epoch [193/500] Loss=0.365201 Acc=0.885479
epoch 194 test: acc=0.765617, f1=0.441893, auc=0.934444, bac=0.584066, sens=0.584066, spec=0.959675
epoch 194 val: acc=0.774626, f1=0.454721, auc=0.940366, bac=0.589942, sens=0.589942, spec=0.960112
Epoch [194/500] Loss=0.358187 Acc=0.887628
epoch 195 test: acc=0.769231, f1=0.448128, auc=0.935032, bac=0.586075, sens=0.586075, spec=0.959771
epoch 195 val: acc=0.775142, f1=0.457636, auc=0.941375, bac=0.589426, sens=0.589426, spec=0.960163
Epoch [195/500] Loss=0.357673 Acc=0.888386
epoch 196 test: acc=0.766391, f1=0.444905, auc=0.934717, bac=0.584070, sens=0.584070, spec=0.959574
epoch 196 val: acc=0.776173, f1=0.454600, auc=0.941770, bac=0.589865, sens=0.589865, spec=0.960364
Epoch [196/500] Loss=0.356705 Acc=0.889098
epoch 197 test: acc=0.763810, f1=0.446004, auc=0.933645, bac=0.589455, sens=0.589455, spec=0.959289
epoch 197 val: acc=0.772047, f1=0.453139, auc=0.940702, bac=0.588844, sens=0.588844, spec=0.959753
Epoch [197/500] Loss=0.357174 Acc=0.888796
epoch 198 test: acc=0.767166, f1=0.446185, auc=0.933753, bac=0.587370, sens=0.587370, spec=0.959776
epoch 198 val: acc=0.773079, f1=0.453265, auc=0.941506, bac=0.589613, sens=0.589613, spec=0.959917
Epoch [198/500] Loss=0.360102 Acc=0.888428
epoch 199 test: acc=0.762777, f1=0.444795, auc=0.933069, bac=0.586914, sens=0.586914, spec=0.959140
epoch 199 val: acc=0.769985, f1=0.451479, auc=0.940370, bac=0.588833, sens=0.588833, spec=0.959712
Epoch [199/500] Loss=0.359991 Acc=0.887246
epoch 200 test: acc=0.763294, f1=0.446337, auc=0.933281, bac=0.591562, sens=0.591562, spec=0.959280
epoch 200 val: acc=0.770500, f1=0.452428, auc=0.939969, bac=0.588600, sens=0.588600, spec=0.959651
Epoch [200/500] Loss=0.359824 Acc=0.887683
epoch 201 test: acc=0.768456, f1=0.446830, auc=0.934465, bac=0.586830, sens=0.586830, spec=0.959833
epoch 201 val: acc=0.774110, f1=0.451480, auc=0.942348, bac=0.584046, sens=0.584046, spec=0.960044
Epoch [201/500] Loss=0.356177 Acc=0.888563
epoch 202 test: acc=0.764584, f1=0.443830, auc=0.934155, bac=0.584033, sens=0.584033, spec=0.959536
epoch 202 val: acc=0.774110, f1=0.455773, auc=0.941094, bac=0.590938, sens=0.590938, spec=0.960025
Epoch [202/500] Loss=0.357637 Acc=0.888281
epoch 203 test: acc=0.763294, f1=0.447871, auc=0.933575, bac=0.594235, sens=0.594235, spec=0.959323
epoch 203 val: acc=0.773079, f1=0.455323, auc=0.940230, bac=0.589124, sens=0.589124, spec=0.960145
Epoch [203/500] Loss=0.354883 Acc=0.888788
epoch 204 test: acc=0.766908, f1=0.444446, auc=0.934324, bac=0.586912, sens=0.586912, spec=0.959666
epoch 204 val: acc=0.776173, f1=0.459727, auc=0.940512, bac=0.599422, sens=0.599422, spec=0.960314
Epoch [204/500] Loss=0.355896 Acc=0.888093
epoch 205 test: acc=0.769747, f1=0.448446, auc=0.935081, bac=0.585272, sens=0.585272, spec=0.959767
epoch 205 val: acc=0.777205, f1=0.458556, auc=0.941983, bac=0.591804, sens=0.591804, spec=0.960423
Epoch [205/500] Loss=0.354254 Acc=0.889945
epoch 206 test: acc=0.766649, f1=0.447487, auc=0.934202, bac=0.589843, sens=0.589843, spec=0.959900
epoch 206 val: acc=0.774626, f1=0.461331, auc=0.941126, bac=0.591083, sens=0.591083, spec=0.960077
Epoch [206/500] Loss=0.356444 Acc=0.888578
epoch 207 test: acc=0.765359, f1=0.444040, auc=0.934178, bac=0.584046, sens=0.584046, spec=0.959350
epoch 207 val: acc=0.774626, f1=0.456770, auc=0.941382, bac=0.591366, sens=0.591366, spec=0.960071
Epoch [207/500] Loss=0.352563 Acc=0.889660
epoch 208 test: acc=0.763810, f1=0.444758, auc=0.934008, bac=0.586966, sens=0.586966, spec=0.959367
epoch 208 val: acc=0.773079, f1=0.455309, auc=0.941448, bac=0.590830, sens=0.590830, spec=0.960114
Epoch [208/500] Loss=0.348567 Acc=0.891475
epoch 209 test: acc=0.767940, f1=0.448239, auc=0.934448, bac=0.586540, sens=0.586540, spec=0.960035
epoch 209 val: acc=0.775658, f1=0.463783, auc=0.941293, bac=0.591513, sens=0.591513, spec=0.960177
Epoch [209/500] Loss=0.353026 Acc=0.889258
epoch 210 test: acc=0.762261, f1=0.447756, auc=0.933216, bac=0.591580, sens=0.591580, spec=0.959007
epoch 210 val: acc=0.772563, f1=0.457612, auc=0.940698, bac=0.591111, sens=0.591111, spec=0.960030
Epoch [210/500] Loss=0.355329 Acc=0.888058
epoch 211 test: acc=0.765101, f1=0.445349, auc=0.933456, bac=0.587473, sens=0.587473, spec=0.959445
epoch 211 val: acc=0.773595, f1=0.455619, auc=0.940384, bac=0.591785, sens=0.591785, spec=0.960199
Epoch [211/500] Loss=0.354196 Acc=0.888791
epoch 212 test: acc=0.768198, f1=0.446734, auc=0.935145, bac=0.582689, sens=0.582689, spec=0.959758
epoch 212 val: acc=0.779783, f1=0.462653, auc=0.942348, bac=0.588527, sens=0.588527, spec=0.960815
Epoch [212/500] Loss=0.349305 Acc=0.891597
epoch 213 test: acc=0.768456, f1=0.446416, auc=0.934416, bac=0.584954, sens=0.584954, spec=0.959922
epoch 213 val: acc=0.773595, f1=0.453957, auc=0.942004, bac=0.588852, sens=0.588852, spec=0.959952
Epoch [213/500] Loss=0.348708 Acc=0.890310
epoch 214 test: acc=0.767166, f1=0.444636, auc=0.934747, bac=0.585376, sens=0.585376, spec=0.959781
epoch 214 val: acc=0.777720, f1=0.459367, auc=0.941427, bac=0.592466, sens=0.592466, spec=0.960371
Epoch [214/500] Loss=0.348342 Acc=0.891167
epoch 215 test: acc=0.764326, f1=0.447302, auc=0.933742, bac=0.591632, sens=0.591632, spec=0.959391
epoch 215 val: acc=0.774110, f1=0.459401, auc=0.941603, bac=0.592778, sens=0.592778, spec=0.960245
Epoch [215/500] Loss=0.352751 Acc=0.889968
epoch 216 test: acc=0.764843, f1=0.441387, auc=0.934121, bac=0.582521, sens=0.582521, spec=0.959420
epoch 216 val: acc=0.773595, f1=0.457331, auc=0.941598, bac=0.589465, sens=0.589465, spec=0.959934
Epoch [216/500] Loss=0.349423 Acc=0.890363
epoch 217 test: acc=0.765359, f1=0.449653, auc=0.933415, bac=0.591260, sens=0.591260, spec=0.959486
epoch 217 val: acc=0.773595, f1=0.457588, auc=0.940681, bac=0.590361, sens=0.590361, spec=0.960183
Epoch [217/500] Loss=0.351132 Acc=0.889565
epoch 218 test: acc=0.769489, f1=0.444252, auc=0.935020, bac=0.582833, sens=0.582833, spec=0.959942
epoch 218 val: acc=0.779268, f1=0.459410, auc=0.942425, bac=0.593615, sens=0.593615, spec=0.960642
Epoch [218/500] Loss=0.347198 Acc=0.891720
epoch 219 test: acc=0.762261, f1=0.440947, auc=0.933791, bac=0.583502, sens=0.583502, spec=0.959281
epoch 219 val: acc=0.773079, f1=0.456499, auc=0.941508, bac=0.590131, sens=0.590131, spec=0.960005
Epoch [219/500] Loss=0.348276 Acc=0.890363
epoch 220 test: acc=0.769489, f1=0.450093, auc=0.934190, bac=0.588821, sens=0.588821, spec=0.960112
epoch 220 val: acc=0.778236, f1=0.461177, auc=0.940827, bac=0.594930, sens=0.594930, spec=0.960789
Epoch [220/500] Loss=0.348854 Acc=0.891370
epoch 221 test: acc=0.765617, f1=0.445789, auc=0.934371, bac=0.589371, sens=0.589371, spec=0.959594
epoch 221 val: acc=0.777205, f1=0.460022, auc=0.942447, bac=0.591851, sens=0.591851, spec=0.960456
Epoch [221/500] Loss=0.347467 Acc=0.891615
epoch 222 test: acc=0.764584, f1=0.443208, auc=0.934141, bac=0.583141, sens=0.583141, spec=0.959388
epoch 222 val: acc=0.775142, f1=0.456938, auc=0.941651, bac=0.591463, sens=0.591463, spec=0.960174
Epoch [222/500] Loss=0.347049 Acc=0.890543
epoch 223 test: acc=0.768198, f1=0.446843, auc=0.934622, bac=0.583896, sens=0.583896, spec=0.959744
epoch 223 val: acc=0.777720, f1=0.463501, auc=0.942328, bac=0.591656, sens=0.591656, spec=0.960619
Epoch [223/500] Loss=0.345907 Acc=0.891665
epoch 224 test: acc=0.768456, f1=0.447696, auc=0.934717, bac=0.585642, sens=0.585642, spec=0.959826
epoch 224 val: acc=0.777720, f1=0.464905, auc=0.942526, bac=0.592797, sens=0.592797, spec=0.960597
Epoch [224/500] Loss=0.346318 Acc=0.891802
epoch 225 test: acc=0.765101, f1=0.445799, auc=0.933350, bac=0.588821, sens=0.588821, spec=0.959578
epoch 225 val: acc=0.775658, f1=0.454982, auc=0.940310, bac=0.591363, sens=0.591363, spec=0.960531
Epoch [225/500] Loss=0.346975 Acc=0.890508
epoch 226 test: acc=0.767940, f1=0.448203, auc=0.934563, bac=0.585993, sens=0.585993, spec=0.959726
epoch 226 val: acc=0.776689, f1=0.461929, auc=0.941790, bac=0.592028, sens=0.592028, spec=0.960442
Epoch [226/500] Loss=0.344158 Acc=0.891485
epoch 227 test: acc=0.768715, f1=0.447766, auc=0.934622, bac=0.588718, sens=0.588718, spec=0.959938
epoch 227 val: acc=0.776689, f1=0.461671, auc=0.942828, bac=0.592933, sens=0.592933, spec=0.960331
Epoch [227/500] Loss=0.339967 Acc=0.893811
epoch 228 test: acc=0.768715, f1=0.445172, auc=0.934713, bac=0.584059, sens=0.584059, spec=0.960027
epoch 228 val: acc=0.777720, f1=0.462726, auc=0.942910, bac=0.591468, sens=0.591468, spec=0.960535
Epoch [228/500] Loss=0.343588 Acc=0.891942
epoch 229 test: acc=0.763036, f1=0.442478, auc=0.933465, bac=0.583671, sens=0.583671, spec=0.959258
epoch 229 val: acc=0.773595, f1=0.455938, auc=0.941653, bac=0.591823, sens=0.591823, spec=0.960294
Epoch [229/500] Loss=0.346107 Acc=0.890690
epoch 230 test: acc=0.767940, f1=0.450143, auc=0.934207, bac=0.589284, sens=0.589284, spec=0.959997
epoch 230 val: acc=0.774626, f1=0.460115, auc=0.942094, bac=0.590311, sens=0.590311, spec=0.960220
Epoch [230/500] Loss=0.343739 Acc=0.891507
epoch 231 test: acc=0.768715, f1=0.449072, auc=0.934505, bac=0.586162, sens=0.586162, spec=0.959814
epoch 231 val: acc=0.777205, f1=0.465395, auc=0.942248, bac=0.593643, sens=0.593643, spec=0.960416
Epoch [231/500] Loss=0.340812 Acc=0.893069
epoch 232 test: acc=0.771038, f1=0.449819, auc=0.935049, bac=0.584303, sens=0.584303, spec=0.960239
epoch 232 val: acc=0.778752, f1=0.466078, auc=0.942858, bac=0.592991, sens=0.592991, spec=0.960484
Epoch [232/500] Loss=0.343497 Acc=0.893137
epoch 233 test: acc=0.767682, f1=0.449375, auc=0.934259, bac=0.587293, sens=0.587293, spec=0.959955
epoch 233 val: acc=0.776689, f1=0.457265, auc=0.942416, bac=0.591132, sens=0.591132, spec=0.960363
Epoch [233/500] Loss=0.338665 Acc=0.894496
epoch 234 test: acc=0.767940, f1=0.449867, auc=0.934442, bac=0.587035, sens=0.587035, spec=0.959791
epoch 234 val: acc=0.776689, f1=0.462597, auc=0.941693, bac=0.587503, sens=0.587503, spec=0.960196
Epoch [234/500] Loss=0.342881 Acc=0.892334
epoch 235 test: acc=0.768198, f1=0.445916, auc=0.934870, bac=0.584552, sens=0.584552, spec=0.959968
epoch 235 val: acc=0.778236, f1=0.460095, auc=0.942497, bac=0.587991, sens=0.587991, spec=0.960676
Epoch [235/500] Loss=0.339907 Acc=0.893592
epoch 236 test: acc=0.764326, f1=0.442625, auc=0.934076, bac=0.583356, sens=0.583356, spec=0.959525
epoch 236 val: acc=0.775142, f1=0.460992, auc=0.942429, bac=0.590653, sens=0.590653, spec=0.960283
Epoch [236/500] Loss=0.342728 Acc=0.892379
epoch 237 test: acc=0.767166, f1=0.446198, auc=0.934538, bac=0.586772, sens=0.586772, spec=0.960012
epoch 237 val: acc=0.775658, f1=0.461790, auc=0.941922, bac=0.592786, sens=0.592786, spec=0.960193
Epoch [237/500] Loss=0.339774 Acc=0.893219
epoch 238 test: acc=0.765875, f1=0.445015, auc=0.934228, bac=0.581272, sens=0.581272, spec=0.959558
epoch 238 val: acc=0.775658, f1=0.465251, auc=0.942396, bac=0.593305, sens=0.593305, spec=0.960266
Epoch [238/500] Loss=0.342428 Acc=0.891890
epoch 239 test: acc=0.764068, f1=0.441259, auc=0.933353, bac=0.579391, sens=0.579391, spec=0.959229
epoch 239 val: acc=0.775142, f1=0.459086, auc=0.941186, bac=0.591218, sens=0.591218, spec=0.960161
Epoch [239/500] Loss=0.342711 Acc=0.891917
epoch 240 test: acc=0.762003, f1=0.443766, auc=0.933620, bac=0.587079, sens=0.587079, spec=0.959070
epoch 240 val: acc=0.776689, f1=0.460768, auc=0.942167, bac=0.592980, sens=0.592980, spec=0.960629
Epoch [240/500] Loss=0.342167 Acc=0.891780
epoch 241 test: acc=0.767166, f1=0.444949, auc=0.934721, bac=0.580288, sens=0.580288, spec=0.959635
epoch 241 val: acc=0.777720, f1=0.466243, auc=0.942340, bac=0.593080, sens=0.593080, spec=0.960463
Epoch [241/500] Loss=0.340642 Acc=0.892594
epoch 242 test: acc=0.766908, f1=0.444647, auc=0.934205, bac=0.580735, sens=0.580735, spec=0.959672
epoch 242 val: acc=0.775658, f1=0.458759, auc=0.941786, bac=0.590372, sens=0.590372, spec=0.960339
Epoch [242/500] Loss=0.342520 Acc=0.891607
epoch 243 test: acc=0.766908, f1=0.443434, auc=0.934712, bac=0.579288, sens=0.579288, spec=0.959722
epoch 243 val: acc=0.776689, f1=0.460447, auc=0.942943, bac=0.591141, sens=0.591141, spec=0.960226
Epoch [243/500] Loss=0.339352 Acc=0.892922
epoch 244 test: acc=0.764326, f1=0.447329, auc=0.933786, bac=0.588176, sens=0.588176, spec=0.959449
epoch 244 val: acc=0.772563, f1=0.460737, auc=0.941649, bac=0.592392, sens=0.592392, spec=0.959947
Epoch [244/500] Loss=0.342189 Acc=0.892125
epoch 245 test: acc=0.766391, f1=0.444193, auc=0.933859, bac=0.580878, sens=0.580878, spec=0.959717
epoch 245 val: acc=0.777205, f1=0.459706, auc=0.942068, bac=0.589315, sens=0.589315, spec=0.960322
Epoch [245/500] Loss=0.340841 Acc=0.893347
epoch 246 test: acc=0.765617, f1=0.447655, auc=0.933937, bac=0.583944, sens=0.583944, spec=0.959448
epoch 246 val: acc=0.773595, f1=0.461494, auc=0.941721, bac=0.592634, sens=0.592634, spec=0.959870
Epoch [246/500] Loss=0.338080 Acc=0.893419
epoch 247 test: acc=0.766133, f1=0.445971, auc=0.933738, bac=0.586889, sens=0.586889, spec=0.959528
epoch 247 val: acc=0.777205, f1=0.464676, auc=0.942313, bac=0.593973, sens=0.593973, spec=0.960668
Epoch [247/500] Loss=0.340001 Acc=0.893494
epoch 248 test: acc=0.767682, f1=0.447233, auc=0.934536, bac=0.582040, sens=0.582040, spec=0.959921
epoch 248 val: acc=0.778752, f1=0.467991, auc=0.943025, bac=0.595885, sens=0.595885, spec=0.960492
Epoch [248/500] Loss=0.334407 Acc=0.894709
epoch 249 test: acc=0.764068, f1=0.440760, auc=0.934168, bac=0.579470, sens=0.579470, spec=0.959485
epoch 249 val: acc=0.774626, f1=0.461439, auc=0.941656, bac=0.591366, sens=0.591366, spec=0.960093
Epoch [249/500] Loss=0.335661 Acc=0.894366
epoch 250 test: acc=0.764843, f1=0.448512, auc=0.933811, bac=0.585485, sens=0.585485, spec=0.959858
epoch 250 val: acc=0.773079, f1=0.464707, auc=0.941298, bac=0.594535, sens=0.594535, spec=0.960158
Epoch [250/500] Loss=0.339978 Acc=0.892362
epoch 251 test: acc=0.767166, f1=0.445796, auc=0.934390, bac=0.584051, sens=0.584051, spec=0.959690
epoch 251 val: acc=0.776689, f1=0.459049, auc=0.942541, bac=0.587944, sens=0.587944, spec=0.960235
Epoch [251/500] Loss=0.334725 Acc=0.893896
epoch 252 test: acc=0.763036, f1=0.443287, auc=0.933687, bac=0.580314, sens=0.580314, spec=0.959159
epoch 252 val: acc=0.778236, f1=0.467979, auc=0.942367, bac=0.596157, sens=0.596157, spec=0.960766
Epoch [252/500] Loss=0.338878 Acc=0.893012
epoch 253 test: acc=0.765617, f1=0.444890, auc=0.934437, bac=0.583189, sens=0.583189, spec=0.959722
epoch 253 val: acc=0.778236, f1=0.466656, auc=0.941741, bac=0.594403, sens=0.594403, spec=0.960547
Epoch [253/500] Loss=0.337284 Acc=0.893904
epoch 254 test: acc=0.765359, f1=0.447569, auc=0.933727, bac=0.581218, sens=0.581218, spec=0.959530
epoch 254 val: acc=0.776689, f1=0.466765, auc=0.942421, bac=0.594159, sens=0.594159, spec=0.960314
Epoch [254/500] Loss=0.338917 Acc=0.893292
epoch 255 test: acc=0.764843, f1=0.447556, auc=0.933762, bac=0.585231, sens=0.585231, spec=0.959489
epoch 255 val: acc=0.775142, f1=0.463519, auc=0.942720, bac=0.593547, sens=0.593547, spec=0.960391
Epoch [255/500] Loss=0.335629 Acc=0.893479
epoch 256 test: acc=0.768973, f1=0.445007, auc=0.935518, bac=0.580789, sens=0.580789, spec=0.959862
epoch 256 val: acc=0.778236, f1=0.463717, auc=0.943931, bac=0.593177, sens=0.593177, spec=0.960170
Epoch [256/500] Loss=0.334900 Acc=0.894524
epoch 257 test: acc=0.766649, f1=0.445459, auc=0.934439, bac=0.584732, sens=0.584732, spec=0.959795
epoch 257 val: acc=0.778236, f1=0.466495, auc=0.942645, bac=0.594733, sens=0.594733, spec=0.960668
Epoch [257/500] Loss=0.332758 Acc=0.895024
epoch 258 test: acc=0.760971, f1=0.444618, auc=0.933243, bac=0.588615, sens=0.588615, spec=0.959132
epoch 258 val: acc=0.772563, f1=0.458588, auc=0.942029, bac=0.592242, sens=0.592242, spec=0.960384
Epoch [258/500] Loss=0.333492 Acc=0.894579
epoch 259 test: acc=0.766133, f1=0.448281, auc=0.933761, bac=0.585437, sens=0.585437, spec=0.959628
epoch 259 val: acc=0.773595, f1=0.461534, auc=0.942397, bac=0.590361, sens=0.590361, spec=0.959800
Epoch [259/500] Loss=0.338137 Acc=0.892752
epoch 260 test: acc=0.764843, f1=0.442206, auc=0.933661, bac=0.583700, sens=0.583700, spec=0.959548
epoch 260 val: acc=0.776173, f1=0.459491, auc=0.941775, bac=0.594062, sens=0.594062, spec=0.960282
Epoch [260/500] Loss=0.337737 Acc=0.893627
epoch 261 test: acc=0.764843, f1=0.446902, auc=0.933488, bac=0.582776, sens=0.582776, spec=0.959503
epoch 261 val: acc=0.774110, f1=0.461271, auc=0.941988, bac=0.590119, sens=0.590119, spec=0.960096
Epoch [261/500] Loss=0.335635 Acc=0.894196
epoch 262 test: acc=0.765617, f1=0.444875, auc=0.933538, bac=0.585364, sens=0.585364, spec=0.959560
epoch 262 val: acc=0.774626, f1=0.457957, auc=0.942287, bac=0.590594, sens=0.590594, spec=0.960458
Epoch [262/500] Loss=0.332964 Acc=0.894726
epoch 263 test: acc=0.768198, f1=0.445169, auc=0.934637, bac=0.583793, sens=0.583793, spec=0.959975
epoch 263 val: acc=0.779268, f1=0.466561, auc=0.943127, bac=0.593984, sens=0.593984, spec=0.960463
Epoch [263/500] Loss=0.333907 Acc=0.895176
epoch 264 test: acc=0.768715, f1=0.447598, auc=0.934404, bac=0.584546, sens=0.584546, spec=0.960145
epoch 264 val: acc=0.776689, f1=0.467062, auc=0.942873, bac=0.593829, sens=0.593829, spec=0.960054
Epoch [264/500] Loss=0.331314 Acc=0.896258
epoch 265 test: acc=0.766391, f1=0.446055, auc=0.934185, bac=0.582265, sens=0.582265, spec=0.959743
epoch 265 val: acc=0.777720, f1=0.465757, auc=0.942026, bac=0.597483, sens=0.597483, spec=0.960584
Epoch [265/500] Loss=0.332693 Acc=0.895236
epoch 266 test: acc=0.765875, f1=0.447882, auc=0.933590, bac=0.587822, sens=0.587822, spec=0.959582
epoch 266 val: acc=0.774626, f1=0.459271, auc=0.942217, bac=0.590886, sens=0.590886, spec=0.959954
Epoch [266/500] Loss=0.332813 Acc=0.894224
epoch 267 test: acc=0.767940, f1=0.448029, auc=0.934732, bac=0.582207, sens=0.582207, spec=0.959819
epoch 267 val: acc=0.779268, f1=0.468093, auc=0.943221, bac=0.591645, sens=0.591645, spec=0.960525
Epoch [267/500] Loss=0.332010 Acc=0.895114
epoch 268 test: acc=0.766391, f1=0.445705, auc=0.934507, bac=0.581062, sens=0.581062, spec=0.959930
epoch 268 val: acc=0.775658, f1=0.465100, auc=0.942774, bac=0.593022, sens=0.593022, spec=0.960049
Epoch [268/500] Loss=0.333443 Acc=0.894614
epoch 269 test: acc=0.765359, f1=0.445033, auc=0.934639, bac=0.584037, sens=0.584037, spec=0.959652
epoch 269 val: acc=0.778752, f1=0.469793, auc=0.942873, bac=0.597112, sens=0.597112, spec=0.960585
Epoch [269/500] Loss=0.325748 Acc=0.898462
epoch 270 test: acc=0.765617, f1=0.445253, auc=0.934210, bac=0.585793, sens=0.585793, spec=0.959538
epoch 270 val: acc=0.777205, f1=0.466577, auc=0.942402, bac=0.593973, sens=0.593973, spec=0.960275
Epoch [270/500] Loss=0.331589 Acc=0.895146
epoch 271 test: acc=0.767166, f1=0.443892, auc=0.934378, bac=0.580944, sens=0.580944, spec=0.959921
epoch 271 val: acc=0.777720, f1=0.464524, auc=0.942862, bac=0.594353, sens=0.594353, spec=0.960220
Epoch [271/500] Loss=0.327281 Acc=0.896708
epoch 272 test: acc=0.768456, f1=0.450054, auc=0.934971, bac=0.586165, sens=0.586165, spec=0.960021
epoch 272 val: acc=0.777720, f1=0.466344, auc=0.943306, bac=0.593937, sens=0.593937, spec=0.960102
Epoch [272/500] Loss=0.328753 Acc=0.896711
epoch 273 test: acc=0.760454, f1=0.445884, auc=0.932679, bac=0.588966, sens=0.588966, spec=0.959054
epoch 273 val: acc=0.771016, f1=0.461650, auc=0.941293, bac=0.593336, sens=0.593336, spec=0.960040
Epoch [273/500] Loss=0.331082 Acc=0.894456
epoch 274 test: acc=0.767166, f1=0.445832, auc=0.934368, bac=0.584259, sens=0.584259, spec=0.959792
epoch 274 val: acc=0.778752, f1=0.463833, auc=0.942935, bac=0.594745, sens=0.594745, spec=0.960297
Epoch [274/500] Loss=0.327820 Acc=0.895746
epoch 275 test: acc=0.770005, f1=0.451762, auc=0.935234, bac=0.586188, sens=0.586188, spec=0.960193
epoch 275 val: acc=0.778752, f1=0.469013, auc=0.943473, bac=0.595028, sens=0.595028, spec=0.960225
Epoch [275/500] Loss=0.327328 Acc=0.897300
epoch 276 test: acc=0.763810, f1=0.448169, auc=0.933733, bac=0.589089, sens=0.589089, spec=0.959309
epoch 276 val: acc=0.774626, f1=0.463963, auc=0.942403, bac=0.593977, sens=0.593977, spec=0.960070
Epoch [276/500] Loss=0.327298 Acc=0.896151
epoch 277 test: acc=0.766649, f1=0.444182, auc=0.934247, bac=0.584492, sens=0.584492, spec=0.959641
epoch 277 val: acc=0.776173, f1=0.462535, auc=0.943280, bac=0.591130, sens=0.591130, spec=0.960067
Epoch [277/500] Loss=0.327629 Acc=0.896251
epoch 278 test: acc=0.766908, f1=0.445940, auc=0.934113, bac=0.582055, sens=0.582055, spec=0.959927
epoch 278 val: acc=0.778752, f1=0.468968, auc=0.943038, bac=0.597356, sens=0.597356, spec=0.960614
Epoch [278/500] Loss=0.326131 Acc=0.896716
epoch 279 test: acc=0.770005, f1=0.450709, auc=0.935657, bac=0.585745, sens=0.585745, spec=0.960042
epoch 279 val: acc=0.779783, f1=0.465167, auc=0.944048, bac=0.589461, sens=0.589461, spec=0.960518
Epoch [279/500] Loss=0.322311 Acc=0.898670
epoch 280 test: acc=0.766391, f1=0.447621, auc=0.934847, bac=0.582576, sens=0.582576, spec=0.959654
epoch 280 val: acc=0.778236, f1=0.466084, auc=0.943328, bac=0.593215, sens=0.593215, spec=0.960294
Epoch [280/500] Loss=0.324130 Acc=0.898260
epoch 281 test: acc=0.765617, f1=0.447297, auc=0.934605, bac=0.585655, sens=0.585655, spec=0.959622
epoch 281 val: acc=0.777205, f1=0.467998, auc=0.942694, bac=0.596735, sens=0.596735, spec=0.960488
Epoch [281/500] Loss=0.330800 Acc=0.895496
epoch 282 test: acc=0.763810, f1=0.448152, auc=0.933104, bac=0.587362, sens=0.587362, spec=0.959726
epoch 282 val: acc=0.775658, f1=0.467519, auc=0.941755, bac=0.598000, sens=0.598000, spec=0.960651
Epoch [282/500] Loss=0.326627 Acc=0.896346
epoch 283 test: acc=0.764584, f1=0.445587, auc=0.934224, bac=0.586711, sens=0.586711, spec=0.959721
epoch 283 val: acc=0.776173, f1=0.464380, auc=0.943147, bac=0.594024, sens=0.594024, spec=0.960291
Epoch [283/500] Loss=0.326931 Acc=0.896566
epoch 284 test: acc=0.764584, f1=0.446797, auc=0.934017, bac=0.583934, sens=0.583934, spec=0.959395
epoch 284 val: acc=0.777205, f1=0.464168, auc=0.943349, bac=0.594736, sens=0.594736, spec=0.960390
Epoch [284/500] Loss=0.327251 Acc=0.895846
epoch 285 test: acc=0.765875, f1=0.448885, auc=0.933942, bac=0.589556, sens=0.589556, spec=0.959611
epoch 285 val: acc=0.776173, f1=0.466232, auc=0.943445, bac=0.595203, sens=0.595203, spec=0.960493
Epoch [285/500] Loss=0.326944 Acc=0.896286
epoch 286 test: acc=0.770005, f1=0.447214, auc=0.935111, bac=0.581502, sens=0.581502, spec=0.960045
epoch 286 val: acc=0.778752, f1=0.469224, auc=0.943437, bac=0.596215, sens=0.596215, spec=0.960115
Epoch [286/500] Loss=0.326835 Acc=0.897118
epoch 287 test: acc=0.767682, f1=0.448134, auc=0.934295, bac=0.585394, sens=0.585394, spec=0.959906
epoch 287 val: acc=0.779783, f1=0.470167, auc=0.943180, bac=0.597109, sens=0.597109, spec=0.960509
Epoch [287/500] Loss=0.321650 Acc=0.898657
epoch 288 test: acc=0.770780, f1=0.450149, auc=0.935221, bac=0.586503, sens=0.586503, spec=0.960351
epoch 288 val: acc=0.780299, f1=0.469283, auc=0.943547, bac=0.595404, sens=0.595404, spec=0.960464
Epoch [288/500] Loss=0.323626 Acc=0.897718
epoch 289 test: acc=0.767166, f1=0.447609, auc=0.934450, bac=0.586720, sens=0.586720, spec=0.959965
epoch 289 val: acc=0.775658, f1=0.464680, auc=0.942153, bac=0.593352, sens=0.593352, spec=0.960200
Epoch [289/500] Loss=0.324227 Acc=0.897418
epoch 290 test: acc=0.768973, f1=0.452534, auc=0.935145, bac=0.586427, sens=0.586427, spec=0.959933
epoch 290 val: acc=0.779268, f1=0.466091, auc=0.943739, bac=0.590835, sens=0.590835, spec=0.960316
Epoch [290/500] Loss=0.323083 Acc=0.898597
epoch 291 test: acc=0.762519, f1=0.446591, auc=0.932956, bac=0.585601, sens=0.585601, spec=0.959350
epoch 291 val: acc=0.774110, f1=0.461761, auc=0.941910, bac=0.594532, sens=0.594532, spec=0.960337
Epoch [291/500] Loss=0.324633 Acc=0.897703
epoch 292 test: acc=0.765875, f1=0.446435, auc=0.933638, bac=0.587185, sens=0.587185, spec=0.959745
epoch 292 val: acc=0.776173, f1=0.462153, auc=0.942910, bac=0.594354, sens=0.594354, spec=0.960409
Epoch [292/500] Loss=0.323487 Acc=0.896950
epoch 293 test: acc=0.768198, f1=0.450030, auc=0.934343, bac=0.585632, sens=0.585632, spec=0.959958
epoch 293 val: acc=0.778752, f1=0.468741, auc=0.943087, bac=0.594830, sens=0.594830, spec=0.960226
Epoch [293/500] Loss=0.324874 Acc=0.897238
epoch 294 test: acc=0.767682, f1=0.450305, auc=0.934266, bac=0.587789, sens=0.587789, spec=0.959906
epoch 294 val: acc=0.778236, f1=0.468505, auc=0.942991, bac=0.595299, sens=0.595299, spec=0.960267
Epoch [294/500] Loss=0.324890 Acc=0.897545
epoch 295 test: acc=0.766908, f1=0.448168, auc=0.934763, bac=0.582362, sens=0.582362, spec=0.959643
epoch 295 val: acc=0.778752, f1=0.470801, auc=0.943724, bac=0.597394, sens=0.597394, spec=0.960321
Epoch [295/500] Loss=0.321811 Acc=0.898795
epoch 296 test: acc=0.769489, f1=0.451044, auc=0.934221, bac=0.584762, sens=0.584762, spec=0.960239
epoch 296 val: acc=0.777205, f1=0.469913, auc=0.943381, bac=0.597725, sens=0.597725, spec=0.960118
Epoch [296/500] Loss=0.323054 Acc=0.898048
epoch 297 test: acc=0.769489, f1=0.448717, auc=0.934646, bac=0.586544, sens=0.586544, spec=0.960200
epoch 297 val: acc=0.779783, f1=0.470697, auc=0.944065, bac=0.595921, sens=0.595921, spec=0.960362
Epoch [297/500] Loss=0.322035 Acc=0.897415
epoch 298 test: acc=0.766391, f1=0.446170, auc=0.934385, bac=0.585273, sens=0.585273, spec=0.959740
epoch 298 val: acc=0.778752, f1=0.469227, auc=0.943062, bac=0.596829, sens=0.596829, spec=0.960605
Epoch [298/500] Loss=0.321957 Acc=0.897900
epoch 299 test: acc=0.766649, f1=0.446046, auc=0.934478, bac=0.583214, sens=0.583214, spec=0.959697
epoch 299 val: acc=0.776173, f1=0.462230, auc=0.943657, bac=0.588263, sens=0.588263, spec=0.960030
Epoch [299/500] Loss=0.319608 Acc=0.899365
epoch 300 test: acc=0.767424, f1=0.449906, auc=0.934780, bac=0.585156, sens=0.585156, spec=0.959775
epoch 300 val: acc=0.777720, f1=0.467285, auc=0.942721, bac=0.592297, sens=0.592297, spec=0.960183
Epoch [300/500] Loss=0.322437 Acc=0.898205
epoch 301 test: acc=0.767424, f1=0.449038, auc=0.934648, bac=0.583623, sens=0.583623, spec=0.959838
epoch 301 val: acc=0.777205, f1=0.468376, auc=0.944333, bac=0.594406, sens=0.594406, spec=0.959992
Epoch [301/500] Loss=0.320086 Acc=0.898180
epoch 302 test: acc=0.766133, f1=0.448253, auc=0.934201, bac=0.586526, sens=0.586526, spec=0.959910
epoch 302 val: acc=0.776173, f1=0.467437, auc=0.942989, bac=0.596343, sens=0.596343, spec=0.960350
Epoch [302/500] Loss=0.322048 Acc=0.897813
epoch 303 test: acc=0.765617, f1=0.445214, auc=0.934217, bac=0.581836, sens=0.581836, spec=0.959674
epoch 303 val: acc=0.776689, f1=0.464461, auc=0.943648, bac=0.592933, sens=0.592933, spec=0.960346
Epoch [303/500] Loss=0.317615 Acc=0.899052
epoch 304 test: acc=0.764068, f1=0.443665, auc=0.934213, bac=0.581521, sens=0.581521, spec=0.959499
epoch 304 val: acc=0.778236, f1=0.469503, auc=0.943506, bac=0.596967, sens=0.596967, spec=0.960397
Epoch [304/500] Loss=0.321299 Acc=0.897718
epoch 305 test: acc=0.766133, f1=0.449158, auc=0.933632, bac=0.587964, sens=0.587964, spec=0.959779
epoch 305 val: acc=0.777205, f1=0.468611, auc=0.943419, bac=0.595963, sens=0.595963, spec=0.960261
Epoch [305/500] Loss=0.321030 Acc=0.897628
epoch 306 test: acc=0.768456, f1=0.451253, auc=0.934269, bac=0.588071, sens=0.588071, spec=0.959992
epoch 306 val: acc=0.777720, f1=0.468315, auc=0.943333, bac=0.594589, sens=0.594589, spec=0.960188
Epoch [306/500] Loss=0.320925 Acc=0.898103
epoch 307 test: acc=0.765875, f1=0.450075, auc=0.934134, bac=0.587562, sens=0.587562, spec=0.959737
epoch 307 val: acc=0.775658, f1=0.469432, auc=0.943074, bac=0.597104, sens=0.597104, spec=0.959900
Epoch [307/500] Loss=0.321654 Acc=0.897878
epoch 308 test: acc=0.766908, f1=0.449090, auc=0.934041, bac=0.587969, sens=0.587969, spec=0.959854
epoch 308 val: acc=0.777205, f1=0.465644, auc=0.943030, bac=0.591352, sens=0.591352, spec=0.960150
Epoch [308/500] Loss=0.319843 Acc=0.898030
epoch 309 test: acc=0.764068, f1=0.447085, auc=0.933902, bac=0.589688, sens=0.589688, spec=0.959483
epoch 309 val: acc=0.777720, f1=0.467933, auc=0.942421, bac=0.597200, sens=0.597200, spec=0.960953
Epoch [309/500] Loss=0.319200 Acc=0.898507
epoch 310 test: acc=0.769747, f1=0.450308, auc=0.935357, bac=0.586187, sens=0.586187, spec=0.960158
epoch 310 val: acc=0.780299, f1=0.467159, auc=0.944244, bac=0.591642, sens=0.591642, spec=0.960568
Epoch [310/500] Loss=0.318089 Acc=0.899945
epoch 311 test: acc=0.764068, f1=0.451673, auc=0.933336, bac=0.591263, sens=0.591263, spec=0.959641
epoch 311 val: acc=0.775142, f1=0.469205, auc=0.942822, bac=0.598091, sens=0.598091, spec=0.960411
Epoch [311/500] Loss=0.319412 Acc=0.898225
epoch 312 test: acc=0.767940, f1=0.450752, auc=0.934129, bac=0.589157, sens=0.589157, spec=0.959919
epoch 312 val: acc=0.778236, f1=0.469676, auc=0.943470, bac=0.597628, sens=0.597628, spec=0.960638
Epoch [312/500] Loss=0.318859 Acc=0.898445
epoch 313 test: acc=0.769489, f1=0.449326, auc=0.934819, bac=0.585997, sens=0.585997, spec=0.960155
epoch 313 val: acc=0.780815, f1=0.471817, auc=0.943917, bac=0.597169, sens=0.597169, spec=0.960523
Epoch [313/500] Loss=0.316538 Acc=0.899007
epoch 314 test: acc=0.771038, f1=0.451518, auc=0.935372, bac=0.587264, sens=0.587264, spec=0.960287
epoch 314 val: acc=0.782362, f1=0.470324, auc=0.943512, bac=0.594311, sens=0.594311, spec=0.960732
Epoch [314/500] Loss=0.316710 Acc=0.900707
epoch 315 test: acc=0.768456, f1=0.452970, auc=0.934098, bac=0.592404, sens=0.592404, spec=0.960035
epoch 315 val: acc=0.779268, f1=0.466172, auc=0.943285, bac=0.592344, sens=0.592344, spec=0.960796
Epoch [315/500] Loss=0.314830 Acc=0.899712
epoch 316 test: acc=0.767682, f1=0.452117, auc=0.934272, bac=0.589222, sens=0.589222, spec=0.960091
epoch 316 val: acc=0.776173, f1=0.469550, auc=0.942730, bac=0.597106, sens=0.597106, spec=0.960070
Epoch [316/500] Loss=0.318790 Acc=0.898765
epoch 317 test: acc=0.767424, f1=0.449877, auc=0.934456, bac=0.588876, sens=0.588876, spec=0.959978
epoch 317 val: acc=0.778236, f1=0.468427, auc=0.943627, bac=0.596204, sens=0.596204, spec=0.960536
Epoch [317/500] Loss=0.315890 Acc=0.899702
epoch 318 test: acc=0.765875, f1=0.450606, auc=0.933960, bac=0.585864, sens=0.585864, spec=0.959691
epoch 318 val: acc=0.777720, f1=0.469620, auc=0.943623, bac=0.596587, sens=0.596587, spec=0.960187
Epoch [318/500] Loss=0.318815 Acc=0.899195
epoch 319 test: acc=0.768456, f1=0.451484, auc=0.934412, bac=0.589452, sens=0.589452, spec=0.960154
epoch 319 val: acc=0.775658, f1=0.463311, auc=0.944050, bac=0.588646, sens=0.588646, spec=0.960051
Epoch [319/500] Loss=0.316062 Acc=0.899125
epoch 320 test: acc=0.767424, f1=0.448746, auc=0.934437, bac=0.585628, sens=0.585628, spec=0.959950
epoch 320 val: acc=0.776689, f1=0.466144, auc=0.943268, bac=0.590680, sens=0.590680, spec=0.959905
Epoch [320/500] Loss=0.316279 Acc=0.900172
epoch 321 test: acc=0.767682, f1=0.451734, auc=0.933762, bac=0.592235, sens=0.592235, spec=0.960127
epoch 321 val: acc=0.777720, f1=0.466027, auc=0.943102, bac=0.593496, sens=0.593496, spec=0.960350
Epoch [321/500] Loss=0.312499 Acc=0.899662
epoch 322 test: acc=0.771038, f1=0.451597, auc=0.935488, bac=0.586217, sens=0.586217, spec=0.960336
epoch 322 val: acc=0.779783, f1=0.469372, auc=0.944497, bac=0.591545, sens=0.591545, spec=0.960205
Epoch [322/500] Loss=0.315210 Acc=0.899657
epoch 323 test: acc=0.769747, f1=0.449794, auc=0.934135, bac=0.586088, sens=0.586088, spec=0.960232
epoch 323 val: acc=0.778752, f1=0.470289, auc=0.943598, bac=0.597442, sens=0.597442, spec=0.960229
Epoch [323/500] Loss=0.314285 Acc=0.901094
epoch 324 test: acc=0.768198, f1=0.450238, auc=0.933952, bac=0.587692, sens=0.587692, spec=0.960019
epoch 324 val: acc=0.778236, f1=0.469508, auc=0.943614, bac=0.597628, sens=0.597628, spec=0.960298
Epoch [324/500] Loss=0.318918 Acc=0.898635
epoch 325 test: acc=0.765617, f1=0.451251, auc=0.934169, bac=0.592653, sens=0.592653, spec=0.959759
epoch 325 val: acc=0.776173, f1=0.468380, auc=0.943712, bac=0.597201, sens=0.597201, spec=0.960236
Epoch [325/500] Loss=0.314747 Acc=0.899315
epoch 326 test: acc=0.769489, f1=0.450105, auc=0.935240, bac=0.584719, sens=0.584719, spec=0.960098
epoch 326 val: acc=0.779783, f1=0.467408, auc=0.944199, bac=0.591742, sens=0.591742, spec=0.960486
Epoch [326/500] Loss=0.312160 Acc=0.901402
epoch 327 test: acc=0.771554, f1=0.454469, auc=0.934999, bac=0.590949, sens=0.590949, spec=0.960495
epoch 327 val: acc=0.778752, f1=0.468245, auc=0.944031, bac=0.591389, sens=0.591389, spec=0.960318
Epoch [327/500] Loss=0.314735 Acc=0.900494
epoch 328 test: acc=0.768715, f1=0.451920, auc=0.934172, bac=0.589751, sens=0.589751, spec=0.960119
epoch 328 val: acc=0.778752, f1=0.470992, auc=0.943330, bac=0.599148, sens=0.599148, spec=0.960583
Epoch [328/500] Loss=0.317057 Acc=0.899715
epoch 329 test: acc=0.767682, f1=0.452251, auc=0.933517, bac=0.591834, sens=0.591834, spec=0.960035
epoch 329 val: acc=0.777720, f1=0.467918, auc=0.942826, bac=0.596635, sens=0.596635, spec=0.960363
Epoch [329/500] Loss=0.316292 Acc=0.899890
epoch 330 test: acc=0.770263, f1=0.452135, auc=0.934598, bac=0.589740, sens=0.589740, spec=0.960250
epoch 330 val: acc=0.779268, f1=0.467877, auc=0.944221, bac=0.592503, sens=0.592503, spec=0.960319
Epoch [330/500] Loss=0.311078 Acc=0.901012
epoch 331 test: acc=0.766908, f1=0.453247, auc=0.933663, bac=0.592537, sens=0.592537, spec=0.960055
epoch 331 val: acc=0.778752, f1=0.471397, auc=0.942567, bac=0.599431, sens=0.599431, spec=0.960821
Epoch [331/500] Loss=0.314740 Acc=0.899877
epoch 332 test: acc=0.769747, f1=0.455993, auc=0.934690, bac=0.588247, sens=0.588247, spec=0.960186
epoch 332 val: acc=0.780815, f1=0.474844, auc=0.943723, bac=0.599536, sens=0.599536, spec=0.960456
Epoch [332/500] Loss=0.313813 Acc=0.900954
epoch 333 test: acc=0.769489, f1=0.451891, auc=0.934766, bac=0.586586, sens=0.586586, spec=0.960111
epoch 333 val: acc=0.780299, f1=0.471572, auc=0.943886, bac=0.597355, sens=0.597355, spec=0.960534
Epoch [333/500] Loss=0.312965 Acc=0.900427
epoch 334 test: acc=0.767424, f1=0.448988, auc=0.934378, bac=0.588871, sens=0.588871, spec=0.960022
epoch 334 val: acc=0.776689, f1=0.468538, auc=0.943180, bac=0.596149, sens=0.596149, spec=0.960285
Epoch [334/500] Loss=0.313195 Acc=0.900322
epoch 335 test: acc=0.768973, f1=0.450157, auc=0.934579, bac=0.587064, sens=0.587064, spec=0.960122
epoch 335 val: acc=0.778752, f1=0.468428, auc=0.943781, bac=0.595971, sens=0.595971, spec=0.960368
Epoch [335/500] Loss=0.312641 Acc=0.900989
epoch 336 test: acc=0.768973, f1=0.452845, auc=0.935540, bac=0.589997, sens=0.589997, spec=0.959947
epoch 336 val: acc=0.779268, f1=0.467763, auc=0.944426, bac=0.591683, sens=0.591683, spec=0.960385
Epoch [336/500] Loss=0.311888 Acc=0.900682
epoch 337 test: acc=0.770263, f1=0.453115, auc=0.934938, bac=0.588038, sens=0.588038, spec=0.960231
epoch 337 val: acc=0.780815, f1=0.471244, auc=0.943694, bac=0.596839, sens=0.596839, spec=0.960742
Epoch [337/500] Loss=0.314384 Acc=0.901244
epoch 338 test: acc=0.767682, f1=0.452133, auc=0.933408, bac=0.592635, sens=0.592635, spec=0.960242
epoch 338 val: acc=0.776689, f1=0.469247, auc=0.943438, bac=0.598722, sens=0.598722, spec=0.960436
Epoch [338/500] Loss=0.313870 Acc=0.900522
epoch 339 test: acc=0.770005, f1=0.454950, auc=0.934062, bac=0.591158, sens=0.591158, spec=0.960336
epoch 339 val: acc=0.778752, f1=0.469199, auc=0.943259, bac=0.597969, sens=0.597969, spec=0.960493
Epoch [339/500] Loss=0.314774 Acc=0.899837
epoch 340 test: acc=0.766649, f1=0.449973, auc=0.933853, bac=0.588872, sens=0.588872, spec=0.959907
epoch 340 val: acc=0.775142, f1=0.467974, auc=0.943125, bac=0.596394, sens=0.596394, spec=0.959843
Epoch [340/500] Loss=0.312508 Acc=0.900762
epoch 341 test: acc=0.769747, f1=0.453157, auc=0.934528, bac=0.592764, sens=0.592764, spec=0.960348
epoch 341 val: acc=0.779783, f1=0.469865, auc=0.944128, bac=0.597061, sens=0.597061, spec=0.960498
Epoch [341/500] Loss=0.308744 Acc=0.901999
epoch 342 test: acc=0.769747, f1=0.451039, auc=0.934767, bac=0.586899, sens=0.586899, spec=0.960152
epoch 342 val: acc=0.776173, f1=0.467390, auc=0.943712, bac=0.593976, sens=0.593976, spec=0.959863
Epoch [342/500] Loss=0.310179 Acc=0.901754
epoch 343 test: acc=0.766649, f1=0.455281, auc=0.933615, bac=0.593200, sens=0.593200, spec=0.959942
epoch 343 val: acc=0.774626, f1=0.468222, auc=0.943352, bac=0.597476, sens=0.597476, spec=0.959887
Epoch [343/500] Loss=0.312445 Acc=0.900649
epoch 344 test: acc=0.770005, f1=0.451283, auc=0.935298, bac=0.584293, sens=0.584293, spec=0.960003
epoch 344 val: acc=0.781331, f1=0.470483, auc=0.944510, bac=0.592646, sens=0.592646, spec=0.960682
Epoch [344/500] Loss=0.310948 Acc=0.901269
epoch 345 test: acc=0.769231, f1=0.454111, auc=0.934599, bac=0.588126, sens=0.588126, spec=0.960187
epoch 345 val: acc=0.778752, f1=0.470028, auc=0.943990, bac=0.597639, sens=0.597639, spec=0.960477
Epoch [345/500] Loss=0.307461 Acc=0.902659
epoch 346 test: acc=0.771554, f1=0.454128, auc=0.934136, bac=0.591869, sens=0.591869, spec=0.960550
epoch 346 val: acc=0.778752, f1=0.467206, auc=0.944167, bac=0.591304, sens=0.591304, spec=0.960454
Epoch [346/500] Loss=0.309150 Acc=0.901509
epoch 347 test: acc=0.769489, f1=0.453974, auc=0.934364, bac=0.590448, sens=0.590448, spec=0.960115
epoch 347 val: acc=0.780299, f1=0.471574, auc=0.944236, bac=0.598299, sens=0.598299, spec=0.960573
Epoch [347/500] Loss=0.307819 Acc=0.902209
epoch 348 test: acc=0.770780, f1=0.452648, auc=0.935302, bac=0.588375, sens=0.588375, spec=0.960279
epoch 348 val: acc=0.779783, f1=0.469689, auc=0.944779, bac=0.595419, sens=0.595419, spec=0.960481
Epoch [348/500] Loss=0.304962 Acc=0.903196
epoch 349 test: acc=0.768198, f1=0.453108, auc=0.934532, bac=0.588404, sens=0.588404, spec=0.960122
epoch 349 val: acc=0.780815, f1=0.472986, auc=0.943570, bac=0.600347, sens=0.600347, spec=0.960979
Epoch [349/500] Loss=0.310018 Acc=0.901994
epoch 350 test: acc=0.770780, f1=0.453155, auc=0.934414, bac=0.590379, sens=0.590379, spec=0.960477
epoch 350 val: acc=0.778752, f1=0.476107, auc=0.943744, bac=0.606630, sens=0.606630, spec=0.960176
Epoch [350/500] Loss=0.309639 Acc=0.901324
epoch 351 test: acc=0.771812, f1=0.458064, auc=0.934116, bac=0.594214, sens=0.594214, spec=0.960606
epoch 351 val: acc=0.780299, f1=0.470921, auc=0.943771, bac=0.597686, sens=0.597686, spec=0.960563
Epoch [351/500] Loss=0.307385 Acc=0.901354
epoch 352 test: acc=0.768198, f1=0.451881, auc=0.933783, bac=0.587669, sens=0.587669, spec=0.959995
epoch 352 val: acc=0.778236, f1=0.470119, auc=0.943298, bac=0.597053, sens=0.597053, spec=0.960380
Epoch [352/500] Loss=0.309107 Acc=0.901576
epoch 353 test: acc=0.767166, f1=0.451381, auc=0.933500, bac=0.588866, sens=0.588866, spec=0.960036
epoch 353 val: acc=0.777205, f1=0.470649, auc=0.942612, bac=0.598574, sens=0.598574, spec=0.960350
Epoch [353/500] Loss=0.310196 Acc=0.900894
epoch 354 test: acc=0.772070, f1=0.456635, auc=0.934493, bac=0.593225, sens=0.593225, spec=0.960413
epoch 354 val: acc=0.780815, f1=0.471226, auc=0.944243, bac=0.596642, sens=0.596642, spec=0.960628
Epoch [354/500] Loss=0.306103 Acc=0.902451
epoch 355 test: acc=0.771296, f1=0.457204, auc=0.935017, bac=0.591825, sens=0.591825, spec=0.960398
epoch 355 val: acc=0.781331, f1=0.474130, auc=0.943884, bac=0.599916, sens=0.599916, spec=0.960671
Epoch [355/500] Loss=0.307482 Acc=0.902834
epoch 356 test: acc=0.768198, f1=0.452283, auc=0.933669, bac=0.591813, sens=0.591813, spec=0.960256
epoch 356 val: acc=0.777205, f1=0.468962, auc=0.943171, bac=0.598008, sens=0.598008, spec=0.960389
Epoch [356/500] Loss=0.308248 Acc=0.901584
epoch 357 test: acc=0.765359, f1=0.449779, auc=0.933841, bac=0.588629, sens=0.588629, spec=0.959811
epoch 357 val: acc=0.776173, f1=0.468360, auc=0.943766, bac=0.597154, sens=0.597154, spec=0.960356
Epoch [357/500] Loss=0.307236 Acc=0.901959
epoch 358 test: acc=0.770005, f1=0.453179, auc=0.934390, bac=0.590545, sens=0.590545, spec=0.960119
epoch 358 val: acc=0.781331, f1=0.473452, auc=0.944452, bac=0.599633, sens=0.599633, spec=0.960687
Epoch [358/500] Loss=0.305902 Acc=0.902919
epoch 359 test: acc=0.774393, f1=0.456759, auc=0.935957, bac=0.590894, sens=0.590894, spec=0.960448
epoch 359 val: acc=0.786488, f1=0.479498, auc=0.944931, bac=0.601367, sens=0.601367, spec=0.961342
Epoch [359/500] Loss=0.307714 Acc=0.902621
epoch 360 test: acc=0.772586, f1=0.461363, auc=0.935088, bac=0.595005, sens=0.595005, spec=0.960611
epoch 360 val: acc=0.781846, f1=0.474354, auc=0.944495, bac=0.599400, sens=0.599400, spec=0.960732
Epoch [360/500] Loss=0.307209 Acc=0.902016
epoch 361 test: acc=0.768715, f1=0.452948, auc=0.933746, bac=0.591335, sens=0.591335, spec=0.960227
epoch 361 val: acc=0.778752, f1=0.471998, auc=0.943331, bac=0.599761, sens=0.599761, spec=0.960588
Epoch [361/500] Loss=0.308882 Acc=0.901127
epoch 362 test: acc=0.769231, f1=0.451823, auc=0.934255, bac=0.589829, sens=0.589829, spec=0.960216
epoch 362 val: acc=0.780299, f1=0.468842, auc=0.944057, bac=0.594254, sens=0.594254, spec=0.960703
Epoch [362/500] Loss=0.307166 Acc=0.902704
epoch 363 test: acc=0.770521, f1=0.454454, auc=0.934408, bac=0.593622, sens=0.593622, spec=0.960500
epoch 363 val: acc=0.780299, f1=0.471870, auc=0.944275, bac=0.599109, sens=0.599109, spec=0.960683
Epoch [363/500] Loss=0.305094 Acc=0.903403
epoch 364 test: acc=0.772070, f1=0.454282, auc=0.934620, bac=0.586958, sens=0.586958, spec=0.960388
epoch 364 val: acc=0.781331, f1=0.472907, auc=0.944286, bac=0.597880, sens=0.597880, spec=0.960686
Epoch [364/500] Loss=0.307907 Acc=0.902136
epoch 365 test: acc=0.767424, f1=0.451851, auc=0.933593, bac=0.591597, sens=0.591597, spec=0.959952
epoch 365 val: acc=0.777720, f1=0.465941, auc=0.943762, bac=0.592872, sens=0.592872, spec=0.960483
Epoch [365/500] Loss=0.311213 Acc=0.900797
epoch 366 test: acc=0.767682, f1=0.451819, auc=0.934111, bac=0.590575, sens=0.590575, spec=0.960033
epoch 366 val: acc=0.777720, f1=0.469055, auc=0.943744, bac=0.596587, sens=0.596587, spec=0.960210
Epoch [366/500] Loss=0.305835 Acc=0.901966
epoch 367 test: acc=0.772070, f1=0.459937, auc=0.935115, bac=0.589655, sens=0.589655, spec=0.960487
epoch 367 val: acc=0.780299, f1=0.471414, auc=0.944495, bac=0.596412, sens=0.596412, spec=0.960542
Epoch [367/500] Loss=0.310673 Acc=0.901726
epoch 368 test: acc=0.771554, f1=0.455652, auc=0.934285, bac=0.591732, sens=0.591732, spec=0.960580
epoch 368 val: acc=0.778752, f1=0.467396, auc=0.943651, bac=0.591926, sens=0.591926, spec=0.960369
Epoch [368/500] Loss=0.306354 Acc=0.902044
epoch 369 test: acc=0.770263, f1=0.454637, auc=0.934109, bac=0.592625, sens=0.592625, spec=0.960438
epoch 369 val: acc=0.777720, f1=0.468792, auc=0.943296, bac=0.596390, sens=0.596390, spec=0.960203
Epoch [369/500] Loss=0.301533 Acc=0.904138
epoch 370 test: acc=0.768973, f1=0.453251, auc=0.934095, bac=0.592477, sens=0.592477, spec=0.960159
epoch 370 val: acc=0.781331, f1=0.472803, auc=0.944040, bac=0.599351, sens=0.599351, spec=0.960836
Epoch [370/500] Loss=0.304505 Acc=0.902289
epoch 371 test: acc=0.771038, f1=0.458841, auc=0.934220, bac=0.594308, sens=0.594308, spec=0.960625
epoch 371 val: acc=0.780299, f1=0.473215, auc=0.944393, bac=0.599156, sens=0.599156, spec=0.960526
Epoch [371/500] Loss=0.304287 Acc=0.903538
epoch 372 test: acc=0.772070, f1=0.456115, auc=0.935125, bac=0.591315, sens=0.591315, spec=0.960452
epoch 372 val: acc=0.781846, f1=0.472477, auc=0.944995, bac=0.594167, sens=0.594167, spec=0.960735
Epoch [372/500] Loss=0.305930 Acc=0.902691
epoch 373 test: acc=0.766391, f1=0.451478, auc=0.933385, bac=0.591025, sens=0.591025, spec=0.959869
epoch 373 val: acc=0.776689, f1=0.468736, auc=0.943651, bac=0.597911, sens=0.597911, spec=0.960324
Epoch [373/500] Loss=0.302635 Acc=0.903376
epoch 374 test: acc=0.769747, f1=0.455123, auc=0.933689, bac=0.591208, sens=0.591208, spec=0.960022
epoch 374 val: acc=0.780299, f1=0.471759, auc=0.943112, bac=0.598874, sens=0.598874, spec=0.960579
Epoch [374/500] Loss=0.307267 Acc=0.902071
epoch 375 test: acc=0.771296, f1=0.456619, auc=0.934301, bac=0.593909, sens=0.593909, spec=0.960589
epoch 375 val: acc=0.780815, f1=0.471398, auc=0.944179, bac=0.597538, sens=0.597538, spec=0.960634
Epoch [375/500] Loss=0.302315 Acc=0.903418
epoch 376 test: acc=0.771038, f1=0.457278, auc=0.934305, bac=0.594265, sens=0.594265, spec=0.960419
epoch 376 val: acc=0.780815, f1=0.472327, auc=0.944591, bac=0.598027, sens=0.598027, spec=0.960633
Epoch [376/500] Loss=0.302338 Acc=0.903626
epoch 377 test: acc=0.770521, f1=0.455650, auc=0.934009, bac=0.591114, sens=0.591114, spec=0.960267
epoch 377 val: acc=0.779268, f1=0.472677, auc=0.944156, bac=0.599820, sens=0.599820, spec=0.960401
Epoch [377/500] Loss=0.307195 Acc=0.902129
epoch 378 test: acc=0.771812, f1=0.454679, auc=0.934788, bac=0.589602, sens=0.589602, spec=0.960513
epoch 378 val: acc=0.779268, f1=0.474042, auc=0.944339, bac=0.602304, sens=0.602304, spec=0.960373
Epoch [378/500] Loss=0.303426 Acc=0.903606
epoch 379 test: acc=0.769747, f1=0.453659, auc=0.934306, bac=0.588384, sens=0.588384, spec=0.960451
epoch 379 val: acc=0.778236, f1=0.469157, auc=0.943734, bac=0.597259, sens=0.597259, spec=0.960410
Epoch [379/500] Loss=0.300581 Acc=0.903808
epoch 380 test: acc=0.772070, f1=0.459513, auc=0.934250, bac=0.592895, sens=0.592895, spec=0.960326
epoch 380 val: acc=0.779783, f1=0.471426, auc=0.944660, bac=0.597589, sens=0.597589, spec=0.960491
Epoch [380/500] Loss=0.305139 Acc=0.902809
epoch 381 test: acc=0.771812, f1=0.457714, auc=0.934350, bac=0.593342, sens=0.593342, spec=0.960549
epoch 381 val: acc=0.781331, f1=0.471083, auc=0.945041, bac=0.599020, sens=0.599020, spec=0.960994
Epoch [381/500] Loss=0.303550 Acc=0.903286
epoch 382 test: acc=0.770005, f1=0.453306, auc=0.933842, bac=0.591681, sens=0.591681, spec=0.960494
epoch 382 val: acc=0.777205, f1=0.466405, auc=0.943862, bac=0.591917, sens=0.591917, spec=0.960259
Epoch [382/500] Loss=0.303353 Acc=0.902681
epoch 383 test: acc=0.772845, f1=0.459431, auc=0.934736, bac=0.591810, sens=0.591810, spec=0.960555
epoch 383 val: acc=0.781846, f1=0.471596, auc=0.944901, bac=0.593357, sens=0.593357, spec=0.960630
Epoch [383/500] Loss=0.302447 Acc=0.903508
epoch 384 test: acc=0.772070, f1=0.456072, auc=0.934680, bac=0.591475, sens=0.591475, spec=0.960560
epoch 384 val: acc=0.780815, f1=0.473801, auc=0.944940, bac=0.598923, sens=0.598923, spec=0.960603
Epoch [384/500] Loss=0.300954 Acc=0.904348
epoch 385 test: acc=0.772586, f1=0.455785, auc=0.934398, bac=0.593986, sens=0.593986, spec=0.960727
epoch 385 val: acc=0.779268, f1=0.471680, auc=0.945004, bac=0.597822, sens=0.597822, spec=0.960388
Epoch [385/500] Loss=0.301347 Acc=0.904041
epoch 386 test: acc=0.770005, f1=0.454014, auc=0.934334, bac=0.593812, sens=0.593812, spec=0.960289
epoch 386 val: acc=0.778236, f1=0.470481, auc=0.943734, bac=0.596770, sens=0.596770, spec=0.960263
Epoch [386/500] Loss=0.300915 Acc=0.903966
epoch 387 test: acc=0.772070, f1=0.457809, auc=0.934518, bac=0.591640, sens=0.591640, spec=0.960380
epoch 387 val: acc=0.781331, f1=0.473373, auc=0.944573, bac=0.597880, sens=0.597880, spec=0.960685
Epoch [387/500] Loss=0.299357 Acc=0.905368
epoch 388 test: acc=0.772328, f1=0.454099, auc=0.934694, bac=0.589770, sens=0.589770, spec=0.960734
epoch 388 val: acc=0.779783, f1=0.471949, auc=0.943773, bac=0.597589, sens=0.597589, spec=0.960577
Epoch [388/500] Loss=0.300364 Acc=0.904286
epoch 389 test: acc=0.770780, f1=0.455120, auc=0.933945, bac=0.591378, sens=0.591378, spec=0.960402
epoch 389 val: acc=0.780815, f1=0.472373, auc=0.944848, bac=0.598923, sens=0.598923, spec=0.960767
Epoch [389/500] Loss=0.302212 Acc=0.903143
epoch 390 test: acc=0.768715, f1=0.453668, auc=0.934012, bac=0.590750, sens=0.590750, spec=0.960193
epoch 390 val: acc=0.779268, f1=0.471522, auc=0.943719, bac=0.598670, sens=0.598670, spec=0.960652
Epoch [390/500] Loss=0.302348 Acc=0.903473
epoch 391 test: acc=0.772070, f1=0.456459, auc=0.934702, bac=0.594691, sens=0.594691, spec=0.960650
epoch 391 val: acc=0.778752, f1=0.468439, auc=0.944524, bac=0.592209, sens=0.592209, spec=0.960198
Epoch [391/500] Loss=0.300502 Acc=0.904266
epoch 392 test: acc=0.770780, f1=0.458981, auc=0.933901, bac=0.594241, sens=0.594241, spec=0.960461
epoch 392 val: acc=0.780299, f1=0.471643, auc=0.944619, bac=0.598629, sens=0.598629, spec=0.960680
Epoch [392/500] Loss=0.301183 Acc=0.903686
epoch 393 test: acc=0.771296, f1=0.460567, auc=0.934800, bac=0.590759, sens=0.590759, spec=0.960236
epoch 393 val: acc=0.780815, f1=0.473963, auc=0.944405, bac=0.599035, sens=0.599035, spec=0.960597
Epoch [393/500] Loss=0.303991 Acc=0.902934
epoch 394 test: acc=0.768198, f1=0.452815, auc=0.933542, bac=0.591101, sens=0.591101, spec=0.960086
epoch 394 val: acc=0.779783, f1=0.471213, auc=0.944120, bac=0.598532, sens=0.598532, spec=0.960739
Epoch [394/500] Loss=0.298516 Acc=0.905188
epoch 395 test: acc=0.771554, f1=0.456496, auc=0.934262, bac=0.592396, sens=0.592396, spec=0.960609
epoch 395 val: acc=0.779268, f1=0.471984, auc=0.944189, bac=0.598679, sens=0.598679, spec=0.960399
Epoch [395/500] Loss=0.298978 Acc=0.904531
epoch 396 test: acc=0.771812, f1=0.456581, auc=0.933994, bac=0.593865, sens=0.593865, spec=0.960614
epoch 396 val: acc=0.780815, f1=0.473646, auc=0.944265, bac=0.600111, sens=0.600111, spec=0.960626
Epoch [396/500] Loss=0.299591 Acc=0.904423
epoch 397 test: acc=0.771038, f1=0.457768, auc=0.934291, bac=0.593271, sens=0.593271, spec=0.960468
epoch 397 val: acc=0.781846, f1=0.474551, auc=0.944666, bac=0.599636, sens=0.599636, spec=0.960992
Epoch [397/500] Loss=0.298466 Acc=0.904508
epoch 398 test: acc=0.772586, f1=0.457746, auc=0.934508, bac=0.593699, sens=0.593699, spec=0.960606
epoch 398 val: acc=0.780815, f1=0.472900, auc=0.944596, bac=0.598593, sens=0.598593, spec=0.960602
Epoch [398/500] Loss=0.301379 Acc=0.904443
epoch 399 test: acc=0.770780, f1=0.455498, auc=0.934062, bac=0.592128, sens=0.592128, spec=0.960563
epoch 399 val: acc=0.778236, f1=0.470757, auc=0.944139, bac=0.598155, sens=0.598155, spec=0.960261
Epoch [399/500] Loss=0.300716 Acc=0.904003
epoch 400 test: acc=0.774135, f1=0.457425, auc=0.934716, bac=0.592052, sens=0.592052, spec=0.960745
epoch 400 val: acc=0.785972, f1=0.480169, auc=0.944607, bac=0.603401, sens=0.603401, spec=0.961306
Epoch [400/500] Loss=0.298951 Acc=0.904198
epoch 401 test: acc=0.771038, f1=0.455964, auc=0.934006, bac=0.592323, sens=0.592323, spec=0.960555
epoch 401 val: acc=0.778236, f1=0.471358, auc=0.943785, bac=0.597383, sens=0.597383, spec=0.960364
Epoch [401/500] Loss=0.298658 Acc=0.904343
epoch 402 test: acc=0.771554, f1=0.460070, auc=0.934513, bac=0.591708, sens=0.591708, spec=0.960507
epoch 402 val: acc=0.779268, f1=0.470231, auc=0.944678, bac=0.596557, sens=0.596557, spec=0.960432
Epoch [402/500] Loss=0.296969 Acc=0.905600
epoch 403 test: acc=0.769231, f1=0.455930, auc=0.933684, bac=0.593827, sens=0.593827, spec=0.960225
epoch 403 val: acc=0.778752, f1=0.472703, auc=0.943831, bac=0.600619, sens=0.600619, spec=0.960689
Epoch [403/500] Loss=0.299914 Acc=0.903036
epoch 404 test: acc=0.772586, f1=0.456361, auc=0.934462, bac=0.592049, sens=0.592049, spec=0.960604
epoch 404 val: acc=0.781331, f1=0.470117, auc=0.945056, bac=0.593787, sens=0.593787, spec=0.960703
Epoch [404/500] Loss=0.298566 Acc=0.904496
epoch 405 test: acc=0.773619, f1=0.459674, auc=0.934323, bac=0.594652, sens=0.594652, spec=0.960779
epoch 405 val: acc=0.781331, f1=0.471643, auc=0.944639, bac=0.593920, sens=0.593920, spec=0.960674
Epoch [405/500] Loss=0.297129 Acc=0.904865
epoch 406 test: acc=0.772328, f1=0.456622, auc=0.933901, bac=0.591095, sens=0.591095, spec=0.960607
epoch 406 val: acc=0.781331, f1=0.473221, auc=0.943480, bac=0.599351, sens=0.599351, spec=0.960836
Epoch [406/500] Loss=0.298828 Acc=0.904523
epoch 407 test: acc=0.773103, f1=0.459484, auc=0.934877, bac=0.594225, sens=0.594225, spec=0.960692
epoch 407 val: acc=0.781331, f1=0.472542, auc=0.944636, bac=0.597352, sens=0.597352, spec=0.960676
Epoch [407/500] Loss=0.299373 Acc=0.904311
epoch 408 test: acc=0.773103, f1=0.457622, auc=0.934403, bac=0.593966, sens=0.593966, spec=0.960609
epoch 408 val: acc=0.781846, f1=0.471773, auc=0.945047, bac=0.593404, sens=0.593404, spec=0.960742
Epoch [408/500] Loss=0.300415 Acc=0.903781
epoch 409 test: acc=0.768973, f1=0.456276, auc=0.933687, bac=0.592025, sens=0.592025, spec=0.960212
epoch 409 val: acc=0.778236, f1=0.470589, auc=0.943638, bac=0.597911, sens=0.597911, spec=0.960505
Epoch [409/500] Loss=0.299897 Acc=0.903963
epoch 410 test: acc=0.773619, f1=0.457012, auc=0.935042, bac=0.593921, sens=0.593921, spec=0.960607
epoch 410 val: acc=0.781846, f1=0.474176, auc=0.945090, bac=0.599032, sens=0.599032, spec=0.960746
Epoch [410/500] Loss=0.298825 Acc=0.905135
epoch 411 test: acc=0.771296, f1=0.460367, auc=0.934359, bac=0.594498, sens=0.594498, spec=0.960377
epoch 411 val: acc=0.780815, f1=0.473776, auc=0.944711, bac=0.598923, sens=0.598923, spec=0.960589
Epoch [411/500] Loss=0.298254 Acc=0.904276
epoch 412 test: acc=0.773877, f1=0.459403, auc=0.934760, bac=0.594988, sens=0.594988, spec=0.960688
epoch 412 val: acc=0.785456, f1=0.479964, auc=0.945285, bac=0.602644, sens=0.602644, spec=0.961231
Epoch [412/500] Loss=0.295700 Acc=0.905918
epoch 413 test: acc=0.766649, f1=0.453936, auc=0.932957, bac=0.588966, sens=0.588966, spec=0.959930
epoch 413 val: acc=0.779783, f1=0.473182, auc=0.943495, bac=0.600861, sens=0.600861, spec=0.960840
Epoch [413/500] Loss=0.296300 Acc=0.905738
epoch 414 test: acc=0.772586, f1=0.459055, auc=0.934162, bac=0.597203, sens=0.597203, spec=0.960690
epoch 414 val: acc=0.779268, f1=0.471718, auc=0.944103, bac=0.597209, sens=0.597209, spec=0.960388
Epoch [414/500] Loss=0.295967 Acc=0.905605
epoch 415 test: acc=0.773103, f1=0.454222, auc=0.935140, bac=0.589543, sens=0.589543, spec=0.960785
epoch 415 val: acc=0.780815, f1=0.471899, auc=0.945273, bac=0.595113, sens=0.595113, spec=0.960724
Epoch [415/500] Loss=0.295135 Acc=0.906125
epoch 416 test: acc=0.773361, f1=0.454389, auc=0.934230, bac=0.588331, sens=0.588331, spec=0.960648
epoch 416 val: acc=0.781846, f1=0.473280, auc=0.945017, bac=0.598590, sens=0.598590, spec=0.960767
Epoch [416/500] Loss=0.296305 Acc=0.905288
epoch 417 test: acc=0.769747, f1=0.458429, auc=0.933245, bac=0.595131, sens=0.595131, spec=0.960314
epoch 417 val: acc=0.779268, f1=0.472240, auc=0.943832, bac=0.599293, sens=0.599293, spec=0.960545
Epoch [417/500] Loss=0.299467 Acc=0.903376
epoch 418 test: acc=0.772845, f1=0.458711, auc=0.934245, bac=0.592985, sens=0.592985, spec=0.960320
epoch 418 val: acc=0.779268, f1=0.471494, auc=0.944312, bac=0.597209, sens=0.597209, spec=0.960396
Epoch [418/500] Loss=0.297871 Acc=0.904873
epoch 419 test: acc=0.772586, f1=0.456202, auc=0.935415, bac=0.588329, sens=0.588329, spec=0.960511
epoch 419 val: acc=0.783394, f1=0.476641, auc=0.945176, bac=0.599936, sens=0.599936, spec=0.960946
Epoch [419/500] Loss=0.292697 Acc=0.906562
epoch 420 test: acc=0.771554, f1=0.459173, auc=0.934196, bac=0.591515, sens=0.591515, spec=0.960665
epoch 420 val: acc=0.779783, f1=0.470012, auc=0.944231, bac=0.593629, sens=0.593629, spec=0.960577
Epoch [420/500] Loss=0.296404 Acc=0.905458
epoch 421 test: acc=0.773361, f1=0.459399, auc=0.934284, bac=0.596400, sens=0.596400, spec=0.960800
epoch 421 val: acc=0.781846, f1=0.475677, auc=0.944432, bac=0.600674, sens=0.600674, spec=0.960844
Epoch [421/500] Loss=0.295367 Acc=0.905985
epoch 422 test: acc=0.774652, f1=0.457810, auc=0.934855, bac=0.593493, sens=0.593493, spec=0.961070
epoch 422 val: acc=0.783909, f1=0.477809, auc=0.945249, bac=0.601212, sens=0.601212, spec=0.960997
Epoch [422/500] Loss=0.294629 Acc=0.906350
epoch 423 test: acc=0.773619, f1=0.462230, auc=0.934423, bac=0.595953, sens=0.595953, spec=0.960879
epoch 423 val: acc=0.781846, f1=0.475843, auc=0.944504, bac=0.600013, sens=0.600013, spec=0.960844
Epoch [423/500] Loss=0.295641 Acc=0.905740
epoch 424 test: acc=0.774652, f1=0.456693, auc=0.934556, bac=0.595299, sens=0.595299, spec=0.960882
epoch 424 val: acc=0.780815, f1=0.468922, auc=0.945681, bac=0.591739, sens=0.591739, spec=0.960739
Epoch [424/500] Loss=0.293222 Acc=0.905740
epoch 425 test: acc=0.767940, f1=0.453711, auc=0.932844, bac=0.594646, sens=0.594646, spec=0.960105
epoch 425 val: acc=0.776689, f1=0.467418, auc=0.943288, bac=0.599421, sens=0.599421, spec=0.960536
Epoch [425/500] Loss=0.296157 Acc=0.905468
epoch 426 test: acc=0.773103, f1=0.456522, auc=0.934045, bac=0.595008, sens=0.595008, spec=0.960641
epoch 426 val: acc=0.780299, f1=0.468963, auc=0.944863, bac=0.592586, sens=0.592586, spec=0.960910
Epoch [426/500] Loss=0.293475 Acc=0.905500
epoch 427 test: acc=0.773877, f1=0.458941, auc=0.935011, bac=0.593423, sens=0.593423, spec=0.960787
epoch 427 val: acc=0.778752, f1=0.472148, auc=0.944693, bac=0.597592, sens=0.597592, spec=0.960296
Epoch [427/500] Loss=0.295910 Acc=0.905023
epoch 428 test: acc=0.773361, f1=0.460760, auc=0.934682, bac=0.592618, sens=0.592618, spec=0.960611
epoch 428 val: acc=0.782878, f1=0.473313, auc=0.945428, bac=0.594408, sens=0.594408, spec=0.960871
Epoch [428/500] Loss=0.292173 Acc=0.906475
epoch 429 test: acc=0.771554, f1=0.456064, auc=0.933849, bac=0.592058, sens=0.592058, spec=0.960563
epoch 429 val: acc=0.781331, f1=0.473980, auc=0.944688, bac=0.600530, sens=0.600530, spec=0.960934
Epoch [429/500] Loss=0.297572 Acc=0.904513
epoch 430 test: acc=0.773619, f1=0.457689, auc=0.934385, bac=0.593256, sens=0.593256, spec=0.960906
epoch 430 val: acc=0.781331, f1=0.472722, auc=0.945220, bac=0.594117, sens=0.594117, spec=0.960782
Epoch [430/500] Loss=0.294860 Acc=0.905688
epoch 431 test: acc=0.768715, f1=0.457798, auc=0.932961, bac=0.592806, sens=0.592806, spec=0.960466
epoch 431 val: acc=0.777720, f1=0.471355, auc=0.944010, bac=0.600708, sens=0.600708, spec=0.960929
Epoch [431/500] Loss=0.296856 Acc=0.904146
epoch 432 test: acc=0.774910, f1=0.459770, auc=0.934830, bac=0.592556, sens=0.592556, spec=0.960834
epoch 432 val: acc=0.783394, f1=0.478041, auc=0.945484, bac=0.600257, sens=0.600257, spec=0.960924
Epoch [432/500] Loss=0.294473 Acc=0.906402
epoch 433 test: acc=0.771812, f1=0.458973, auc=0.934265, bac=0.595496, sens=0.595496, spec=0.960656
epoch 433 val: acc=0.781331, f1=0.472092, auc=0.944614, bac=0.598210, sens=0.598210, spec=0.960946
Epoch [433/500] Loss=0.290927 Acc=0.906580
epoch 434 test: acc=0.774910, f1=0.461815, auc=0.934799, bac=0.595748, sens=0.595748, spec=0.960875
epoch 434 val: acc=0.779783, f1=0.470027, auc=0.945397, bac=0.592600, sens=0.592600, spec=0.960453
Epoch [434/500] Loss=0.291555 Acc=0.907017
epoch 435 test: acc=0.772586, f1=0.458591, auc=0.934034, bac=0.592921, sens=0.592921, spec=0.960628
epoch 435 val: acc=0.779268, f1=0.472568, auc=0.943996, bac=0.598019, sens=0.598019, spec=0.960392
Epoch [435/500] Loss=0.294504 Acc=0.906205
epoch 436 test: acc=0.773361, f1=0.461463, auc=0.934490, bac=0.591907, sens=0.591907, spec=0.960662
epoch 436 val: acc=0.780815, f1=0.477576, auc=0.945130, bac=0.599168, sens=0.599168, spec=0.960587
Epoch [436/500] Loss=0.292417 Acc=0.906845
epoch 437 test: acc=0.773361, f1=0.459288, auc=0.934287, bac=0.595787, sens=0.595787, spec=0.960783
epoch 437 val: acc=0.780299, f1=0.473700, auc=0.944721, bac=0.598912, sens=0.598912, spec=0.960759
Epoch [437/500] Loss=0.291623 Acc=0.906697
epoch 438 test: acc=0.773103, f1=0.459258, auc=0.933814, bac=0.591052, sens=0.591052, spec=0.960779
epoch 438 val: acc=0.780299, f1=0.472500, auc=0.944174, bac=0.597686, sens=0.597686, spec=0.960673
Epoch [438/500] Loss=0.292923 Acc=0.906765
epoch 439 test: acc=0.772845, f1=0.461025, auc=0.934147, bac=0.595855, sens=0.595855, spec=0.960802
epoch 439 val: acc=0.779268, f1=0.471976, auc=0.945087, bac=0.597491, sens=0.597491, spec=0.960521
Epoch [439/500] Loss=0.290941 Acc=0.906962
epoch 440 test: acc=0.774135, f1=0.459045, auc=0.934852, bac=0.594816, sens=0.594816, spec=0.960783
epoch 440 val: acc=0.782878, f1=0.472697, auc=0.945073, bac=0.595022, sens=0.595022, spec=0.960886
Epoch [440/500] Loss=0.288237 Acc=0.907939
epoch 441 test: acc=0.774135, f1=0.458373, auc=0.934512, bac=0.592783, sens=0.592783, spec=0.960874
epoch 441 val: acc=0.781331, f1=0.475729, auc=0.944529, bac=0.599256, sens=0.599256, spec=0.960738
Epoch [441/500] Loss=0.292282 Acc=0.906332
epoch 442 test: acc=0.773361, f1=0.460328, auc=0.934303, bac=0.596117, sens=0.596117, spec=0.960752
epoch 442 val: acc=0.782362, f1=0.475836, auc=0.944570, bac=0.599545, sens=0.599545, spec=0.960807
Epoch [442/500] Loss=0.290866 Acc=0.907192
epoch 443 test: acc=0.769747, f1=0.456828, auc=0.933414, bac=0.589900, sens=0.589900, spec=0.960543
epoch 443 val: acc=0.779783, f1=0.473774, auc=0.944738, bac=0.601096, sens=0.601096, spec=0.960847
Epoch [443/500] Loss=0.292427 Acc=0.905963
epoch 444 test: acc=0.774910, f1=0.462437, auc=0.934582, bac=0.593660, sens=0.593660, spec=0.960816
epoch 444 val: acc=0.779783, f1=0.470383, auc=0.944905, bac=0.592600, sens=0.592600, spec=0.960448
Epoch [444/500] Loss=0.293273 Acc=0.905563
epoch 445 test: acc=0.777749, f1=0.465869, auc=0.935260, bac=0.594359, sens=0.594359, spec=0.960810
epoch 445 val: acc=0.785456, f1=0.480872, auc=0.945597, bac=0.601833, sens=0.601833, spec=0.961190
Epoch [445/500] Loss=0.289399 Acc=0.908017
epoch 446 test: acc=0.771038, f1=0.459251, auc=0.933418, bac=0.592960, sens=0.592960, spec=0.960549
epoch 446 val: acc=0.779783, f1=0.473682, auc=0.944206, bac=0.599758, sens=0.599758, spec=0.960580
Epoch [446/500] Loss=0.289764 Acc=0.907420
epoch 447 test: acc=0.777749, f1=0.464129, auc=0.935277, bac=0.594340, sens=0.594340, spec=0.961258
epoch 447 val: acc=0.782878, f1=0.476869, auc=0.946095, bac=0.594974, sens=0.594974, spec=0.960975
Epoch [447/500] Loss=0.286878 Acc=0.908679
epoch 448 test: acc=0.772586, f1=0.456055, auc=0.934317, bac=0.588751, sens=0.588751, spec=0.960734
epoch 448 val: acc=0.778752, f1=0.472355, auc=0.944865, bac=0.598582, sens=0.598582, spec=0.960431
Epoch [448/500] Loss=0.290393 Acc=0.907052
epoch 449 test: acc=0.774135, f1=0.460227, auc=0.934514, bac=0.593231, sens=0.593231, spec=0.960700
epoch 449 val: acc=0.781331, f1=0.475097, auc=0.945034, bac=0.598982, sens=0.598982, spec=0.960661
Epoch [449/500] Loss=0.292084 Acc=0.906125
epoch 450 test: acc=0.769489, f1=0.457920, auc=0.933426, bac=0.594587, sens=0.594587, spec=0.960296
epoch 450 val: acc=0.778752, f1=0.471895, auc=0.944388, bac=0.598913, sens=0.598913, spec=0.960454
Epoch [450/500] Loss=0.289192 Acc=0.907282
epoch 451 test: acc=0.774135, f1=0.458577, auc=0.934478, bac=0.589330, sens=0.589330, spec=0.960768
epoch 451 val: acc=0.781331, f1=0.476971, auc=0.944424, bac=0.600774, sens=0.600774, spec=0.960660
Epoch [451/500] Loss=0.290547 Acc=0.907127
epoch 452 test: acc=0.772845, f1=0.460001, auc=0.934381, bac=0.592706, sens=0.592706, spec=0.960610
epoch 452 val: acc=0.781846, f1=0.476157, auc=0.944942, bac=0.601201, sens=0.601201, spec=0.960734
Epoch [452/500] Loss=0.286198 Acc=0.908409
epoch 453 test: acc=0.774652, f1=0.458560, auc=0.934416, bac=0.588126, sens=0.588126, spec=0.960867
epoch 453 val: acc=0.780815, f1=0.476427, auc=0.945209, bac=0.597500, sens=0.597500, spec=0.960713
Epoch [453/500] Loss=0.289430 Acc=0.907405
epoch 454 test: acc=0.775684, f1=0.459294, auc=0.935187, bac=0.593664, sens=0.593664, spec=0.960902
epoch 454 val: acc=0.780815, f1=0.473364, auc=0.945402, bac=0.593493, sens=0.593493, spec=0.960549
Epoch [454/500] Loss=0.284474 Acc=0.908474
epoch 455 test: acc=0.772328, f1=0.459874, auc=0.934232, bac=0.594499, sens=0.594499, spec=0.960749
epoch 455 val: acc=0.778752, f1=0.472811, auc=0.944891, bac=0.597811, sens=0.597811, spec=0.960394
Epoch [455/500] Loss=0.290392 Acc=0.907085
epoch 456 test: acc=0.775684, f1=0.459359, auc=0.934876, bac=0.589046, sens=0.589046, spec=0.960984
epoch 456 val: acc=0.781331, f1=0.476776, auc=0.945203, bac=0.599831, sens=0.599831, spec=0.960639
Epoch [456/500] Loss=0.291809 Acc=0.906375
epoch 457 test: acc=0.776717, f1=0.462798, auc=0.934923, bac=0.594594, sens=0.594594, spec=0.961161
epoch 457 val: acc=0.782362, f1=0.475011, auc=0.946248, bac=0.598074, sens=0.598074, spec=0.960794
Epoch [457/500] Loss=0.288757 Acc=0.907377
epoch 458 test: acc=0.772586, f1=0.461472, auc=0.933815, bac=0.594595, sens=0.594595, spec=0.960726
epoch 458 val: acc=0.781331, f1=0.475302, auc=0.944424, bac=0.600821, sens=0.600821, spec=0.960804
Epoch [458/500] Loss=0.288327 Acc=0.907660
epoch 459 test: acc=0.770263, f1=0.460494, auc=0.933352, bac=0.595550, sens=0.595550, spec=0.960530
epoch 459 val: acc=0.777720, f1=0.472050, auc=0.943783, bac=0.598757, sens=0.598757, spec=0.960538
Epoch [459/500] Loss=0.291428 Acc=0.905985
epoch 460 test: acc=0.774652, f1=0.462093, auc=0.934576, bac=0.592499, sens=0.592499, spec=0.960361
epoch 460 val: acc=0.784941, f1=0.478179, auc=0.944630, bac=0.601698, sens=0.601698, spec=0.961186
Epoch [460/500] Loss=0.288568 Acc=0.907999
epoch 461 test: acc=0.775426, f1=0.462172, auc=0.933820, bac=0.597194, sens=0.597194, spec=0.961216
epoch 461 val: acc=0.780299, f1=0.471651, auc=0.945351, bac=0.594867, sens=0.594867, spec=0.960774
Epoch [461/500] Loss=0.289297 Acc=0.907360
epoch 462 test: acc=0.776717, f1=0.461652, auc=0.934628, bac=0.595018, sens=0.595018, spec=0.961160
epoch 462 val: acc=0.783909, f1=0.480366, auc=0.946034, bac=0.602438, sens=0.602438, spec=0.960968
Epoch [462/500] Loss=0.288514 Acc=0.907232
epoch 463 test: acc=0.770263, f1=0.458565, auc=0.933378, bac=0.593545, sens=0.593545, spec=0.960405
epoch 463 val: acc=0.779268, f1=0.474984, auc=0.943890, bac=0.601329, sens=0.601329, spec=0.960626
Epoch [463/500] Loss=0.288373 Acc=0.907924
epoch 464 test: acc=0.773103, f1=0.456908, auc=0.934027, bac=0.588070, sens=0.588070, spec=0.960745
epoch 464 val: acc=0.779268, f1=0.471545, auc=0.945238, bac=0.594539, sens=0.594539, spec=0.960498
Epoch [464/500] Loss=0.290965 Acc=0.906482
epoch 465 test: acc=0.776200, f1=0.463101, auc=0.934391, bac=0.594827, sens=0.594827, spec=0.961128
epoch 465 val: acc=0.782362, f1=0.475816, auc=0.945290, bac=0.600158, sens=0.600158, spec=0.960916
Epoch [465/500] Loss=0.287256 Acc=0.907755
epoch 466 test: acc=0.774393, f1=0.454614, auc=0.933866, bac=0.588379, sens=0.588379, spec=0.960965
epoch 466 val: acc=0.778752, f1=0.470531, auc=0.944739, bac=0.594159, sens=0.594159, spec=0.960438
Epoch [466/500] Loss=0.291510 Acc=0.906028
epoch 467 test: acc=0.774652, f1=0.462808, auc=0.934034, bac=0.596596, sens=0.596596, spec=0.961098
epoch 467 val: acc=0.779783, f1=0.473166, auc=0.945278, bac=0.596975, sens=0.596975, spec=0.960559
Epoch [467/500] Loss=0.285585 Acc=0.908734
epoch 468 test: acc=0.775684, f1=0.461023, auc=0.934635, bac=0.593928, sens=0.593928, spec=0.960937
epoch 468 val: acc=0.781331, f1=0.476569, auc=0.945880, bac=0.600247, sens=0.600247, spec=0.960628
Epoch [468/500] Loss=0.286367 Acc=0.908122
epoch 469 test: acc=0.773619, f1=0.457227, auc=0.934369, bac=0.589276, sens=0.589276, spec=0.960695
epoch 469 val: acc=0.780815, f1=0.473511, auc=0.944837, bac=0.595247, sens=0.595247, spec=0.960680
Epoch [469/500] Loss=0.285031 Acc=0.908214
epoch 470 test: acc=0.775942, f1=0.462162, auc=0.935122, bac=0.592430, sens=0.592430, spec=0.960768
epoch 470 val: acc=0.784941, f1=0.481293, auc=0.945895, bac=0.600265, sens=0.600265, spec=0.961360
Epoch [470/500] Loss=0.287617 Acc=0.908132
epoch 471 test: acc=0.773361, f1=0.456192, auc=0.934531, bac=0.588755, sens=0.588755, spec=0.960788
epoch 471 val: acc=0.780299, f1=0.473424, auc=0.945010, bac=0.595150, sens=0.595150, spec=0.960610
Epoch [471/500] Loss=0.287253 Acc=0.907507
epoch 472 test: acc=0.775942, f1=0.463726, auc=0.934589, bac=0.595485, sens=0.595485, spec=0.961178
epoch 472 val: acc=0.784425, f1=0.479424, auc=0.945180, bac=0.602008, sens=0.602008, spec=0.961308
Epoch [472/500] Loss=0.286080 Acc=0.908234
epoch 473 test: acc=0.776458, f1=0.462750, auc=0.935422, bac=0.593805, sens=0.593805, spec=0.960808
epoch 473 val: acc=0.781331, f1=0.474512, auc=0.945448, bac=0.597794, sens=0.597794, spec=0.960630
Epoch [473/500] Loss=0.286855 Acc=0.908272
epoch 474 test: acc=0.772070, f1=0.457439, auc=0.932738, bac=0.588701, sens=0.588701, spec=0.960826
epoch 474 val: acc=0.780299, f1=0.475520, auc=0.943944, bac=0.600666, sens=0.600666, spec=0.960773
Epoch [474/500] Loss=0.292942 Acc=0.905963
epoch 475 test: acc=0.773619, f1=0.464590, auc=0.934283, bac=0.593295, sens=0.593295, spec=0.960743
epoch 475 val: acc=0.782362, f1=0.484733, auc=0.944732, bac=0.601864, sens=0.601864, spec=0.960906
Epoch [475/500] Loss=0.287081 Acc=0.908039
epoch 476 test: acc=0.776717, f1=0.462104, auc=0.934807, bac=0.596952, sens=0.596952, spec=0.961058
epoch 476 val: acc=0.780815, f1=0.475564, auc=0.945785, bac=0.598396, sens=0.598396, spec=0.960550
Epoch [476/500] Loss=0.286089 Acc=0.908377
epoch 477 test: acc=0.776458, f1=0.459560, auc=0.934988, bac=0.589338, sens=0.589338, spec=0.961101
epoch 477 val: acc=0.783394, f1=0.474305, auc=0.945840, bac=0.595119, sens=0.595119, spec=0.961055
Epoch [477/500] Loss=0.285255 Acc=0.908857
epoch 478 test: acc=0.774393, f1=0.457047, auc=0.934264, bac=0.588544, sens=0.588544, spec=0.960752
epoch 478 val: acc=0.781331, f1=0.474791, auc=0.944882, bac=0.595061, sens=0.595061, spec=0.960648
Epoch [478/500] Loss=0.287216 Acc=0.907460
epoch 479 test: acc=0.773103, f1=0.455875, auc=0.934518, bac=0.587995, sens=0.587995, spec=0.960611
epoch 479 val: acc=0.781331, f1=0.475281, auc=0.945242, bac=0.600247, sens=0.600247, spec=0.960910
Epoch [479/500] Loss=0.285379 Acc=0.908394
epoch 480 test: acc=0.768973, f1=0.456419, auc=0.933463, bac=0.591836, sens=0.591836, spec=0.960078
epoch 480 val: acc=0.778752, f1=0.474287, auc=0.944409, bac=0.599281, sens=0.599281, spec=0.960404
Epoch [480/500] Loss=0.286714 Acc=0.907482
epoch 481 test: acc=0.776975, f1=0.464995, auc=0.934577, bac=0.596010, sens=0.596010, spec=0.961248
epoch 481 val: acc=0.783909, f1=0.481109, auc=0.946027, bac=0.602241, sens=0.602241, spec=0.961070
Epoch [481/500] Loss=0.283326 Acc=0.909436
epoch 482 test: acc=0.772845, f1=0.461188, auc=0.933554, bac=0.592347, sens=0.592347, spec=0.960792
epoch 482 val: acc=0.780815, f1=0.479076, auc=0.944706, bac=0.603987, sens=0.603987, spec=0.960783
Epoch [482/500] Loss=0.288004 Acc=0.907655
epoch 483 test: acc=0.777491, f1=0.461329, auc=0.935149, bac=0.591944, sens=0.591944, spec=0.961063
epoch 483 val: acc=0.785456, f1=0.484416, auc=0.945770, bac=0.597874, sens=0.597874, spec=0.961208
Epoch [483/500] Loss=0.283540 Acc=0.909671
epoch 484 test: acc=0.776458, f1=0.457845, auc=0.935247, bac=0.591494, sens=0.591494, spec=0.961031
epoch 484 val: acc=0.781331, f1=0.474707, auc=0.945603, bac=0.597880, sens=0.597880, spec=0.960645
Epoch [484/500] Loss=0.284117 Acc=0.908819
epoch 485 test: acc=0.772070, f1=0.461012, auc=0.933252, bac=0.594687, sens=0.594687, spec=0.960737
epoch 485 val: acc=0.780815, f1=0.478249, auc=0.944134, bac=0.602933, sens=0.602933, spec=0.960693
Epoch [485/500] Loss=0.286729 Acc=0.907857
epoch 486 test: acc=0.778007, f1=0.464577, auc=0.935429, bac=0.592233, sens=0.592233, spec=0.960963
epoch 486 val: acc=0.780299, f1=0.471311, auc=0.946241, bac=0.592697, sens=0.592697, spec=0.960383
Epoch [486/500] Loss=0.287202 Acc=0.907954
epoch 487 test: acc=0.770780, f1=0.459691, auc=0.933559, bac=0.595604, sens=0.595604, spec=0.960537
epoch 487 val: acc=0.779268, f1=0.474645, auc=0.943892, bac=0.599614, sens=0.599614, spec=0.960593
Epoch [487/500] Loss=0.285942 Acc=0.908034
epoch 488 test: acc=0.773877, f1=0.462791, auc=0.933844, bac=0.594606, sens=0.594606, spec=0.960875
epoch 488 val: acc=0.780299, f1=0.474252, auc=0.944846, bac=0.600014, sens=0.600014, spec=0.960649
Epoch [488/500] Loss=0.285781 Acc=0.908042
epoch 489 test: acc=0.772070, f1=0.458404, auc=0.932995, bac=0.593437, sens=0.593437, spec=0.960755
epoch 489 val: acc=0.777205, f1=0.469252, auc=0.943846, bac=0.592248, sens=0.592248, spec=0.960336
Epoch [489/500] Loss=0.288672 Acc=0.906997
epoch 490 test: acc=0.776717, f1=0.462233, auc=0.935289, bac=0.592821, sens=0.592821, spec=0.960810
epoch 490 val: acc=0.784425, f1=0.481572, auc=0.946577, bac=0.599028, sens=0.599028, spec=0.960922
Epoch [490/500] Loss=0.284335 Acc=0.908397
epoch 491 test: acc=0.779040, f1=0.460603, auc=0.935395, bac=0.590008, sens=0.590008, spec=0.961168
epoch 491 val: acc=0.782878, f1=0.473957, auc=0.946853, bac=0.593465, sens=0.593465, spec=0.960842
Epoch [491/500] Loss=0.283366 Acc=0.909574
epoch 492 test: acc=0.772070, f1=0.459154, auc=0.934105, bac=0.589243, sens=0.589243, spec=0.960756
epoch 492 val: acc=0.777720, f1=0.470334, auc=0.944894, bac=0.592666, sens=0.592666, spec=0.960374
Epoch [492/500] Loss=0.281765 Acc=0.909386
epoch 493 test: acc=0.777233, f1=0.465001, auc=0.934223, bac=0.595421, sens=0.595421, spec=0.961220
epoch 493 val: acc=0.781846, f1=0.478274, auc=0.944952, bac=0.595441, sens=0.595441, spec=0.960683
Epoch [493/500] Loss=0.285086 Acc=0.908974
epoch 494 test: acc=0.773103, f1=0.461574, auc=0.933316, bac=0.595852, sens=0.595852, spec=0.960788
epoch 494 val: acc=0.777720, f1=0.472346, auc=0.944825, bac=0.597286, sens=0.597286, spec=0.960498
Epoch [494/500] Loss=0.285513 Acc=0.908472
epoch 495 test: acc=0.778265, f1=0.466049, auc=0.935155, bac=0.593721, sens=0.593721, spec=0.961193
epoch 495 val: acc=0.783909, f1=0.481094, auc=0.946156, bac=0.600402, sens=0.600402, spec=0.961092
Epoch [495/500] Loss=0.282011 Acc=0.909756
epoch 496 test: acc=0.775426, f1=0.463294, auc=0.934194, bac=0.595388, sens=0.595388, spec=0.961225
epoch 496 val: acc=0.780299, f1=0.475513, auc=0.944538, bac=0.599525, sens=0.599525, spec=0.960587
Epoch [496/500] Loss=0.283212 Acc=0.909289
epoch 497 test: acc=0.775426, f1=0.460814, auc=0.934319, bac=0.592902, sens=0.592902, spec=0.961085
epoch 497 val: acc=0.778236, f1=0.468586, auc=0.945087, bac=0.592442, sens=0.592442, spec=0.960594
Epoch [497/500] Loss=0.284085 Acc=0.908519
epoch 498 test: acc=0.777749, f1=0.464926, auc=0.935074, bac=0.590354, sens=0.590354, spec=0.961057
epoch 498 val: acc=0.783394, f1=0.481670, auc=0.946422, bac=0.599494, sens=0.599494, spec=0.960906
Epoch [498/500] Loss=0.280048 Acc=0.909736
epoch 499 test: acc=0.770005, f1=0.459308, auc=0.932805, bac=0.592572, sens=0.592572, spec=0.960551
epoch 499 val: acc=0.778752, f1=0.478847, auc=0.944027, bac=0.603072, sens=0.603072, spec=0.960764
Epoch [499/500] Loss=0.283040 Acc=0.908409
Best val acc=0.786488, best test acc=0.779040
