Stage2 start: 2026-02-02 03:19:27
epoch 0 test: acc=0.644812, f1=0.287166, auc=0.833427, bac=0.439671, sens=0.439671, spec=0.936239
epoch 0 val: acc=0.662713, f1=0.325058, auc=0.848467, bac=0.527789, sens=0.527789, spec=0.937333
Epoch [0/500] Loss=1.781291 Acc=0.399787
epoch 1 test: acc=0.684306, f1=0.337022, auc=0.875949, bac=0.480958, sens=0.480958, spec=0.945670
epoch 1 val: acc=0.694688, f1=0.366853, auc=0.880866, bac=0.582875, sens=0.582875, spec=0.945857
Epoch [1/500] Loss=1.431484 Acc=0.620324
epoch 2 test: acc=0.697470, f1=0.364996, auc=0.892329, bac=0.555623, sens=0.555623, spec=0.948759
epoch 2 val: acc=0.711707, f1=0.394572, auc=0.895306, bac=0.608871, sens=0.608871, spec=0.949856
Epoch [2/500] Loss=1.234649 Acc=0.697402
epoch 3 test: acc=0.703407, f1=0.376081, auc=0.901755, bac=0.567928, sens=0.567928, spec=0.950445
epoch 3 val: acc=0.715833, f1=0.397594, auc=0.904483, bac=0.608732, sens=0.608732, spec=0.951212
Epoch [3/500] Loss=1.099072 Acc=0.731423
epoch 4 test: acc=0.704182, f1=0.377322, auc=0.906394, bac=0.568804, sens=0.568804, spec=0.950730
epoch 4 val: acc=0.717896, f1=0.401123, auc=0.908996, bac=0.610121, sens=0.610121, spec=0.952153
Epoch [4/500] Loss=1.015165 Acc=0.749148
epoch 5 test: acc=0.705989, f1=0.380199, auc=0.910241, bac=0.568951, sens=0.568951, spec=0.951140
epoch 5 val: acc=0.719959, f1=0.402811, auc=0.913841, bac=0.606656, sens=0.606656, spec=0.952857
Epoch [5/500] Loss=0.945596 Acc=0.762688
epoch 6 test: acc=0.712700, f1=0.386969, auc=0.912964, bac=0.573951, sens=0.573951, spec=0.952308
epoch 6 val: acc=0.720990, f1=0.406293, auc=0.915916, bac=0.611050, sens=0.611050, spec=0.953110
Epoch [6/500] Loss=0.891269 Acc=0.772348
epoch 7 test: acc=0.715539, f1=0.393046, auc=0.914792, bac=0.582035, sens=0.582035, spec=0.952947
epoch 7 val: acc=0.724085, f1=0.410645, auc=0.918175, bac=0.608196, sens=0.608196, spec=0.953503
Epoch [7/500] Loss=0.850392 Acc=0.779908
epoch 8 test: acc=0.719928, f1=0.396904, auc=0.916862, bac=0.584590, sens=0.584590, spec=0.953465
epoch 8 val: acc=0.727179, f1=0.416967, auc=0.919715, bac=0.619145, sens=0.619145, spec=0.953871
Epoch [8/500] Loss=0.817586 Acc=0.787318
epoch 9 test: acc=0.721735, f1=0.398809, auc=0.917581, bac=0.586396, sens=0.586396, spec=0.953873
epoch 9 val: acc=0.729242, f1=0.416170, auc=0.921117, bac=0.618958, sens=0.618958, spec=0.954388
Epoch [9/500] Loss=0.783980 Acc=0.793099
epoch 10 test: acc=0.722251, f1=0.399620, auc=0.919791, bac=0.586187, sens=0.586187, spec=0.953749
epoch 10 val: acc=0.728726, f1=0.419015, auc=0.922546, bac=0.619106, sens=0.619106, spec=0.954202
Epoch [10/500] Loss=0.760989 Acc=0.797470
epoch 11 test: acc=0.726381, f1=0.403638, auc=0.920122, bac=0.589590, sens=0.589590, spec=0.954645
epoch 11 val: acc=0.730789, f1=0.421963, auc=0.923889, bac=0.620107, sens=0.620107, spec=0.954499
Epoch [11/500] Loss=0.738992 Acc=0.801544
epoch 12 test: acc=0.728446, f1=0.406616, auc=0.920890, bac=0.592934, sens=0.592934, spec=0.954840
epoch 12 val: acc=0.729758, f1=0.422673, auc=0.925283, bac=0.620196, sens=0.620196, spec=0.954308
Epoch [12/500] Loss=0.720926 Acc=0.804962
epoch 13 test: acc=0.727930, f1=0.403965, auc=0.921616, bac=0.588078, sens=0.588078, spec=0.954793
epoch 13 val: acc=0.732336, f1=0.420090, auc=0.925360, bac=0.616344, sens=0.616344, spec=0.954684
Epoch [13/500] Loss=0.698521 Acc=0.809393
epoch 14 test: acc=0.730253, f1=0.406722, auc=0.922963, bac=0.589269, sens=0.589269, spec=0.955056
epoch 14 val: acc=0.733883, f1=0.425483, auc=0.927123, bac=0.622151, sens=0.622151, spec=0.954881
Epoch [14/500] Loss=0.682353 Acc=0.812682
epoch 15 test: acc=0.730511, f1=0.408259, auc=0.922910, bac=0.590077, sens=0.590077, spec=0.955011
epoch 15 val: acc=0.734399, f1=0.426647, auc=0.927008, bac=0.618816, sens=0.618816, spec=0.954936
Epoch [15/500] Loss=0.668106 Acc=0.816559
epoch 16 test: acc=0.733609, f1=0.408683, auc=0.924463, bac=0.584764, sens=0.584764, spec=0.955582
epoch 16 val: acc=0.736462, f1=0.428494, auc=0.928186, bac=0.617192, sens=0.617192, spec=0.955309
Epoch [16/500] Loss=0.652074 Acc=0.821805
epoch 17 test: acc=0.734125, f1=0.411393, auc=0.924632, bac=0.590190, sens=0.590190, spec=0.955725
epoch 17 val: acc=0.734399, f1=0.428934, auc=0.928697, bac=0.621946, sens=0.621946, spec=0.955023
Epoch [17/500] Loss=0.642706 Acc=0.822954
epoch 18 test: acc=0.731802, f1=0.411321, auc=0.923926, bac=0.593351, sens=0.593351, spec=0.955389
epoch 18 val: acc=0.737494, f1=0.431899, auc=0.929157, bac=0.632990, sens=0.632990, spec=0.955368
Epoch [18/500] Loss=0.629757 Acc=0.824051
epoch 19 test: acc=0.735932, f1=0.413932, auc=0.925144, bac=0.592449, sens=0.592449, spec=0.955901
epoch 19 val: acc=0.739041, f1=0.432217, auc=0.930124, bac=0.623668, sens=0.623668, spec=0.955561
Epoch [19/500] Loss=0.617198 Acc=0.827493
epoch 20 test: acc=0.735157, f1=0.412513, auc=0.924876, bac=0.590978, sens=0.590978, spec=0.955743
epoch 20 val: acc=0.741619, f1=0.435003, auc=0.930429, bac=0.633964, sens=0.633964, spec=0.955914
Epoch [20/500] Loss=0.609466 Acc=0.829242
epoch 21 test: acc=0.737223, f1=0.414434, auc=0.925750, bac=0.592593, sens=0.592593, spec=0.956065
epoch 21 val: acc=0.742651, f1=0.437256, auc=0.930551, bac=0.633583, sens=0.633583, spec=0.955760
Epoch [21/500] Loss=0.603560 Acc=0.831067
epoch 22 test: acc=0.736964, f1=0.418180, auc=0.925867, bac=0.593704, sens=0.593704, spec=0.956076
epoch 22 val: acc=0.742135, f1=0.438314, auc=0.931031, bac=0.626523, sens=0.626523, spec=0.956051
Epoch [22/500] Loss=0.592338 Acc=0.834770
epoch 23 test: acc=0.738771, f1=0.417406, auc=0.926363, bac=0.594775, sens=0.594775, spec=0.956427
epoch 23 val: acc=0.744198, f1=0.438700, auc=0.930996, bac=0.626384, sens=0.626384, spec=0.956061
Epoch [23/500] Loss=0.585262 Acc=0.835920
epoch 24 test: acc=0.740836, f1=0.420366, auc=0.926598, bac=0.596016, sens=0.596016, spec=0.956695
epoch 24 val: acc=0.745745, f1=0.442403, auc=0.931650, bac=0.626910, sens=0.626910, spec=0.956249
Epoch [24/500] Loss=0.577953 Acc=0.835967
epoch 25 test: acc=0.741611, f1=0.420582, auc=0.926768, bac=0.596020, sens=0.596020, spec=0.956702
epoch 25 val: acc=0.747808, f1=0.439791, auc=0.932133, bac=0.627346, sens=0.627346, spec=0.956590
Epoch [25/500] Loss=0.569848 Acc=0.837410
epoch 26 test: acc=0.743418, f1=0.423297, auc=0.927758, bac=0.596073, sens=0.596073, spec=0.956812
epoch 26 val: acc=0.751934, f1=0.446599, auc=0.932363, bac=0.630480, sens=0.630480, spec=0.957264
Epoch [26/500] Loss=0.567210 Acc=0.840556
epoch 27 test: acc=0.740062, f1=0.420374, auc=0.926349, bac=0.597643, sens=0.597643, spec=0.956592
epoch 27 val: acc=0.746777, f1=0.443921, auc=0.932920, bac=0.629179, sens=0.629179, spec=0.956646
Epoch [27/500] Loss=0.559731 Acc=0.839009
epoch 28 test: acc=0.742385, f1=0.421580, auc=0.927765, bac=0.596920, sens=0.596920, spec=0.956903
epoch 28 val: acc=0.748840, f1=0.441308, auc=0.932876, bac=0.628144, sens=0.628144, spec=0.956944
Epoch [28/500] Loss=0.547798 Acc=0.842978
epoch 29 test: acc=0.743934, f1=0.427497, auc=0.928634, bac=0.598891, sens=0.598891, spec=0.956766
epoch 29 val: acc=0.751934, f1=0.447799, auc=0.932550, bac=0.632186, sens=0.632186, spec=0.957340
Epoch [29/500] Loss=0.543177 Acc=0.845237
epoch 30 test: acc=0.743676, f1=0.425505, auc=0.927359, bac=0.600572, sens=0.600572, spec=0.957075
epoch 30 val: acc=0.747808, f1=0.442799, auc=0.933059, bac=0.628808, sens=0.628808, spec=0.956643
Epoch [30/500] Loss=0.540853 Acc=0.845270
epoch 31 test: acc=0.741094, f1=0.422393, auc=0.927148, bac=0.598125, sens=0.598125, spec=0.956682
epoch 31 val: acc=0.746777, f1=0.443611, auc=0.933715, bac=0.629179, sens=0.629179, spec=0.956750
Epoch [31/500] Loss=0.532887 Acc=0.845929
epoch 32 test: acc=0.745999, f1=0.426802, auc=0.928669, bac=0.596985, sens=0.596985, spec=0.957199
epoch 32 val: acc=0.752450, f1=0.444762, auc=0.933714, bac=0.630002, sens=0.630002, spec=0.957417
Epoch [32/500] Loss=0.529143 Acc=0.847934
epoch 33 test: acc=0.747806, f1=0.430100, auc=0.928679, bac=0.603220, sens=0.603220, spec=0.957626
epoch 33 val: acc=0.750903, f1=0.447411, auc=0.934248, bac=0.631135, sens=0.631135, spec=0.957328
Epoch [33/500] Loss=0.525368 Acc=0.848936
epoch 34 test: acc=0.747806, f1=0.429824, auc=0.928449, bac=0.600806, sens=0.600806, spec=0.957625
epoch 34 val: acc=0.751934, f1=0.443764, auc=0.933257, bac=0.629009, sens=0.629009, spec=0.957333
Epoch [34/500] Loss=0.520024 Acc=0.849578
epoch 35 test: acc=0.749613, f1=0.430636, auc=0.929215, bac=0.598844, sens=0.598844, spec=0.957690
epoch 35 val: acc=0.752965, f1=0.445277, auc=0.934242, bac=0.625724, sens=0.625724, spec=0.957345
Epoch [35/500] Loss=0.516835 Acc=0.850188
epoch 36 test: acc=0.748322, f1=0.431018, auc=0.928900, bac=0.601562, sens=0.601562, spec=0.957714
epoch 36 val: acc=0.751418, f1=0.451177, auc=0.935115, bac=0.627225, sens=0.627225, spec=0.957358
Epoch [36/500] Loss=0.509859 Acc=0.852790
epoch 37 test: acc=0.745999, f1=0.428464, auc=0.928509, bac=0.598023, sens=0.598023, spec=0.957321
epoch 37 val: acc=0.748840, f1=0.443462, auc=0.935303, bac=0.624712, sens=0.624712, spec=0.956795
Epoch [37/500] Loss=0.507683 Acc=0.852602
epoch 38 test: acc=0.750903, f1=0.432941, auc=0.929913, bac=0.599916, sens=0.599916, spec=0.957946
epoch 38 val: acc=0.752965, f1=0.446330, auc=0.934605, bac=0.626864, sens=0.626864, spec=0.957337
Epoch [38/500] Loss=0.503194 Acc=0.854119
epoch 39 test: acc=0.747290, f1=0.429352, auc=0.929256, bac=0.598119, sens=0.598119, spec=0.957521
epoch 39 val: acc=0.752965, f1=0.452807, auc=0.934122, bac=0.632089, sens=0.632089, spec=0.957650
Epoch [39/500] Loss=0.496987 Acc=0.855879
epoch 40 test: acc=0.750645, f1=0.434636, auc=0.929448, bac=0.606753, sens=0.606753, spec=0.957958
epoch 40 val: acc=0.751934, f1=0.450841, auc=0.934509, bac=0.622946, sens=0.622946, spec=0.957256
Epoch [40/500] Loss=0.494435 Acc=0.857706
epoch 41 test: acc=0.749097, f1=0.431457, auc=0.929449, bac=0.600736, sens=0.600736, spec=0.957945
epoch 41 val: acc=0.750387, f1=0.448225, auc=0.935265, bac=0.629265, sens=0.629265, spec=0.957276
Epoch [41/500] Loss=0.492426 Acc=0.856154
epoch 42 test: acc=0.749097, f1=0.432798, auc=0.929344, bac=0.601396, sens=0.601396, spec=0.957821
epoch 42 val: acc=0.750903, f1=0.443809, auc=0.935186, bac=0.623035, sens=0.623035, spec=0.957362
Epoch [42/500] Loss=0.487597 Acc=0.857786
epoch 43 test: acc=0.749355, f1=0.432806, auc=0.929224, bac=0.602746, sens=0.602746, spec=0.957896
epoch 43 val: acc=0.751934, f1=0.447213, auc=0.935662, bac=0.624040, sens=0.624040, spec=0.957245
Epoch [43/500] Loss=0.487085 Acc=0.856346
epoch 44 test: acc=0.752452, f1=0.437151, auc=0.929390, bac=0.608272, sens=0.608272, spec=0.958459
epoch 44 val: acc=0.750903, f1=0.445401, auc=0.935693, bac=0.622422, sens=0.622422, spec=0.957229
Epoch [44/500] Loss=0.476356 Acc=0.860255
epoch 45 test: acc=0.750387, f1=0.436705, auc=0.930054, bac=0.607601, sens=0.607601, spec=0.957823
epoch 45 val: acc=0.752450, f1=0.447361, auc=0.935729, bac=0.624222, sens=0.624222, spec=0.957434
Epoch [45/500] Loss=0.477897 Acc=0.861147
epoch 46 test: acc=0.754775, f1=0.437979, auc=0.929967, bac=0.609562, sens=0.609562, spec=0.958782
epoch 46 val: acc=0.754513, f1=0.450776, auc=0.935742, bac=0.623997, sens=0.623997, spec=0.957733
Epoch [46/500] Loss=0.475553 Acc=0.859702
epoch 47 test: acc=0.754001, f1=0.437571, auc=0.930511, bac=0.604949, sens=0.604949, spec=0.958265
epoch 47 val: acc=0.756576, f1=0.449846, auc=0.937672, bac=0.625574, sens=0.625574, spec=0.957929
Epoch [47/500] Loss=0.468248 Acc=0.862954
epoch 48 test: acc=0.750903, f1=0.436938, auc=0.929708, bac=0.612266, sens=0.612266, spec=0.958245
epoch 48 val: acc=0.751934, f1=0.448287, auc=0.935447, bac=0.624691, sens=0.624691, spec=0.957565
Epoch [48/500] Loss=0.468173 Acc=0.862029
epoch 49 test: acc=0.755550, f1=0.439501, auc=0.930486, bac=0.606443, sens=0.606443, spec=0.958562
epoch 49 val: acc=0.757607, f1=0.453599, auc=0.935921, bac=0.626003, sens=0.626003, spec=0.958148
Epoch [49/500] Loss=0.467074 Acc=0.863271
epoch 50 test: acc=0.753485, f1=0.437489, auc=0.930062, bac=0.605135, sens=0.605135, spec=0.958303
epoch 50 val: acc=0.755028, f1=0.449465, auc=0.936583, bac=0.623812, sens=0.623812, spec=0.958069
Epoch [50/500] Loss=0.461195 Acc=0.864303
epoch 51 test: acc=0.754775, f1=0.438160, auc=0.930849, bac=0.605660, sens=0.605660, spec=0.958583
epoch 51 val: acc=0.755544, f1=0.451162, auc=0.936285, bac=0.626228, sens=0.626228, spec=0.957819
Epoch [51/500] Loss=0.458719 Acc=0.864891
epoch 52 test: acc=0.754001, f1=0.437864, auc=0.931117, bac=0.605558, sens=0.605558, spec=0.958308
epoch 52 val: acc=0.757091, f1=0.456874, auc=0.936323, bac=0.629386, sens=0.629386, spec=0.958255
Epoch [52/500] Loss=0.455308 Acc=0.867113
epoch 53 test: acc=0.754517, f1=0.438273, auc=0.930669, bac=0.605772, sens=0.605772, spec=0.958686
epoch 53 val: acc=0.758123, f1=0.457077, auc=0.935845, bac=0.625856, sens=0.625856, spec=0.958293
Epoch [53/500] Loss=0.453688 Acc=0.866805
epoch 54 test: acc=0.757357, f1=0.439992, auc=0.931585, bac=0.606452, sens=0.606452, spec=0.958738
epoch 54 val: acc=0.760186, f1=0.456903, auc=0.936643, bac=0.625961, sens=0.625961, spec=0.958449
Epoch [54/500] Loss=0.454094 Acc=0.867125
epoch 55 test: acc=0.756840, f1=0.441163, auc=0.930626, bac=0.609217, sens=0.609217, spec=0.958825
epoch 55 val: acc=0.757091, f1=0.450895, auc=0.935767, bac=0.626236, sens=0.626236, spec=0.958195
Epoch [55/500] Loss=0.447597 Acc=0.867750
epoch 56 test: acc=0.755550, f1=0.440008, auc=0.931159, bac=0.606254, sens=0.606254, spec=0.958687
epoch 56 val: acc=0.759154, f1=0.455154, auc=0.936436, bac=0.626050, sens=0.626050, spec=0.958457
Epoch [56/500] Loss=0.444629 Acc=0.868944
epoch 57 test: acc=0.755808, f1=0.441040, auc=0.930275, bac=0.609687, sens=0.609687, spec=0.958965
epoch 57 val: acc=0.757091, f1=0.459679, auc=0.936691, bac=0.626189, sens=0.626189, spec=0.958178
Epoch [57/500] Loss=0.445261 Acc=0.868227
epoch 58 test: acc=0.757357, f1=0.442524, auc=0.930569, bac=0.611353, sens=0.611353, spec=0.959003
epoch 58 val: acc=0.760701, f1=0.461256, auc=0.936753, bac=0.626671, sens=0.626671, spec=0.958683
Epoch [58/500] Loss=0.440743 Acc=0.869237
epoch 59 test: acc=0.756582, f1=0.445529, auc=0.930990, bac=0.614880, sens=0.614880, spec=0.958987
epoch 59 val: acc=0.761217, f1=0.468774, auc=0.938175, bac=0.629418, sens=0.629418, spec=0.958704
Epoch [59/500] Loss=0.440677 Acc=0.868730
epoch 60 test: acc=0.759680, f1=0.447502, auc=0.931401, bac=0.616684, sens=0.616684, spec=0.959377
epoch 60 val: acc=0.762249, f1=0.462328, auc=0.937012, bac=0.629565, sens=0.629565, spec=0.958837
Epoch [60/500] Loss=0.439219 Acc=0.869374
epoch 61 test: acc=0.758647, f1=0.442736, auc=0.931010, bac=0.608727, sens=0.608727, spec=0.959270
epoch 61 val: acc=0.759154, f1=0.451945, auc=0.936544, bac=0.626380, sens=0.626380, spec=0.958582
Epoch [61/500] Loss=0.435741 Acc=0.870764
epoch 62 test: acc=0.757099, f1=0.443122, auc=0.931637, bac=0.611776, sens=0.611776, spec=0.958759
epoch 62 val: acc=0.761733, f1=0.460732, auc=0.937468, bac=0.628092, sens=0.628092, spec=0.958785
Epoch [62/500] Loss=0.430474 Acc=0.873046
epoch 63 test: acc=0.757873, f1=0.445976, auc=0.930677, bac=0.616895, sens=0.616895, spec=0.959269
epoch 63 val: acc=0.759154, f1=0.458689, auc=0.937879, bac=0.626946, sens=0.626946, spec=0.958663
Epoch [63/500] Loss=0.432630 Acc=0.870639
epoch 64 test: acc=0.760196, f1=0.444344, auc=0.932475, bac=0.608067, sens=0.608067, spec=0.959145
epoch 64 val: acc=0.768437, f1=0.475666, auc=0.938636, bac=0.632239, sens=0.632239, spec=0.959534
Epoch [64/500] Loss=0.427844 Acc=0.874135
epoch 65 test: acc=0.760971, f1=0.448633, auc=0.931901, bac=0.617803, sens=0.617803, spec=0.959599
epoch 65 val: acc=0.763280, f1=0.471595, auc=0.937582, bac=0.630372, sens=0.630372, spec=0.959170
Epoch [65/500] Loss=0.426240 Acc=0.873820
epoch 66 test: acc=0.759164, f1=0.444257, auc=0.931736, bac=0.610340, sens=0.610340, spec=0.959279
epoch 66 val: acc=0.762764, f1=0.460640, auc=0.937428, bac=0.628852, sens=0.628852, spec=0.959040
Epoch [66/500] Loss=0.422979 Acc=0.874080
epoch 67 test: acc=0.758647, f1=0.445330, auc=0.930846, bac=0.611160, sens=0.611160, spec=0.959360
epoch 67 val: acc=0.762249, f1=0.464665, auc=0.937445, bac=0.629895, sens=0.629895, spec=0.959082
Epoch [67/500] Loss=0.427039 Acc=0.871901
epoch 68 test: acc=0.760196, f1=0.446705, auc=0.931425, bac=0.612286, sens=0.612286, spec=0.959462
epoch 68 val: acc=0.765343, f1=0.469205, auc=0.937025, bac=0.630760, sens=0.630760, spec=0.959223
Epoch [68/500] Loss=0.422594 Acc=0.873985
epoch 69 test: acc=0.760454, f1=0.446126, auc=0.931679, bac=0.612523, sens=0.612523, spec=0.959439
epoch 69 val: acc=0.764827, f1=0.465967, auc=0.939075, bac=0.630663, sens=0.630663, spec=0.959346
Epoch [69/500] Loss=0.423065 Acc=0.873563
epoch 70 test: acc=0.760196, f1=0.446807, auc=0.931514, bac=0.611833, sens=0.611833, spec=0.959677
epoch 70 val: acc=0.763280, f1=0.467675, auc=0.938224, bac=0.631796, sens=0.631796, spec=0.958969
Epoch [70/500] Loss=0.418277 Acc=0.874640
epoch 71 test: acc=0.761229, f1=0.447553, auc=0.932043, bac=0.611127, sens=0.611127, spec=0.959681
epoch 71 val: acc=0.767406, f1=0.471811, auc=0.938273, bac=0.632658, sens=0.632658, spec=0.959523
Epoch [71/500] Loss=0.416961 Acc=0.875557
epoch 72 test: acc=0.761745, f1=0.448841, auc=0.932015, bac=0.613779, sens=0.613779, spec=0.959583
epoch 72 val: acc=0.766374, f1=0.478476, auc=0.938481, bac=0.631850, sens=0.631850, spec=0.959483
Epoch [72/500] Loss=0.413983 Acc=0.876564
epoch 73 test: acc=0.761487, f1=0.446899, auc=0.931789, bac=0.612001, sens=0.612001, spec=0.959628
epoch 73 val: acc=0.766890, f1=0.466131, auc=0.937843, bac=0.631467, sens=0.631467, spec=0.959485
Epoch [73/500] Loss=0.416063 Acc=0.875640
epoch 74 test: acc=0.763552, f1=0.449541, auc=0.932329, bac=0.613690, sens=0.613690, spec=0.959872
epoch 74 val: acc=0.765859, f1=0.469965, auc=0.937122, bac=0.630943, sens=0.630943, spec=0.959425
Epoch [74/500] Loss=0.411479 Acc=0.877784
epoch 75 test: acc=0.760971, f1=0.447384, auc=0.931708, bac=0.612639, sens=0.612639, spec=0.959607
epoch 75 val: acc=0.767406, f1=0.474648, auc=0.937171, bac=0.632658, sens=0.632658, spec=0.959803
Epoch [75/500] Loss=0.413055 Acc=0.876807
epoch 76 test: acc=0.759164, f1=0.446711, auc=0.931314, bac=0.612724, sens=0.612724, spec=0.959456
epoch 76 val: acc=0.763796, f1=0.469315, auc=0.937649, bac=0.629894, sens=0.629894, spec=0.959175
Epoch [76/500] Loss=0.408349 Acc=0.877784
epoch 77 test: acc=0.761745, f1=0.449096, auc=0.931656, bac=0.616553, sens=0.616553, spec=0.959720
epoch 77 val: acc=0.766890, f1=0.470568, auc=0.937932, bac=0.632891, sens=0.632891, spec=0.959692
Epoch [77/500] Loss=0.406824 Acc=0.877719
epoch 78 test: acc=0.762519, f1=0.451841, auc=0.932495, bac=0.618543, sens=0.618543, spec=0.959595
epoch 78 val: acc=0.770500, f1=0.480408, auc=0.938752, bac=0.634136, sens=0.634136, spec=0.960043
Epoch [78/500] Loss=0.400743 Acc=0.879631
epoch 79 test: acc=0.764584, f1=0.449901, auc=0.933224, bac=0.611329, sens=0.611329, spec=0.959763
epoch 79 val: acc=0.770500, f1=0.490862, auc=0.939062, bac=0.633853, sens=0.633853, spec=0.959775
Epoch [79/500] Loss=0.405604 Acc=0.879616
epoch 80 test: acc=0.762519, f1=0.446519, auc=0.933244, bac=0.605776, sens=0.605776, spec=0.959541
epoch 80 val: acc=0.769985, f1=0.476330, auc=0.938655, bac=0.632568, sens=0.632568, spec=0.960122
Epoch [80/500] Loss=0.399835 Acc=0.880766
epoch 81 test: acc=0.762261, f1=0.447877, auc=0.932327, bac=0.611891, sens=0.611891, spec=0.959838
epoch 81 val: acc=0.769985, f1=0.486130, auc=0.937963, bac=0.634652, sens=0.634652, spec=0.960262
Epoch [81/500] Loss=0.400008 Acc=0.880138
epoch 82 test: acc=0.761745, f1=0.450153, auc=0.931911, bac=0.614204, sens=0.614204, spec=0.959658
epoch 82 val: acc=0.769985, f1=0.483929, auc=0.937671, bac=0.633992, sens=0.633992, spec=0.960226
Epoch [82/500] Loss=0.400350 Acc=0.879499
epoch 83 test: acc=0.763294, f1=0.450050, auc=0.932244, bac=0.614782, sens=0.614782, spec=0.959916
epoch 83 val: acc=0.771532, f1=0.477526, auc=0.938103, bac=0.635754, sens=0.635754, spec=0.960488
Epoch [83/500] Loss=0.399938 Acc=0.880036
epoch 84 test: acc=0.760971, f1=0.448998, auc=0.931845, bac=0.612501, sens=0.612501, spec=0.959730
epoch 84 val: acc=0.766890, f1=0.474676, auc=0.937464, bac=0.632796, sens=0.632796, spec=0.959675
Epoch [84/500] Loss=0.401105 Acc=0.879534
epoch 85 test: acc=0.762519, f1=0.451093, auc=0.932249, bac=0.614778, sens=0.614778, spec=0.959639
epoch 85 val: acc=0.769985, f1=0.482637, auc=0.937552, bac=0.632851, sens=0.632851, spec=0.959975
Epoch [85/500] Loss=0.395917 Acc=0.881405
epoch 86 test: acc=0.764068, f1=0.450469, auc=0.932839, bac=0.614928, sens=0.614928, spec=0.959950
epoch 86 val: acc=0.772047, f1=0.474941, auc=0.939908, bac=0.635568, sens=0.635568, spec=0.960550
Epoch [86/500] Loss=0.391221 Acc=0.882353
epoch 87 test: acc=0.762003, f1=0.450474, auc=0.932351, bac=0.615822, sens=0.615822, spec=0.959635
epoch 87 val: acc=0.769985, f1=0.489330, auc=0.938658, bac=0.636359, sens=0.636359, spec=0.960197
Epoch [87/500] Loss=0.392723 Acc=0.882515
epoch 88 test: acc=0.762003, f1=0.447862, auc=0.932424, bac=0.611560, sens=0.611560, spec=0.959659
epoch 88 val: acc=0.771532, f1=0.478976, auc=0.939023, bac=0.635226, sens=0.635226, spec=0.960326
Epoch [88/500] Loss=0.391180 Acc=0.882483
epoch 89 test: acc=0.764843, f1=0.451077, auc=0.932730, bac=0.614645, sens=0.614645, spec=0.959925
epoch 89 val: acc=0.773595, f1=0.475164, auc=0.939159, bac=0.635614, sens=0.635614, spec=0.960637
Epoch [89/500] Loss=0.389823 Acc=0.883822
epoch 90 test: acc=0.764326, f1=0.451252, auc=0.932713, bac=0.614976, sens=0.614976, spec=0.959911
epoch 90 val: acc=0.773079, f1=0.476742, auc=0.939740, bac=0.636658, sens=0.636658, spec=0.960661
Epoch [90/500] Loss=0.385772 Acc=0.883300
epoch 91 test: acc=0.760196, f1=0.448965, auc=0.931728, bac=0.613488, sens=0.613488, spec=0.959324
epoch 91 val: acc=0.768437, f1=0.474120, auc=0.938544, bac=0.633173, sens=0.633173, spec=0.960039
Epoch [91/500] Loss=0.389902 Acc=0.882535
epoch 92 test: acc=0.763294, f1=0.450792, auc=0.932319, bac=0.614617, sens=0.614617, spec=0.959827
epoch 92 val: acc=0.771016, f1=0.479098, auc=0.939121, bac=0.633290, sens=0.633290, spec=0.960391
Epoch [92/500] Loss=0.387648 Acc=0.882455
epoch 93 test: acc=0.763810, f1=0.451568, auc=0.932187, bac=0.613503, sens=0.613503, spec=0.959916
epoch 93 val: acc=0.772563, f1=0.486769, auc=0.938290, bac=0.635373, sens=0.635373, spec=0.960432
Epoch [93/500] Loss=0.388139 Acc=0.883317
epoch 94 test: acc=0.763294, f1=0.452448, auc=0.932736, bac=0.618971, sens=0.618971, spec=0.959695
epoch 94 val: acc=0.773079, f1=0.491210, auc=0.939784, bac=0.636083, sens=0.636083, spec=0.960529
Epoch [94/500] Loss=0.383654 Acc=0.883415
epoch 95 test: acc=0.763552, f1=0.450427, auc=0.932632, bac=0.611274, sens=0.611274, spec=0.959884
epoch 95 val: acc=0.773079, f1=0.481571, auc=0.939266, bac=0.637224, sens=0.637224, spec=0.960633
Epoch [95/500] Loss=0.381348 Acc=0.885789
epoch 96 test: acc=0.764843, f1=0.450559, auc=0.933169, bac=0.612396, sens=0.612396, spec=0.959917
epoch 96 val: acc=0.773595, f1=0.481367, auc=0.939652, bac=0.636142, sens=0.636142, spec=0.960627
Epoch [96/500] Loss=0.378166 Acc=0.885854
epoch 97 test: acc=0.762003, f1=0.450313, auc=0.932412, bac=0.614865, sens=0.614865, spec=0.959619
epoch 97 val: acc=0.772047, f1=0.481039, auc=0.938811, bac=0.635889, sens=0.635889, spec=0.960382
Epoch [97/500] Loss=0.383067 Acc=0.884375
epoch 98 test: acc=0.761229, f1=0.451126, auc=0.931788, bac=0.615149, sens=0.615149, spec=0.959563
epoch 98 val: acc=0.769469, f1=0.485535, auc=0.938040, bac=0.635490, sens=0.635490, spec=0.959993
Epoch [98/500] Loss=0.381236 Acc=0.884142
epoch 99 test: acc=0.764843, f1=0.449920, auc=0.933106, bac=0.608631, sens=0.608631, spec=0.959934
epoch 99 val: acc=0.773079, f1=0.483269, auc=0.939131, bac=0.634943, sens=0.634943, spec=0.960346
Epoch [99/500] Loss=0.380569 Acc=0.885951
epoch 100 test: acc=0.762003, f1=0.451150, auc=0.931731, bac=0.615459, sens=0.615459, spec=0.959728
epoch 100 val: acc=0.769469, f1=0.483862, auc=0.938006, bac=0.634876, sens=0.634876, spec=0.960120
Epoch [100/500] Loss=0.382255 Acc=0.884417
epoch 101 test: acc=0.764068, f1=0.449478, auc=0.932689, bac=0.608509, sens=0.608509, spec=0.959836
epoch 101 val: acc=0.772563, f1=0.477273, auc=0.938543, bac=0.636930, sens=0.636930, spec=0.960227
Epoch [101/500] Loss=0.376414 Acc=0.885577
epoch 102 test: acc=0.766649, f1=0.454176, auc=0.933219, bac=0.616027, sens=0.616027, spec=0.959956
epoch 102 val: acc=0.773595, f1=0.481012, auc=0.940269, bac=0.636094, sens=0.636094, spec=0.960585
Epoch [102/500] Loss=0.374290 Acc=0.887179
epoch 103 test: acc=0.763552, f1=0.450529, auc=0.932569, bac=0.610355, sens=0.610355, spec=0.959745
epoch 103 val: acc=0.769469, f1=0.478768, auc=0.938922, bac=0.635121, sens=0.635121, spec=0.959892
Epoch [103/500] Loss=0.374275 Acc=0.887733
epoch 104 test: acc=0.765875, f1=0.453339, auc=0.933501, bac=0.616183, sens=0.616183, spec=0.959992
epoch 104 val: acc=0.774110, f1=0.492219, auc=0.939554, bac=0.638880, sens=0.638880, spec=0.960595
Epoch [104/500] Loss=0.372479 Acc=0.887796
epoch 105 test: acc=0.763036, f1=0.448873, auc=0.932448, bac=0.610993, sens=0.610993, spec=0.959813
epoch 105 val: acc=0.771016, f1=0.483210, auc=0.939663, bac=0.636836, sens=0.636836, spec=0.960382
Epoch [105/500] Loss=0.368001 Acc=0.888341
epoch 106 test: acc=0.762003, f1=0.449263, auc=0.931719, bac=0.612837, sens=0.612837, spec=0.959805
epoch 106 val: acc=0.771016, f1=0.486070, auc=0.939109, bac=0.636921, sens=0.636921, spec=0.960208
Epoch [106/500] Loss=0.371660 Acc=0.886526
epoch 107 test: acc=0.764843, f1=0.451470, auc=0.932114, bac=0.613107, sens=0.613107, spec=0.960003
epoch 107 val: acc=0.769985, f1=0.477836, auc=0.939933, bac=0.635831, sens=0.635831, spec=0.959994
Epoch [107/500] Loss=0.371258 Acc=0.886629
epoch 108 test: acc=0.767166, f1=0.450774, auc=0.934462, bac=0.605923, sens=0.605923, spec=0.959865
epoch 108 val: acc=0.778752, f1=0.496520, auc=0.941382, bac=0.632569, sens=0.632569, spec=0.960877
Epoch [108/500] Loss=0.370730 Acc=0.887489
epoch 109 test: acc=0.766908, f1=0.451801, auc=0.933569, bac=0.610038, sens=0.610038, spec=0.960101
epoch 109 val: acc=0.777205, f1=0.496266, auc=0.940454, bac=0.638566, sens=0.638566, spec=0.961076
Epoch [109/500] Loss=0.366949 Acc=0.889031
epoch 110 test: acc=0.765875, f1=0.452253, auc=0.932967, bac=0.610009, sens=0.610009, spec=0.959924
epoch 110 val: acc=0.773079, f1=0.488461, auc=0.939417, bac=0.636941, sens=0.636941, spec=0.960373
Epoch [110/500] Loss=0.368718 Acc=0.888498
epoch 111 test: acc=0.764584, f1=0.449293, auc=0.932624, bac=0.607772, sens=0.607772, spec=0.959900
epoch 111 val: acc=0.773079, f1=0.483600, auc=0.939430, bac=0.631266, sens=0.631266, spec=0.960397
Epoch [111/500] Loss=0.367612 Acc=0.889293
epoch 112 test: acc=0.765359, f1=0.451685, auc=0.933772, bac=0.609746, sens=0.609746, spec=0.959973
epoch 112 val: acc=0.776173, f1=0.498475, auc=0.939895, bac=0.639551, sens=0.639551, spec=0.961007
Epoch [112/500] Loss=0.363882 Acc=0.889545
epoch 113 test: acc=0.764584, f1=0.453921, auc=0.933238, bac=0.616755, sens=0.616755, spec=0.959821
epoch 113 val: acc=0.773595, f1=0.488038, auc=0.940218, bac=0.632936, sens=0.632936, spec=0.960556
Epoch [113/500] Loss=0.362830 Acc=0.889678
epoch 114 test: acc=0.767424, f1=0.452758, auc=0.933546, bac=0.610564, sens=0.610564, spec=0.960226
epoch 114 val: acc=0.775658, f1=0.492619, auc=0.940145, bac=0.639463, sens=0.639463, spec=0.960726
Epoch [114/500] Loss=0.362068 Acc=0.890233
epoch 115 test: acc=0.766649, f1=0.451996, auc=0.933499, bac=0.610418, sens=0.610418, spec=0.960244
epoch 115 val: acc=0.773595, f1=0.495841, auc=0.940332, bac=0.639357, sens=0.639357, spec=0.960542
Epoch [115/500] Loss=0.362693 Acc=0.889795
epoch 116 test: acc=0.766649, f1=0.454111, auc=0.933315, bac=0.615304, sens=0.615304, spec=0.960120
epoch 116 val: acc=0.775658, f1=0.494873, auc=0.941242, bac=0.638888, sens=0.638888, spec=0.960850
Epoch [116/500] Loss=0.364082 Acc=0.888743
epoch 117 test: acc=0.765101, f1=0.450875, auc=0.932203, bac=0.609887, sens=0.609887, spec=0.960089
epoch 117 val: acc=0.772047, f1=0.491251, auc=0.940784, bac=0.636172, sens=0.636172, spec=0.960468
Epoch [117/500] Loss=0.363082 Acc=0.889383
epoch 118 test: acc=0.763810, f1=0.451778, auc=0.932657, bac=0.611441, sens=0.611441, spec=0.959815
epoch 118 val: acc=0.771532, f1=0.494328, auc=0.939095, bac=0.636688, sens=0.636688, spec=0.960261
Epoch [118/500] Loss=0.355798 Acc=0.891195
epoch 119 test: acc=0.765617, f1=0.452164, auc=0.932977, bac=0.610629, sens=0.610629, spec=0.960152
epoch 119 val: acc=0.772563, f1=0.489501, auc=0.940549, bac=0.638306, sens=0.638306, spec=0.960397
Epoch [119/500] Loss=0.360985 Acc=0.889940
epoch 120 test: acc=0.770005, f1=0.455073, auc=0.933900, bac=0.612190, sens=0.612190, spec=0.960567
epoch 120 val: acc=0.777205, f1=0.488094, auc=0.939630, bac=0.637425, sens=0.637425, spec=0.960581
Epoch [120/500] Loss=0.360287 Acc=0.891207
epoch 121 test: acc=0.767166, f1=0.452556, auc=0.933300, bac=0.611250, sens=0.611250, spec=0.960248
epoch 121 val: acc=0.772047, f1=0.483829, auc=0.939748, bac=0.631072, sens=0.631072, spec=0.960108
Epoch [121/500] Loss=0.359508 Acc=0.891297
epoch 122 test: acc=0.766133, f1=0.451548, auc=0.932705, bac=0.610199, sens=0.610199, spec=0.960177
epoch 122 val: acc=0.772563, f1=0.484663, auc=0.939716, bac=0.631499, sens=0.631499, spec=0.960321
Epoch [122/500] Loss=0.357553 Acc=0.890897
epoch 123 test: acc=0.766649, f1=0.451641, auc=0.932585, bac=0.610032, sens=0.610032, spec=0.960349
epoch 123 val: acc=0.772563, f1=0.492678, auc=0.940501, bac=0.637212, sens=0.637212, spec=0.960404
Epoch [123/500] Loss=0.355262 Acc=0.891575
epoch 124 test: acc=0.768715, f1=0.454289, auc=0.933860, bac=0.610991, sens=0.610991, spec=0.960430
epoch 124 val: acc=0.776173, f1=0.493581, auc=0.941107, bac=0.631715, sens=0.631715, spec=0.960685
Epoch [124/500] Loss=0.356804 Acc=0.891710
epoch 125 test: acc=0.769747, f1=0.455035, auc=0.933709, bac=0.612179, sens=0.612179, spec=0.960639
epoch 125 val: acc=0.776173, f1=0.493340, auc=0.940789, bac=0.632367, sens=0.632367, spec=0.960779
Epoch [125/500] Loss=0.353623 Acc=0.892662
epoch 126 test: acc=0.766649, f1=0.453517, auc=0.933629, bac=0.611130, sens=0.611130, spec=0.960134
epoch 126 val: acc=0.776689, f1=0.493342, auc=0.941179, bac=0.638790, sens=0.638790, spec=0.960735
Epoch [126/500] Loss=0.355411 Acc=0.891847
epoch 127 test: acc=0.769231, f1=0.454990, auc=0.934179, bac=0.611898, sens=0.611898, spec=0.960489
epoch 127 val: acc=0.777205, f1=0.494804, auc=0.941664, bac=0.632561, sens=0.632561, spec=0.960927
Epoch [127/500] Loss=0.352718 Acc=0.892994
epoch 128 test: acc=0.766649, f1=0.453727, auc=0.933483, bac=0.613280, sens=0.613280, spec=0.960224
epoch 128 val: acc=0.774626, f1=0.495513, auc=0.940993, bac=0.633791, sens=0.633791, spec=0.960818
Epoch [128/500] Loss=0.349104 Acc=0.893717
epoch 129 test: acc=0.765359, f1=0.452742, auc=0.933422, bac=0.610911, sens=0.610911, spec=0.960074
epoch 129 val: acc=0.774110, f1=0.493867, auc=0.939665, bac=0.633119, sens=0.633119, spec=0.960610
Epoch [129/500] Loss=0.352797 Acc=0.891762
epoch 130 test: acc=0.766391, f1=0.452631, auc=0.932466, bac=0.611817, sens=0.611817, spec=0.960369
epoch 130 val: acc=0.774110, f1=0.494125, auc=0.939490, bac=0.638352, sens=0.638352, spec=0.961007
Epoch [130/500] Loss=0.353692 Acc=0.892367
epoch 131 test: acc=0.762261, f1=0.448883, auc=0.931414, bac=0.609168, sens=0.609168, spec=0.959800
epoch 131 val: acc=0.769985, f1=0.483287, auc=0.939818, bac=0.637010, sens=0.637010, spec=0.960211
Epoch [131/500] Loss=0.355206 Acc=0.890917
epoch 132 test: acc=0.768715, f1=0.456274, auc=0.933931, bac=0.611825, sens=0.611825, spec=0.960239
epoch 132 val: acc=0.776173, f1=0.492230, auc=0.941265, bac=0.631754, sens=0.631754, spec=0.960420
Epoch [132/500] Loss=0.350649 Acc=0.893287
epoch 133 test: acc=0.768715, f1=0.455074, auc=0.933643, bac=0.612824, sens=0.612824, spec=0.960500
epoch 133 val: acc=0.776173, f1=0.498101, auc=0.940310, bac=0.637600, sens=0.637600, spec=0.960518
Epoch [133/500] Loss=0.346776 Acc=0.894416
epoch 134 test: acc=0.767166, f1=0.454420, auc=0.933691, bac=0.611270, sens=0.611270, spec=0.960279
epoch 134 val: acc=0.773595, f1=0.494206, auc=0.940561, bac=0.631929, sens=0.631929, spec=0.960022
Epoch [134/500] Loss=0.346406 Acc=0.894604
epoch 135 test: acc=0.767424, f1=0.454228, auc=0.933756, bac=0.612054, sens=0.612054, spec=0.960312
epoch 135 val: acc=0.777205, f1=0.497547, auc=0.939989, bac=0.634315, sens=0.634315, spec=0.961039
Epoch [135/500] Loss=0.342199 Acc=0.895556
epoch 136 test: acc=0.766649, f1=0.453746, auc=0.933610, bac=0.612148, sens=0.612148, spec=0.960255
epoch 136 val: acc=0.776689, f1=0.496136, auc=0.941767, bac=0.634217, sens=0.634217, spec=0.960837
Epoch [136/500] Loss=0.344782 Acc=0.894931
epoch 137 test: acc=0.767424, f1=0.451693, auc=0.933515, bac=0.609069, sens=0.609069, spec=0.960356
epoch 137 val: acc=0.776173, f1=0.494567, auc=0.940483, bac=0.634206, sens=0.634206, spec=0.960756
Epoch [137/500] Loss=0.346867 Acc=0.893419
epoch 138 test: acc=0.765617, f1=0.453939, auc=0.933073, bac=0.611120, sens=0.611120, spec=0.960164
epoch 138 val: acc=0.773079, f1=0.492128, auc=0.940345, bac=0.630691, sens=0.630691, spec=0.960223
Epoch [138/500] Loss=0.343933 Acc=0.895041
epoch 139 test: acc=0.768198, f1=0.458686, auc=0.933318, bac=0.615608, sens=0.615608, spec=0.960384
epoch 139 val: acc=0.775142, f1=0.495912, auc=0.940315, bac=0.632786, sens=0.632786, spec=0.960626
Epoch [139/500] Loss=0.345448 Acc=0.894239
epoch 140 test: acc=0.770521, f1=0.457661, auc=0.934147, bac=0.612636, sens=0.612636, spec=0.960554
epoch 140 val: acc=0.779783, f1=0.497358, auc=0.941621, bac=0.636506, sens=0.636506, spec=0.961286
Epoch [140/500] Loss=0.340946 Acc=0.895663
epoch 141 test: acc=0.766649, f1=0.453798, auc=0.932955, bac=0.611884, sens=0.611884, spec=0.960244
epoch 141 val: acc=0.774626, f1=0.496149, auc=0.940383, bac=0.637017, sens=0.637017, spec=0.960788
Epoch [141/500] Loss=0.341680 Acc=0.895913
epoch 142 test: acc=0.768198, f1=0.457390, auc=0.933296, bac=0.613764, sens=0.613764, spec=0.960466
epoch 142 val: acc=0.773079, f1=0.491728, auc=0.940558, bac=0.632972, sens=0.632972, spec=0.960480
Epoch [142/500] Loss=0.344681 Acc=0.894146
epoch 143 test: acc=0.766908, f1=0.454019, auc=0.932941, bac=0.612527, sens=0.612527, spec=0.960349
epoch 143 val: acc=0.774110, f1=0.493182, auc=0.940106, bac=0.632922, sens=0.632922, spec=0.960234
Epoch [143/500] Loss=0.342101 Acc=0.895506
epoch 144 test: acc=0.767682, f1=0.455512, auc=0.933018, bac=0.612912, sens=0.612912, spec=0.960460
epoch 144 val: acc=0.775658, f1=0.494122, auc=0.940876, bac=0.634306, sens=0.634306, spec=0.960717
Epoch [144/500] Loss=0.340071 Acc=0.896148
epoch 145 test: acc=0.766649, f1=0.452910, auc=0.933407, bac=0.612073, sens=0.612073, spec=0.960301
epoch 145 val: acc=0.776689, f1=0.489240, auc=0.940543, bac=0.634831, sens=0.634831, spec=0.960981
Epoch [145/500] Loss=0.338392 Acc=0.895833
epoch 146 test: acc=0.768456, f1=0.455216, auc=0.934013, bac=0.609951, sens=0.609951, spec=0.960482
epoch 146 val: acc=0.775142, f1=0.496507, auc=0.940402, bac=0.633069, sens=0.633069, spec=0.960712
Epoch [146/500] Loss=0.340579 Acc=0.895598
epoch 147 test: acc=0.766391, f1=0.453479, auc=0.933219, bac=0.612001, sens=0.612001, spec=0.960274
epoch 147 val: acc=0.775658, f1=0.495258, auc=0.940215, bac=0.633779, sens=0.633779, spec=0.960695
Epoch [147/500] Loss=0.337731 Acc=0.896566
epoch 148 test: acc=0.769231, f1=0.455557, auc=0.934507, bac=0.610549, sens=0.610549, spec=0.960422
epoch 148 val: acc=0.779783, f1=0.491415, auc=0.940210, bac=0.633462, sens=0.633462, spec=0.961167
Epoch [148/500] Loss=0.336470 Acc=0.896701
epoch 149 test: acc=0.769231, f1=0.460076, auc=0.934297, bac=0.616306, sens=0.616306, spec=0.960653
epoch 149 val: acc=0.778752, f1=0.502047, auc=0.940345, bac=0.633370, sens=0.633370, spec=0.961105
Epoch [149/500] Loss=0.338840 Acc=0.897200
epoch 150 test: acc=0.764584, f1=0.451162, auc=0.931963, bac=0.611119, sens=0.611119, spec=0.960239
epoch 150 val: acc=0.773595, f1=0.489544, auc=0.940904, bac=0.634248, sens=0.634248, spec=0.961052
Epoch [150/500] Loss=0.341095 Acc=0.895169
epoch 151 test: acc=0.770263, f1=0.458642, auc=0.934222, bac=0.613473, sens=0.613473, spec=0.960849
epoch 151 val: acc=0.779783, f1=0.507040, auc=0.940989, bac=0.638629, sens=0.638629, spec=0.961092
Epoch [151/500] Loss=0.335801 Acc=0.897043
epoch 152 test: acc=0.763294, f1=0.451478, auc=0.931748, bac=0.609523, sens=0.609523, spec=0.959900
epoch 152 val: acc=0.774110, f1=0.496877, auc=0.940418, bac=0.639814, sens=0.639814, spec=0.960813
Epoch [152/500] Loss=0.340337 Acc=0.894099
epoch 153 test: acc=0.773361, f1=0.461327, auc=0.934774, bac=0.616163, sens=0.616163, spec=0.960945
epoch 153 val: acc=0.781331, f1=0.501755, auc=0.941958, bac=0.635091, sens=0.635091, spec=0.961380
Epoch [153/500] Loss=0.333286 Acc=0.897025
epoch 154 test: acc=0.767940, f1=0.456555, auc=0.934027, bac=0.612258, sens=0.612258, spec=0.960522
epoch 154 val: acc=0.777720, f1=0.494753, auc=0.942420, bac=0.634120, sens=0.634120, spec=0.960891
Epoch [154/500] Loss=0.332540 Acc=0.898063
epoch 155 test: acc=0.768456, f1=0.456901, auc=0.934005, bac=0.610116, sens=0.610116, spec=0.960343
epoch 155 val: acc=0.778752, f1=0.493306, auc=0.940679, bac=0.634691, sens=0.634691, spec=0.961133
Epoch [155/500] Loss=0.336530 Acc=0.897228
epoch 156 test: acc=0.767940, f1=0.454273, auc=0.933888, bac=0.610110, sens=0.610110, spec=0.960411
epoch 156 val: acc=0.775658, f1=0.490727, auc=0.940261, bac=0.631326, sens=0.631326, spec=0.960438
Epoch [156/500] Loss=0.337434 Acc=0.896748
epoch 157 test: acc=0.764843, f1=0.454256, auc=0.932647, bac=0.610723, sens=0.610723, spec=0.960097
epoch 157 val: acc=0.774626, f1=0.493300, auc=0.940414, bac=0.633868, sens=0.633868, spec=0.960792
Epoch [157/500] Loss=0.333660 Acc=0.896930
epoch 158 test: acc=0.769747, f1=0.453270, auc=0.935102, bac=0.586973, sens=0.586973, spec=0.960562
epoch 158 val: acc=0.779783, f1=0.501645, auc=0.943065, bac=0.633980, sens=0.633980, spec=0.960988
Epoch [158/500] Loss=0.331977 Acc=0.897928
epoch 159 test: acc=0.767940, f1=0.457347, auc=0.933629, bac=0.614923, sens=0.614923, spec=0.960469
epoch 159 val: acc=0.778752, f1=0.499274, auc=0.940985, bac=0.637869, sens=0.637869, spec=0.961241
Epoch [159/500] Loss=0.331210 Acc=0.897485
epoch 160 test: acc=0.772070, f1=0.463100, auc=0.934561, bac=0.616750, sens=0.616750, spec=0.960942
epoch 160 val: acc=0.778236, f1=0.503998, auc=0.942163, bac=0.635932, sens=0.635932, spec=0.960787
Epoch [160/500] Loss=0.333657 Acc=0.897688
epoch 161 test: acc=0.771554, f1=0.458520, auc=0.934985, bac=0.612264, sens=0.612264, spec=0.960828
epoch 161 val: acc=0.782362, f1=0.503988, auc=0.943175, bac=0.635842, sens=0.635842, spec=0.961471
Epoch [161/500] Loss=0.331910 Acc=0.898652
epoch 162 test: acc=0.769747, f1=0.457790, auc=0.933614, bac=0.613333, sens=0.613333, spec=0.960898
epoch 162 val: acc=0.779268, f1=0.502994, auc=0.940908, bac=0.637305, sens=0.637305, spec=0.961174
Epoch [162/500] Loss=0.328917 Acc=0.899332
epoch 163 test: acc=0.768198, f1=0.455938, auc=0.932610, bac=0.613226, sens=0.613226, spec=0.960629
epoch 163 val: acc=0.776173, f1=0.494006, auc=0.941666, bac=0.634206, sens=0.634206, spec=0.960901
Epoch [163/500] Loss=0.330420 Acc=0.898173
epoch 164 test: acc=0.773103, f1=0.460678, auc=0.935043, bac=0.613964, sens=0.613964, spec=0.961013
epoch 164 val: acc=0.783394, f1=0.506643, auc=0.941648, bac=0.636414, sens=0.636414, spec=0.961726
Epoch [164/500] Loss=0.326686 Acc=0.900037
epoch 165 test: acc=0.769231, f1=0.458874, auc=0.934178, bac=0.612543, sens=0.612543, spec=0.960692
epoch 165 val: acc=0.781331, f1=0.507173, auc=0.940500, bac=0.637818, sens=0.637818, spec=0.961527
Epoch [165/500] Loss=0.326243 Acc=0.900072
epoch 166 test: acc=0.769231, f1=0.458532, auc=0.933881, bac=0.613868, sens=0.613868, spec=0.960630
epoch 166 val: acc=0.779783, f1=0.498097, auc=0.942276, bac=0.635734, sens=0.635734, spec=0.961279
Epoch [166/500] Loss=0.323573 Acc=0.900374
epoch 167 test: acc=0.767424, f1=0.457206, auc=0.932720, bac=0.612553, sens=0.612553, spec=0.960511
epoch 167 val: acc=0.778236, f1=0.498675, auc=0.940789, bac=0.636867, sens=0.636867, spec=0.961268
Epoch [167/500] Loss=0.327421 Acc=0.899105
epoch 168 test: acc=0.775168, f1=0.465563, auc=0.934982, bac=0.614678, sens=0.614678, spec=0.961330
epoch 168 val: acc=0.783909, f1=0.514576, auc=0.942455, bac=0.637887, sens=0.637887, spec=0.961797
Epoch [168/500] Loss=0.326907 Acc=0.899975
epoch 169 test: acc=0.770521, f1=0.457535, auc=0.934426, bac=0.612664, sens=0.612664, spec=0.960698
epoch 169 val: acc=0.780299, f1=0.497407, auc=0.940994, bac=0.635501, sens=0.635501, spec=0.961337
Epoch [169/500] Loss=0.324114 Acc=0.900794
epoch 170 test: acc=0.768973, f1=0.457659, auc=0.933280, bac=0.614121, sens=0.614121, spec=0.960789
epoch 170 val: acc=0.775142, f1=0.496701, auc=0.941134, bac=0.635388, sens=0.635388, spec=0.960707
Epoch [170/500] Loss=0.325682 Acc=0.899310
epoch 171 test: acc=0.774135, f1=0.456004, auc=0.934999, bac=0.590244, sens=0.590244, spec=0.961198
epoch 171 val: acc=0.783394, f1=0.505574, auc=0.941615, bac=0.637923, sens=0.637923, spec=0.961577
Epoch [171/500] Loss=0.323128 Acc=0.900829
epoch 172 test: acc=0.771812, f1=0.461385, auc=0.935036, bac=0.614876, sens=0.614876, spec=0.961034
epoch 172 val: acc=0.778236, f1=0.498438, auc=0.941920, bac=0.634500, sens=0.634500, spec=0.961277
Epoch [172/500] Loss=0.323725 Acc=0.900924
epoch 173 test: acc=0.770263, f1=0.458493, auc=0.934064, bac=0.614184, sens=0.614184, spec=0.960903
epoch 173 val: acc=0.779268, f1=0.502865, auc=0.941636, bac=0.636447, sens=0.636447, spec=0.961152
Epoch [173/500] Loss=0.325341 Acc=0.900237
epoch 174 test: acc=0.767424, f1=0.459216, auc=0.933048, bac=0.616225, sens=0.616225, spec=0.960492
epoch 174 val: acc=0.778752, f1=0.499045, auc=0.941401, bac=0.637821, sens=0.637821, spec=0.961476
Epoch [174/500] Loss=0.322412 Acc=0.900742
epoch 175 test: acc=0.770780, f1=0.456385, auc=0.933915, bac=0.611835, sens=0.611835, spec=0.960776
epoch 175 val: acc=0.782878, f1=0.501247, auc=0.942811, bac=0.638589, sens=0.638589, spec=0.961678
Epoch [175/500] Loss=0.323977 Acc=0.899847
epoch 176 test: acc=0.769747, f1=0.456305, auc=0.933651, bac=0.612537, sens=0.612537, spec=0.960757
epoch 176 val: acc=0.781331, f1=0.497462, auc=0.941394, bac=0.638100, sens=0.638100, spec=0.961691
Epoch [176/500] Loss=0.323075 Acc=0.900319
epoch 177 test: acc=0.768198, f1=0.456983, auc=0.932915, bac=0.612589, sens=0.612589, spec=0.960675
epoch 177 val: acc=0.776173, f1=0.499955, auc=0.940029, bac=0.634159, sens=0.634159, spec=0.960725
Epoch [177/500] Loss=0.323863 Acc=0.899615
epoch 178 test: acc=0.772845, f1=0.461335, auc=0.934551, bac=0.614745, sens=0.614745, spec=0.961276
epoch 178 val: acc=0.781846, f1=0.508748, auc=0.940191, bac=0.636358, sens=0.636358, spec=0.961171
Epoch [178/500] Loss=0.322042 Acc=0.900984
epoch 179 test: acc=0.774652, f1=0.459779, auc=0.934908, bac=0.614006, sens=0.614006, spec=0.961447
epoch 179 val: acc=0.784425, f1=0.507584, auc=0.942132, bac=0.638683, sens=0.638683, spec=0.961958
Epoch [179/500] Loss=0.319767 Acc=0.901444
epoch 180 test: acc=0.770780, f1=0.460803, auc=0.933516, bac=0.615602, sens=0.615602, spec=0.961088
epoch 180 val: acc=0.781331, f1=0.500663, auc=0.941776, bac=0.637818, sens=0.637818, spec=0.961814
Epoch [180/500] Loss=0.319239 Acc=0.900949
epoch 181 test: acc=0.772845, f1=0.455360, auc=0.934602, bac=0.589388, sens=0.589388, spec=0.961068
epoch 181 val: acc=0.784425, f1=0.510255, auc=0.941088, bac=0.636513, sens=0.636513, spec=0.961852
Epoch [181/500] Loss=0.318558 Acc=0.902061
epoch 182 test: acc=0.771812, f1=0.461727, auc=0.933827, bac=0.616249, sens=0.616249, spec=0.961246
epoch 182 val: acc=0.781331, f1=0.501648, auc=0.940648, bac=0.637535, sens=0.637535, spec=0.961602
Epoch [182/500] Loss=0.320264 Acc=0.901464
epoch 183 test: acc=0.772070, f1=0.460184, auc=0.933650, bac=0.616010, sens=0.616010, spec=0.961152
epoch 183 val: acc=0.782362, f1=0.500372, auc=0.942601, bac=0.637163, sens=0.637163, spec=0.961630
Epoch [183/500] Loss=0.319246 Acc=0.901152
epoch 184 test: acc=0.770005, f1=0.459270, auc=0.933184, bac=0.614174, sens=0.614174, spec=0.960899
epoch 184 val: acc=0.776689, f1=0.496641, auc=0.940594, bac=0.635114, sens=0.635114, spec=0.960839
Epoch [184/500] Loss=0.322332 Acc=0.899767
epoch 185 test: acc=0.772586, f1=0.466624, auc=0.934314, bac=0.617723, sens=0.617723, spec=0.961188
epoch 185 val: acc=0.779268, f1=0.513702, auc=0.941568, bac=0.635024, sens=0.635024, spec=0.961104
Epoch [185/500] Loss=0.318654 Acc=0.901179
epoch 186 test: acc=0.773103, f1=0.459028, auc=0.934273, bac=0.614021, sens=0.614021, spec=0.961270
epoch 186 val: acc=0.785972, f1=0.510535, auc=0.941784, bac=0.639737, sens=0.639737, spec=0.962418
Epoch [186/500] Loss=0.318493 Acc=0.901611
epoch 187 test: acc=0.773619, f1=0.461260, auc=0.934724, bac=0.593881, sens=0.593881, spec=0.961259
epoch 187 val: acc=0.784425, f1=0.516192, auc=0.942027, bac=0.639643, sens=0.639643, spec=0.961813
Epoch [187/500] Loss=0.317428 Acc=0.901924
epoch 188 test: acc=0.771296, f1=0.453867, auc=0.933780, bac=0.590747, sens=0.590747, spec=0.961041
epoch 188 val: acc=0.781331, f1=0.503512, auc=0.941573, bac=0.638431, sens=0.638431, spec=0.961958
Epoch [188/500] Loss=0.316889 Acc=0.901779
epoch 189 test: acc=0.772070, f1=0.461872, auc=0.933783, bac=0.616863, sens=0.616863, spec=0.961259
epoch 189 val: acc=0.784425, f1=0.506485, auc=0.941659, bac=0.639382, sens=0.639382, spec=0.962233
Epoch [189/500] Loss=0.314212 Acc=0.903493
epoch 190 test: acc=0.772586, f1=0.464015, auc=0.933847, bac=0.615022, sens=0.615022, spec=0.961325
epoch 190 val: acc=0.781331, f1=0.505539, auc=0.939989, bac=0.638053, sens=0.638053, spec=0.961641
Epoch [190/500] Loss=0.316598 Acc=0.901976
epoch 191 test: acc=0.774135, f1=0.460697, auc=0.934455, bac=0.594139, sens=0.594139, spec=0.961310
epoch 191 val: acc=0.783909, f1=0.514048, auc=0.942551, bac=0.637878, sens=0.637878, spec=0.961764
Epoch [191/500] Loss=0.315941 Acc=0.902304
epoch 192 test: acc=0.772070, f1=0.459142, auc=0.933879, bac=0.615533, sens=0.615533, spec=0.961319
epoch 192 val: acc=0.779268, f1=0.505518, auc=0.942584, bac=0.636486, sens=0.636486, spec=0.961238
Epoch [192/500] Loss=0.315224 Acc=0.902069
epoch 193 test: acc=0.774135, f1=0.464465, auc=0.935293, bac=0.615903, sens=0.615903, spec=0.961417
epoch 193 val: acc=0.784425, f1=0.514495, auc=0.941920, bac=0.640154, sens=0.640154, spec=0.961742
Epoch [193/500] Loss=0.314292 Acc=0.903506
epoch 194 test: acc=0.775426, f1=0.464523, auc=0.934110, bac=0.617631, sens=0.617631, spec=0.961616
epoch 194 val: acc=0.785456, f1=0.514846, auc=0.942638, bac=0.642045, sens=0.642045, spec=0.962315
Epoch [194/500] Loss=0.312886 Acc=0.903009
epoch 195 test: acc=0.774135, f1=0.455280, auc=0.934651, bac=0.591140, sens=0.591140, spec=0.961311
epoch 195 val: acc=0.786488, f1=0.508907, auc=0.941822, bac=0.640580, sens=0.640580, spec=0.962275
Epoch [195/500] Loss=0.312761 Acc=0.903221
epoch 196 test: acc=0.769489, f1=0.458932, auc=0.933050, bac=0.617203, sens=0.617203, spec=0.960966
epoch 196 val: acc=0.774626, f1=0.487334, auc=0.941001, bac=0.633207, sens=0.633207, spec=0.960816
Epoch [196/500] Loss=0.313585 Acc=0.902499
epoch 197 test: acc=0.770780, f1=0.453717, auc=0.933280, bac=0.589203, sens=0.589203, spec=0.960761
epoch 197 val: acc=0.779783, f1=0.505497, auc=0.941193, bac=0.635970, sens=0.635970, spec=0.961201
Epoch [197/500] Loss=0.315083 Acc=0.903051
epoch 198 test: acc=0.773877, f1=0.462068, auc=0.933924, bac=0.615713, sens=0.615713, spec=0.961319
epoch 198 val: acc=0.782362, f1=0.504864, auc=0.941822, bac=0.636502, sens=0.636502, spec=0.961454
Epoch [198/500] Loss=0.314053 Acc=0.902416
epoch 199 test: acc=0.774135, f1=0.461104, auc=0.933333, bac=0.616803, sens=0.616803, spec=0.961311
epoch 199 val: acc=0.781331, f1=0.500220, auc=0.941833, bac=0.637732, sens=0.637732, spec=0.961617
Epoch [199/500] Loss=0.312751 Acc=0.903296
epoch 200 test: acc=0.772070, f1=0.461979, auc=0.933181, bac=0.617495, sens=0.617495, spec=0.961225
epoch 200 val: acc=0.780299, f1=0.503891, auc=0.941939, bac=0.638151, sens=0.638151, spec=0.961544
Epoch [200/500] Loss=0.310971 Acc=0.902989
epoch 201 test: acc=0.774910, f1=0.459384, auc=0.933937, bac=0.593035, sens=0.593035, spec=0.961438
epoch 201 val: acc=0.781846, f1=0.506651, auc=0.942317, bac=0.636971, sens=0.636971, spec=0.961619
Epoch [201/500] Loss=0.310159 Acc=0.903641
epoch 202 test: acc=0.775942, f1=0.462743, auc=0.934506, bac=0.593733, sens=0.593733, spec=0.961518
epoch 202 val: acc=0.786488, f1=0.524385, auc=0.941675, bac=0.641305, sens=0.641305, spec=0.961994
Epoch [202/500] Loss=0.309619 Acc=0.903981
epoch 203 test: acc=0.776717, f1=0.461136, auc=0.934761, bac=0.592781, sens=0.592781, spec=0.961616
epoch 203 val: acc=0.785972, f1=0.515300, auc=0.942673, bac=0.641443, sens=0.641443, spec=0.962129
Epoch [203/500] Loss=0.309165 Acc=0.904803
epoch 204 test: acc=0.775168, f1=0.467750, auc=0.934229, bac=0.618610, sens=0.618610, spec=0.961472
epoch 204 val: acc=0.780299, f1=0.503759, auc=0.941210, bac=0.638528, sens=0.638528, spec=0.961341
Epoch [204/500] Loss=0.307113 Acc=0.904873
epoch 205 test: acc=0.771038, f1=0.459101, auc=0.932742, bac=0.614934, sens=0.614934, spec=0.960986
epoch 205 val: acc=0.777720, f1=0.498579, auc=0.940259, bac=0.634685, sens=0.634685, spec=0.961089
Epoch [205/500] Loss=0.311361 Acc=0.902959
epoch 206 test: acc=0.776458, f1=0.462566, auc=0.934940, bac=0.594085, sens=0.594085, spec=0.961540
epoch 206 val: acc=0.784941, f1=0.515293, auc=0.943043, bac=0.639174, sens=0.639174, spec=0.961810
Epoch [206/500] Loss=0.305998 Acc=0.905540
epoch 207 test: acc=0.778265, f1=0.462497, auc=0.934693, bac=0.595113, sens=0.595113, spec=0.961779
epoch 207 val: acc=0.785972, f1=0.510643, auc=0.942646, bac=0.639784, sens=0.639784, spec=0.962087
Epoch [207/500] Loss=0.307848 Acc=0.905075
epoch 208 test: acc=0.775426, f1=0.466093, auc=0.934038, bac=0.616966, sens=0.616966, spec=0.961579
epoch 208 val: acc=0.784425, f1=0.517829, auc=0.941901, bac=0.639115, sens=0.639115, spec=0.962096
Epoch [208/500] Loss=0.308124 Acc=0.903958
epoch 209 test: acc=0.775684, f1=0.469322, auc=0.934702, bac=0.621583, sens=0.621583, spec=0.961695
epoch 209 val: acc=0.783909, f1=0.516732, auc=0.942048, bac=0.641801, sens=0.641801, spec=0.961865
Epoch [209/500] Loss=0.309246 Acc=0.904008
epoch 210 test: acc=0.773877, f1=0.457677, auc=0.933620, bac=0.592510, sens=0.592510, spec=0.961489
epoch 210 val: acc=0.783909, f1=0.513654, auc=0.942456, bac=0.641960, sens=0.641960, spec=0.961898
Epoch [210/500] Loss=0.304929 Acc=0.905458
epoch 211 test: acc=0.774652, f1=0.457590, auc=0.933860, bac=0.591728, sens=0.591728, spec=0.961325
epoch 211 val: acc=0.784425, f1=0.520147, auc=0.940674, bac=0.641285, sens=0.641285, spec=0.961700
Epoch [211/500] Loss=0.307545 Acc=0.904333
epoch 212 test: acc=0.774393, f1=0.461759, auc=0.934498, bac=0.593795, sens=0.593795, spec=0.961417
epoch 212 val: acc=0.784425, f1=0.523302, auc=0.941783, bac=0.640672, sens=0.640672, spec=0.961808
Epoch [212/500] Loss=0.307527 Acc=0.905073
epoch 213 test: acc=0.774135, f1=0.458859, auc=0.933838, bac=0.593766, sens=0.593766, spec=0.961255
epoch 213 val: acc=0.785456, f1=0.513917, auc=0.941553, bac=0.641149, sens=0.641149, spec=0.962097
Epoch [213/500] Loss=0.307114 Acc=0.904915
epoch 214 test: acc=0.775942, f1=0.470395, auc=0.934944, bac=0.621165, sens=0.621165, spec=0.961575
epoch 214 val: acc=0.787519, f1=0.517967, auc=0.942913, bac=0.644431, sens=0.644431, spec=0.962668
Epoch [214/500] Loss=0.302454 Acc=0.906350
epoch 215 test: acc=0.772845, f1=0.465374, auc=0.933181, bac=0.616297, sens=0.616297, spec=0.961150
epoch 215 val: acc=0.782362, f1=0.506703, auc=0.941839, bac=0.639435, sens=0.639435, spec=0.961803
Epoch [215/500] Loss=0.306586 Acc=0.905238
epoch 216 test: acc=0.776975, f1=0.469019, auc=0.934611, bac=0.621599, sens=0.621599, spec=0.961842
epoch 216 val: acc=0.786488, f1=0.510318, auc=0.942799, bac=0.641673, sens=0.641673, spec=0.962141
Epoch [216/500] Loss=0.305856 Acc=0.904868
epoch 217 test: acc=0.775684, f1=0.463196, auc=0.934181, bac=0.617562, sens=0.617562, spec=0.961552
epoch 217 val: acc=0.786488, f1=0.512896, auc=0.941799, bac=0.641673, sens=0.641673, spec=0.962538
Epoch [217/500] Loss=0.304826 Acc=0.904885
epoch 218 test: acc=0.773103, f1=0.458849, auc=0.933832, bac=0.594520, sens=0.594520, spec=0.961071
epoch 218 val: acc=0.781331, f1=0.504873, auc=0.942649, bac=0.637637, sens=0.637637, spec=0.961562
Epoch [218/500] Loss=0.305211 Acc=0.905058
epoch 219 test: acc=0.775684, f1=0.463575, auc=0.934045, bac=0.594321, sens=0.594321, spec=0.961410
epoch 219 val: acc=0.785456, f1=0.517085, auc=0.943637, bac=0.640866, sens=0.640866, spec=0.962125
Epoch [219/500] Loss=0.304813 Acc=0.904925
epoch 220 test: acc=0.773361, f1=0.458067, auc=0.933599, bac=0.593762, sens=0.593762, spec=0.961338
epoch 220 val: acc=0.782362, f1=0.507216, auc=0.941611, bac=0.640614, sens=0.640614, spec=0.961644
Epoch [220/500] Loss=0.305384 Acc=0.905085
epoch 221 test: acc=0.777491, f1=0.463951, auc=0.934770, bac=0.595250, sens=0.595250, spec=0.961746
epoch 221 val: acc=0.784941, f1=0.518622, auc=0.942738, bac=0.641627, sens=0.641627, spec=0.961526
Epoch [221/500] Loss=0.300541 Acc=0.906992
epoch 222 test: acc=0.776975, f1=0.464192, auc=0.934563, bac=0.597304, sens=0.597304, spec=0.961705
epoch 222 val: acc=0.782878, f1=0.511873, auc=0.942059, bac=0.639446, sens=0.639446, spec=0.961522
Epoch [222/500] Loss=0.304029 Acc=0.905120
epoch 223 test: acc=0.777491, f1=0.465914, auc=0.935519, bac=0.597094, sens=0.597094, spec=0.961753
epoch 223 val: acc=0.785972, f1=0.518584, auc=0.942654, bac=0.640963, sens=0.640963, spec=0.961771
Epoch [223/500] Loss=0.297844 Acc=0.907740
epoch 224 test: acc=0.773877, f1=0.460419, auc=0.933513, bac=0.593859, sens=0.593859, spec=0.961467
epoch 224 val: acc=0.780815, f1=0.511833, auc=0.941740, bac=0.640606, sens=0.640606, spec=0.961437
Epoch [224/500] Loss=0.304025 Acc=0.905445
epoch 225 test: acc=0.777233, f1=0.465157, auc=0.934860, bac=0.595410, sens=0.595410, spec=0.961725
epoch 225 val: acc=0.784941, f1=0.515247, auc=0.943860, bac=0.637423, sens=0.637423, spec=0.962156
Epoch [225/500] Loss=0.301580 Acc=0.906847
epoch 226 test: acc=0.778523, f1=0.465604, auc=0.934967, bac=0.598000, sens=0.598000, spec=0.961895
epoch 226 val: acc=0.785972, f1=0.513803, auc=0.941517, bac=0.642803, sens=0.642803, spec=0.962030
Epoch [226/500] Loss=0.296184 Acc=0.907927
epoch 227 test: acc=0.773619, f1=0.460018, auc=0.933301, bac=0.593810, sens=0.593810, spec=0.961421
epoch 227 val: acc=0.780815, f1=0.505970, auc=0.942028, bac=0.640087, sens=0.640087, spec=0.961489
Epoch [227/500] Loss=0.298332 Acc=0.907944
epoch 228 test: acc=0.780072, f1=0.465023, auc=0.934852, bac=0.597537, sens=0.597537, spec=0.962209
epoch 228 val: acc=0.787519, f1=0.517687, auc=0.942469, bac=0.643488, sens=0.643488, spec=0.962130
Epoch [228/500] Loss=0.300057 Acc=0.907350
epoch 229 test: acc=0.776458, f1=0.465682, auc=0.934905, bac=0.597494, sens=0.597494, spec=0.961441
epoch 229 val: acc=0.786488, f1=0.525313, auc=0.942829, bac=0.644323, sens=0.644323, spec=0.962366
Epoch [229/500] Loss=0.298880 Acc=0.907252
epoch 230 test: acc=0.774135, f1=0.460980, auc=0.933089, bac=0.596082, sens=0.596082, spec=0.961248
epoch 230 val: acc=0.782878, f1=0.513469, auc=0.943307, bac=0.642456, sens=0.642456, spec=0.961977
Epoch [230/500] Loss=0.299279 Acc=0.906013
epoch 231 test: acc=0.775426, f1=0.464207, auc=0.934238, bac=0.596073, sens=0.596073, spec=0.961553
epoch 231 val: acc=0.784941, f1=0.524350, auc=0.941860, bac=0.641052, sens=0.641052, spec=0.961863
Epoch [231/500] Loss=0.298596 Acc=0.907340
epoch 232 test: acc=0.778523, f1=0.468738, auc=0.935178, bac=0.598405, sens=0.598405, spec=0.961895
epoch 232 val: acc=0.785972, f1=0.524208, auc=0.941484, bac=0.640350, sens=0.640350, spec=0.961901
Epoch [232/500] Loss=0.298306 Acc=0.907395
epoch 233 test: acc=0.776200, f1=0.461072, auc=0.934158, bac=0.594013, sens=0.594013, spec=0.961510
epoch 233 val: acc=0.783909, f1=0.516366, auc=0.943192, bac=0.640009, sens=0.640009, spec=0.961899
Epoch [233/500] Loss=0.298580 Acc=0.907879
epoch 234 test: acc=0.774135, f1=0.462800, auc=0.933194, bac=0.596585, sens=0.596585, spec=0.961365
epoch 234 val: acc=0.782362, f1=0.509678, auc=0.942868, bac=0.641377, sens=0.641377, spec=0.961925
Epoch [234/500] Loss=0.300029 Acc=0.906367
epoch 235 test: acc=0.778265, f1=0.465717, auc=0.934750, bac=0.595518, sens=0.595518, spec=0.961808
epoch 235 val: acc=0.787004, f1=0.525789, auc=0.942912, bac=0.642053, sens=0.642053, spec=0.962153
Epoch [235/500] Loss=0.299399 Acc=0.907262
epoch 236 test: acc=0.778523, f1=0.467115, auc=0.935566, bac=0.595567, sens=0.595567, spec=0.961843
epoch 236 val: acc=0.786488, f1=0.524630, auc=0.942757, bac=0.640730, sens=0.640730, spec=0.961979
Epoch [236/500] Loss=0.297226 Acc=0.907667
epoch 237 test: acc=0.781621, f1=0.467544, auc=0.935724, bac=0.599054, sens=0.599054, spec=0.962349
epoch 237 val: acc=0.784425, f1=0.511228, auc=0.942566, bac=0.635769, sens=0.635769, spec=0.961602
Epoch [237/500] Loss=0.293831 Acc=0.909414
epoch 238 test: acc=0.776717, f1=0.465679, auc=0.934562, bac=0.597094, sens=0.597094, spec=0.961595
epoch 238 val: acc=0.785972, f1=0.525609, auc=0.942426, bac=0.643368, sens=0.643368, spec=0.962155
Epoch [238/500] Loss=0.297980 Acc=0.907140
epoch 239 test: acc=0.773877, f1=0.461890, auc=0.934327, bac=0.595947, sens=0.595947, spec=0.961218
epoch 239 val: acc=0.785456, f1=0.520956, auc=0.943864, bac=0.642242, sens=0.642242, spec=0.962346
Epoch [239/500] Loss=0.297116 Acc=0.907537
epoch 240 test: acc=0.773103, f1=0.459095, auc=0.933233, bac=0.593143, sens=0.593143, spec=0.961272
epoch 240 val: acc=0.782362, f1=0.507384, auc=0.940315, bac=0.641227, sens=0.641227, spec=0.961780
Epoch [240/500] Loss=0.297635 Acc=0.907127
epoch 241 test: acc=0.776717, f1=0.463884, auc=0.934584, bac=0.597330, sens=0.597330, spec=0.961721
epoch 241 val: acc=0.786488, f1=0.525104, auc=0.943514, bac=0.641909, sens=0.641909, spec=0.962314
Epoch [241/500] Loss=0.296890 Acc=0.907305
epoch 242 test: acc=0.779556, f1=0.465396, auc=0.934475, bac=0.598996, sens=0.598996, spec=0.961996
epoch 242 val: acc=0.784941, f1=0.518470, auc=0.942577, bac=0.642373, sens=0.642373, spec=0.961807
Epoch [242/500] Loss=0.293253 Acc=0.908669
epoch 243 test: acc=0.773619, f1=0.459900, auc=0.933468, bac=0.595635, sens=0.595635, spec=0.961306
epoch 243 val: acc=0.783909, f1=0.511296, auc=0.943034, bac=0.641706, sens=0.641706, spec=0.962238
Epoch [243/500] Loss=0.295108 Acc=0.907587
epoch 244 test: acc=0.779814, f1=0.468834, auc=0.935237, bac=0.598365, sens=0.598365, spec=0.962069
epoch 244 val: acc=0.789067, f1=0.530211, auc=0.942723, bac=0.645533, sens=0.645533, spec=0.962429
Epoch [244/500] Loss=0.297297 Acc=0.907542
epoch 245 test: acc=0.780072, f1=0.467858, auc=0.934396, bac=0.597933, sens=0.597933, spec=0.962058
epoch 245 val: acc=0.786488, f1=0.511147, auc=0.941689, bac=0.642900, sens=0.642900, spec=0.962266
Epoch [245/500] Loss=0.292726 Acc=0.909042
epoch 246 test: acc=0.777491, f1=0.463555, auc=0.934424, bac=0.595505, sens=0.595505, spec=0.961713
epoch 246 val: acc=0.787519, f1=0.524854, auc=0.942518, bac=0.645319, sens=0.645319, spec=0.962589
Epoch [246/500] Loss=0.293712 Acc=0.908739
epoch 247 test: acc=0.775168, f1=0.463014, auc=0.934056, bac=0.596945, sens=0.596945, spec=0.961451
epoch 247 val: acc=0.782878, f1=0.509465, auc=0.942361, bac=0.640098, sens=0.640098, spec=0.961986
Epoch [247/500] Loss=0.294837 Acc=0.908217
epoch 248 test: acc=0.775168, f1=0.461910, auc=0.933591, bac=0.596436, sens=0.596436, spec=0.961620
epoch 248 val: acc=0.781331, f1=0.508676, auc=0.942679, bac=0.639807, sens=0.639807, spec=0.961657
Epoch [248/500] Loss=0.294145 Acc=0.907577
epoch 249 test: acc=0.779040, f1=0.467325, auc=0.934581, bac=0.598710, sens=0.598710, spec=0.962051
epoch 249 val: acc=0.786488, f1=0.525383, auc=0.942914, bac=0.642852, sens=0.642852, spec=0.962121
Epoch [249/500] Loss=0.290507 Acc=0.909224
epoch 250 test: acc=0.780072, f1=0.467324, auc=0.934406, bac=0.598739, sens=0.598739, spec=0.962106
epoch 250 val: acc=0.786488, f1=0.528809, auc=0.943015, bac=0.642569, sens=0.642569, spec=0.961975
Epoch [250/500] Loss=0.294434 Acc=0.908437
epoch 251 test: acc=0.780072, f1=0.470522, auc=0.934914, bac=0.599046, sens=0.599046, spec=0.962155
epoch 251 val: acc=0.787004, f1=0.525513, auc=0.942397, bac=0.642053, sens=0.642053, spec=0.962293
Epoch [251/500] Loss=0.291996 Acc=0.909681
epoch 252 test: acc=0.779040, f1=0.464957, auc=0.934693, bac=0.598121, sens=0.598121, spec=0.961974
epoch 252 val: acc=0.787004, f1=0.513673, auc=0.942276, bac=0.642949, sens=0.642949, spec=0.962200
Epoch [252/500] Loss=0.289179 Acc=0.910339
epoch 253 test: acc=0.778007, f1=0.464596, auc=0.933306, bac=0.598540, sens=0.598540, spec=0.961845
epoch 253 val: acc=0.784941, f1=0.514760, auc=0.942102, bac=0.642891, sens=0.642891, spec=0.962144
Epoch [253/500] Loss=0.290939 Acc=0.909142
epoch 254 test: acc=0.776975, f1=0.465310, auc=0.934265, bac=0.598444, sens=0.598444, spec=0.961758
epoch 254 val: acc=0.785456, f1=0.519044, auc=0.943882, bac=0.641724, sens=0.641724, spec=0.962115
Epoch [254/500] Loss=0.292823 Acc=0.908389
epoch 255 test: acc=0.775684, f1=0.462961, auc=0.933341, bac=0.597085, sens=0.597085, spec=0.961559
epoch 255 val: acc=0.783909, f1=0.523340, auc=0.942728, bac=0.642046, sens=0.642046, spec=0.961885
Epoch [255/500] Loss=0.294488 Acc=0.907385
epoch 256 test: acc=0.781621, f1=0.470105, auc=0.935074, bac=0.598889, sens=0.598889, spec=0.962315
epoch 256 val: acc=0.788551, f1=0.527253, auc=0.942344, bac=0.642580, sens=0.642580, spec=0.962355
Epoch [256/500] Loss=0.294477 Acc=0.907687
epoch 257 test: acc=0.779040, f1=0.468883, auc=0.934871, bac=0.598974, sens=0.598974, spec=0.961879
epoch 257 val: acc=0.787004, f1=0.525689, auc=0.942438, bac=0.644090, sens=0.644090, spec=0.961907
Epoch [257/500] Loss=0.292056 Acc=0.908954
epoch 258 test: acc=0.777749, f1=0.465799, auc=0.933159, bac=0.598247, sens=0.598247, spec=0.961665
epoch 258 val: acc=0.785456, f1=0.512539, auc=0.941707, bac=0.641527, sens=0.641527, spec=0.962396
Epoch [258/500] Loss=0.293955 Acc=0.907939
epoch 259 test: acc=0.779556, f1=0.468468, auc=0.934968, bac=0.599236, sens=0.599236, spec=0.962115
epoch 259 val: acc=0.788035, f1=0.539113, auc=0.942855, bac=0.644614, sens=0.644614, spec=0.962309
Epoch [259/500] Loss=0.290256 Acc=0.909511
epoch 260 test: acc=0.778523, f1=0.471406, auc=0.934017, bac=0.621929, sens=0.621929, spec=0.962065
epoch 260 val: acc=0.785456, f1=0.510803, auc=0.942548, bac=0.643554, sens=0.643554, spec=0.962193
Epoch [260/500] Loss=0.289517 Acc=0.909531
epoch 261 test: acc=0.779040, f1=0.465575, auc=0.934464, bac=0.597570, sens=0.597570, spec=0.962035
epoch 261 val: acc=0.788551, f1=0.525719, auc=0.943673, bac=0.644334, sens=0.644334, spec=0.962507
Epoch [261/500] Loss=0.287376 Acc=0.909744
epoch 262 test: acc=0.776975, f1=0.465541, auc=0.933261, bac=0.597917, sens=0.597917, spec=0.961611
epoch 262 val: acc=0.784425, f1=0.505330, auc=0.942548, bac=0.633521, sens=0.633521, spec=0.962237
Epoch [262/500] Loss=0.291189 Acc=0.908257
epoch 263 test: acc=0.777491, f1=0.466011, auc=0.933445, bac=0.597566, sens=0.597566, spec=0.961731
epoch 263 val: acc=0.784941, f1=0.511639, auc=0.943374, bac=0.643749, sens=0.643749, spec=0.962029
Epoch [263/500] Loss=0.290112 Acc=0.908997
epoch 264 test: acc=0.783686, f1=0.475384, auc=0.935872, bac=0.599155, sens=0.599155, spec=0.962446
epoch 264 val: acc=0.789582, f1=0.535828, auc=0.943824, bac=0.639586, sens=0.639586, spec=0.962239
Epoch [264/500] Loss=0.290849 Acc=0.909744
epoch 265 test: acc=0.779040, f1=0.469734, auc=0.933926, bac=0.598880, sens=0.598880, spec=0.962048
epoch 265 val: acc=0.783394, f1=0.518714, auc=0.942548, bac=0.640525, sens=0.640525, spec=0.961714
Epoch [265/500] Loss=0.289079 Acc=0.909526
epoch 266 test: acc=0.780589, f1=0.470045, auc=0.935046, bac=0.599167, sens=0.599167, spec=0.962103
epoch 266 val: acc=0.786488, f1=0.526699, auc=0.943362, bac=0.643624, sens=0.643624, spec=0.961851
Epoch [266/500] Loss=0.287236 Acc=0.910973
epoch 267 test: acc=0.780589, f1=0.470000, auc=0.934661, bac=0.599945, sens=0.599945, spec=0.962162
epoch 267 val: acc=0.788551, f1=0.526581, auc=0.942881, bac=0.645852, sens=0.645852, spec=0.962375
Epoch [267/500] Loss=0.288689 Acc=0.910069
epoch 268 test: acc=0.778523, f1=0.464385, auc=0.934486, bac=0.597779, sens=0.597779, spec=0.962007
epoch 268 val: acc=0.786488, f1=0.523939, auc=0.942584, bac=0.643748, sens=0.643748, spec=0.962205
Epoch [268/500] Loss=0.286840 Acc=0.910209
epoch 269 test: acc=0.780330, f1=0.468114, auc=0.934344, bac=0.599665, sens=0.599665, spec=0.962303
epoch 269 val: acc=0.788551, f1=0.529951, auc=0.943951, bac=0.645277, sens=0.645277, spec=0.962140
Epoch [269/500] Loss=0.287462 Acc=0.910314
epoch 270 test: acc=0.776975, f1=0.465904, auc=0.933890, bac=0.598798, sens=0.598798, spec=0.961803
epoch 270 val: acc=0.784941, f1=0.511734, auc=0.942328, bac=0.642326, sens=0.642326, spec=0.962183
Epoch [270/500] Loss=0.286132 Acc=0.910621
epoch 271 test: acc=0.778523, f1=0.467144, auc=0.934529, bac=0.598326, sens=0.598326, spec=0.961972
epoch 271 val: acc=0.788035, f1=0.524881, auc=0.943905, bac=0.644039, sens=0.644039, spec=0.962405
Epoch [271/500] Loss=0.287943 Acc=0.909916
epoch 272 test: acc=0.782137, f1=0.467207, auc=0.934522, bac=0.598667, sens=0.598667, spec=0.962388
epoch 272 val: acc=0.787004, f1=0.519100, auc=0.944020, bac=0.644420, sens=0.644420, spec=0.962170
Epoch [272/500] Loss=0.285541 Acc=0.911023
epoch 273 test: acc=0.778007, f1=0.465550, auc=0.933514, bac=0.598583, sens=0.598583, spec=0.961813
epoch 273 val: acc=0.784425, f1=0.511709, auc=0.942922, bac=0.643322, sens=0.643322, spec=0.962209
Epoch [273/500] Loss=0.287336 Acc=0.909924
epoch 274 test: acc=0.778265, f1=0.465886, auc=0.933955, bac=0.598447, sens=0.598447, spec=0.961859
epoch 274 val: acc=0.787519, f1=0.523796, auc=0.943080, bac=0.644753, sens=0.644753, spec=0.962617
Epoch [274/500] Loss=0.287165 Acc=0.909816
epoch 275 test: acc=0.781621, f1=0.470128, auc=0.935097, bac=0.598932, sens=0.598932, spec=0.962244
epoch 275 val: acc=0.789582, f1=0.530065, auc=0.943319, bac=0.643915, sens=0.643915, spec=0.962370
Epoch [275/500] Loss=0.286550 Acc=0.911126
epoch 276 test: acc=0.779814, f1=0.468355, auc=0.934751, bac=0.600700, sens=0.600700, spec=0.962089
epoch 276 val: acc=0.790098, f1=0.529128, auc=0.944660, bac=0.646709, sens=0.646709, spec=0.962989
Epoch [276/500] Loss=0.284423 Acc=0.910771
epoch 277 test: acc=0.779556, f1=0.467725, auc=0.934292, bac=0.599114, sens=0.599114, spec=0.962017
epoch 277 val: acc=0.785972, f1=0.526545, auc=0.943488, bac=0.645075, sens=0.645075, spec=0.962289
Epoch [277/500] Loss=0.287933 Acc=0.909192
epoch 278 test: acc=0.776975, f1=0.472749, auc=0.934094, bac=0.624052, sens=0.624052, spec=0.961842
epoch 278 val: acc=0.786488, f1=0.523116, auc=0.943334, bac=0.643993, sens=0.643993, spec=0.962461
Epoch [278/500] Loss=0.287867 Acc=0.909926
epoch 279 test: acc=0.778782, f1=0.467879, auc=0.933586, bac=0.599384, sens=0.599384, spec=0.962032
epoch 279 val: acc=0.784941, f1=0.516451, auc=0.943359, bac=0.642900, sens=0.642900, spec=0.962170
Epoch [279/500] Loss=0.286721 Acc=0.909756
epoch 280 test: acc=0.781621, f1=0.470288, auc=0.935424, bac=0.598956, sens=0.598956, spec=0.962096
epoch 280 val: acc=0.790098, f1=0.531478, auc=0.943080, bac=0.645238, sens=0.645238, spec=0.962427
Epoch [280/500] Loss=0.287172 Acc=0.909644
epoch 281 test: acc=0.777491, f1=0.466646, auc=0.935024, bac=0.598136, sens=0.598136, spec=0.961780
epoch 281 val: acc=0.786488, f1=0.526275, auc=0.943029, bac=0.643710, sens=0.643710, spec=0.962229
Epoch [281/500] Loss=0.283317 Acc=0.910814
epoch 282 test: acc=0.780589, f1=0.468682, auc=0.935035, bac=0.599572, sens=0.599572, spec=0.962232
epoch 282 val: acc=0.788035, f1=0.522825, auc=0.943225, bac=0.640106, sens=0.640106, spec=0.962328
Epoch [282/500] Loss=0.285860 Acc=0.910264
epoch 283 test: acc=0.776200, f1=0.465806, auc=0.932474, bac=0.599139, sens=0.599139, spec=0.961686
epoch 283 val: acc=0.781846, f1=0.517025, auc=0.942279, bac=0.643119, sens=0.643119, spec=0.961586
Epoch [283/500] Loss=0.287138 Acc=0.910226
epoch 284 test: acc=0.781363, f1=0.470163, auc=0.935263, bac=0.600067, sens=0.600067, spec=0.962301
epoch 284 val: acc=0.791645, f1=0.539306, auc=0.943942, bac=0.645812, sens=0.645812, spec=0.962916
Epoch [284/500] Loss=0.280800 Acc=0.912168
epoch 285 test: acc=0.781363, f1=0.469877, auc=0.934869, bac=0.600684, sens=0.600684, spec=0.962220
epoch 285 val: acc=0.788551, f1=0.532252, auc=0.943723, bac=0.644947, sens=0.644947, spec=0.962381
Epoch [285/500] Loss=0.282343 Acc=0.912063
epoch 286 test: acc=0.780847, f1=0.468080, auc=0.934489, bac=0.599050, sens=0.599050, spec=0.962269
epoch 286 val: acc=0.787519, f1=0.530928, auc=0.944183, bac=0.644517, sens=0.644517, spec=0.962132
Epoch [286/500] Loss=0.284922 Acc=0.910516
epoch 287 test: acc=0.781363, f1=0.469569, auc=0.935183, bac=0.600067, sens=0.600067, spec=0.962320
epoch 287 val: acc=0.790098, f1=0.528827, auc=0.943227, bac=0.640901, sens=0.640901, spec=0.962462
Epoch [287/500] Loss=0.281465 Acc=0.911928
epoch 288 test: acc=0.781105, f1=0.470852, auc=0.934467, bac=0.599306, sens=0.599306, spec=0.962279
epoch 288 val: acc=0.786488, f1=0.531571, auc=0.942053, bac=0.644276, sens=0.644276, spec=0.962066
Epoch [288/500] Loss=0.282852 Acc=0.912196
epoch 289 test: acc=0.779298, f1=0.468188, auc=0.934127, bac=0.599494, sens=0.599494, spec=0.962043
epoch 289 val: acc=0.787004, f1=0.522273, auc=0.942463, bac=0.643760, sens=0.643760, spec=0.962295
Epoch [289/500] Loss=0.280757 Acc=0.912486
epoch 290 test: acc=0.776717, f1=0.465319, auc=0.933208, bac=0.598179, sens=0.598179, spec=0.961768
epoch 290 val: acc=0.782878, f1=0.510869, auc=0.942610, bac=0.643361, sens=0.643361, spec=0.962129
Epoch [290/500] Loss=0.283078 Acc=0.910839
epoch 291 test: acc=0.779040, f1=0.466696, auc=0.933252, bac=0.597876, sens=0.597876, spec=0.961944
epoch 291 val: acc=0.783909, f1=0.516628, auc=0.942102, bac=0.642659, sens=0.642659, spec=0.961899
Epoch [291/500] Loss=0.283463 Acc=0.911173
epoch 292 test: acc=0.783170, f1=0.471440, auc=0.935542, bac=0.598751, sens=0.598751, spec=0.962385
epoch 292 val: acc=0.789067, f1=0.537932, auc=0.943100, bac=0.644062, sens=0.644062, spec=0.962156
Epoch [292/500] Loss=0.283198 Acc=0.911331
epoch 293 test: acc=0.779298, f1=0.467770, auc=0.933611, bac=0.599895, sens=0.599895, spec=0.962156
epoch 293 val: acc=0.781846, f1=0.508486, auc=0.942403, bac=0.643647, sens=0.643647, spec=0.961465
Epoch [293/500] Loss=0.282546 Acc=0.911088
epoch 294 test: acc=0.780072, f1=0.468275, auc=0.935278, bac=0.598787, sens=0.598787, spec=0.962029
epoch 294 val: acc=0.787519, f1=0.534046, auc=0.944123, bac=0.639567, sens=0.639567, spec=0.962086
Epoch [294/500] Loss=0.280581 Acc=0.912363
epoch 295 test: acc=0.776717, f1=0.466691, auc=0.933310, bac=0.599260, sens=0.599260, spec=0.961741
epoch 295 val: acc=0.781331, f1=0.506668, auc=0.942396, bac=0.634447, sens=0.634447, spec=0.961683
Epoch [295/500] Loss=0.281866 Acc=0.910911
epoch 296 test: acc=0.781879, f1=0.468793, auc=0.935408, bac=0.599551, sens=0.599551, spec=0.962296
epoch 296 val: acc=0.788035, f1=0.527208, auc=0.943910, bac=0.644151, sens=0.644151, spec=0.961919
Epoch [296/500] Loss=0.281507 Acc=0.911643
epoch 297 test: acc=0.776717, f1=0.466323, auc=0.933749, bac=0.598297, sens=0.598297, spec=0.961632
epoch 297 val: acc=0.783909, f1=0.520479, auc=0.943071, bac=0.642942, sens=0.642942, spec=0.961774
Epoch [297/500] Loss=0.279615 Acc=0.912018
epoch 298 test: acc=0.781105, f1=0.469399, auc=0.934686, bac=0.600306, sens=0.600306, spec=0.962237
epoch 298 val: acc=0.788551, f1=0.537507, auc=0.944053, bac=0.644994, sens=0.644994, spec=0.962245
Epoch [298/500] Loss=0.282000 Acc=0.911783
epoch 299 test: acc=0.782654, f1=0.470756, auc=0.935165, bac=0.600352, sens=0.600352, spec=0.962495
epoch 299 val: acc=0.788551, f1=0.530354, auc=0.943733, bac=0.645277, sens=0.645277, spec=0.962133
Epoch [299/500] Loss=0.278333 Acc=0.911953
epoch 300 test: acc=0.778782, f1=0.468250, auc=0.934113, bac=0.598752, sens=0.598752, spec=0.961828
epoch 300 val: acc=0.789067, f1=0.540186, auc=0.943487, bac=0.644808, sens=0.644808, spec=0.962572
Epoch [300/500] Loss=0.279659 Acc=0.911736
epoch 301 test: acc=0.778523, f1=0.469235, auc=0.933233, bac=0.600264, sens=0.600264, spec=0.961901
epoch 301 val: acc=0.784425, f1=0.525610, auc=0.942402, bac=0.644170, sens=0.644170, spec=0.962049
Epoch [301/500] Loss=0.279962 Acc=0.912283
epoch 302 test: acc=0.781363, f1=0.468961, auc=0.933348, bac=0.598926, sens=0.598926, spec=0.962095
epoch 302 val: acc=0.788035, f1=0.526759, auc=0.943173, bac=0.644331, sens=0.644331, spec=0.962360
Epoch [302/500] Loss=0.279868 Acc=0.912013
epoch 303 test: acc=0.780072, f1=0.468353, auc=0.933815, bac=0.599640, sens=0.599640, spec=0.962103
epoch 303 val: acc=0.784941, f1=0.523461, auc=0.942551, bac=0.643702, sens=0.643702, spec=0.962007
Epoch [303/500] Loss=0.282156 Acc=0.910956
epoch 304 test: acc=0.782912, f1=0.474630, auc=0.935365, bac=0.599273, sens=0.599273, spec=0.962403
epoch 304 val: acc=0.790098, f1=0.543178, auc=0.943524, bac=0.644295, sens=0.644295, spec=0.962298
Epoch [304/500] Loss=0.280061 Acc=0.912418
epoch 305 test: acc=0.780330, f1=0.469261, auc=0.934103, bac=0.600462, sens=0.600462, spec=0.962236
epoch 305 val: acc=0.784425, f1=0.513918, auc=0.943508, bac=0.643322, sens=0.643322, spec=0.961945
Epoch [305/500] Loss=0.277711 Acc=0.912530
epoch 306 test: acc=0.781621, f1=0.469939, auc=0.934898, bac=0.599521, sens=0.599521, spec=0.962224
epoch 306 val: acc=0.789067, f1=0.530639, auc=0.943900, bac=0.640668, sens=0.640668, spec=0.962445
Epoch [306/500] Loss=0.279090 Acc=0.912298
epoch 307 test: acc=0.782137, f1=0.471066, auc=0.935124, bac=0.601254, sens=0.601254, spec=0.962477
epoch 307 val: acc=0.785972, f1=0.525653, auc=0.943271, bac=0.639190, sens=0.639190, spec=0.961759
Epoch [307/500] Loss=0.274385 Acc=0.915070
epoch 308 test: acc=0.775942, f1=0.465692, auc=0.932784, bac=0.598453, sens=0.598453, spec=0.961623
epoch 308 val: acc=0.779783, f1=0.513353, auc=0.942303, bac=0.641308, sens=0.641308, spec=0.961691
Epoch [308/500] Loss=0.283271 Acc=0.910983
epoch 309 test: acc=0.782137, f1=0.471880, auc=0.935393, bac=0.600090, sens=0.600090, spec=0.962470
epoch 309 val: acc=0.787004, f1=0.533105, auc=0.943202, bac=0.645269, sens=0.645269, spec=0.962126
Epoch [309/500] Loss=0.275752 Acc=0.913765
epoch 310 test: acc=0.779814, f1=0.468545, auc=0.933881, bac=0.599351, sens=0.599351, spec=0.962055
epoch 310 val: acc=0.788551, f1=0.528967, auc=0.942794, bac=0.645277, sens=0.645277, spec=0.962613
Epoch [310/500] Loss=0.276859 Acc=0.912678
epoch 311 test: acc=0.779040, f1=0.469458, auc=0.934795, bac=0.600526, sens=0.600526, spec=0.962146
epoch 311 val: acc=0.787519, f1=0.526821, auc=0.943731, bac=0.640416, sens=0.640416, spec=0.962426
Epoch [311/500] Loss=0.273763 Acc=0.914342
epoch 312 test: acc=0.781879, f1=0.467884, auc=0.934881, bac=0.600404, sens=0.600404, spec=0.962543
epoch 312 val: acc=0.786488, f1=0.518311, auc=0.944393, bac=0.644276, sens=0.644276, spec=0.962097
Epoch [312/500] Loss=0.275010 Acc=0.913410
epoch 313 test: acc=0.780330, f1=0.469869, auc=0.934209, bac=0.600584, sens=0.600584, spec=0.962234
epoch 313 val: acc=0.788551, f1=0.522759, auc=0.943413, bac=0.645230, sens=0.645230, spec=0.962604
Epoch [313/500] Loss=0.277755 Acc=0.912336
epoch 314 test: acc=0.781621, f1=0.470004, auc=0.934634, bac=0.600238, sens=0.600238, spec=0.962368
epoch 314 val: acc=0.788035, f1=0.527847, auc=0.943536, bac=0.635001, sens=0.635001, spec=0.962300
Epoch [314/500] Loss=0.275120 Acc=0.913680
epoch 315 test: acc=0.781363, f1=0.469096, auc=0.934873, bac=0.599171, sens=0.599171, spec=0.962208
epoch 315 val: acc=0.788551, f1=0.540719, auc=0.943783, bac=0.644051, sens=0.644051, spec=0.962003
Epoch [315/500] Loss=0.276263 Acc=0.913733
epoch 316 test: acc=0.778782, f1=0.467331, auc=0.934340, bac=0.597691, sens=0.597691, spec=0.961785
epoch 316 val: acc=0.787519, f1=0.540283, auc=0.942886, bac=0.644753, sens=0.644753, spec=0.962105
Epoch [316/500] Loss=0.275341 Acc=0.913798
epoch 317 test: acc=0.780847, f1=0.469972, auc=0.934175, bac=0.600705, sens=0.600705, spec=0.962193
epoch 317 val: acc=0.786488, f1=0.520536, auc=0.943563, bac=0.643993, sens=0.643993, spec=0.962242
Epoch [317/500] Loss=0.274241 Acc=0.913935
epoch 318 test: acc=0.778265, f1=0.467840, auc=0.933295, bac=0.599913, sens=0.599913, spec=0.961902
epoch 318 val: acc=0.782362, f1=0.523907, auc=0.942567, bac=0.643216, sens=0.643216, spec=0.961781
Epoch [318/500] Loss=0.276459 Acc=0.912518
epoch 319 test: acc=0.780072, f1=0.468104, auc=0.933611, bac=0.598404, sens=0.598404, spec=0.962150
epoch 319 val: acc=0.784425, f1=0.514088, auc=0.943318, bac=0.643926, sens=0.643926, spec=0.962045
Epoch [319/500] Loss=0.277332 Acc=0.912750
epoch 320 test: acc=0.780072, f1=0.470746, auc=0.933789, bac=0.600433, sens=0.600433, spec=0.961982
epoch 320 val: acc=0.785456, f1=0.527359, auc=0.942808, bac=0.644034, sens=0.644034, spec=0.962052
Epoch [320/500] Loss=0.275867 Acc=0.913055
epoch 321 test: acc=0.780072, f1=0.469285, auc=0.934874, bac=0.599419, sens=0.599419, spec=0.962066
epoch 321 val: acc=0.785456, f1=0.534419, auc=0.943145, bac=0.643554, sens=0.643554, spec=0.962036
Epoch [321/500] Loss=0.271569 Acc=0.914505
epoch 322 test: acc=0.780330, f1=0.469673, auc=0.934670, bac=0.599180, sens=0.599180, spec=0.962139
epoch 322 val: acc=0.786488, f1=0.537102, auc=0.944166, bac=0.639042, sens=0.639042, spec=0.962051
Epoch [322/500] Loss=0.275713 Acc=0.913528
epoch 323 test: acc=0.781621, f1=0.471218, auc=0.934167, bac=0.600582, sens=0.600582, spec=0.962322
epoch 323 val: acc=0.788035, f1=0.536682, auc=0.943795, bac=0.644567, sens=0.644567, spec=0.962427
Epoch [323/500] Loss=0.276387 Acc=0.912640
epoch 324 test: acc=0.781105, f1=0.469913, auc=0.934701, bac=0.600183, sens=0.600183, spec=0.962221
epoch 324 val: acc=0.787519, f1=0.536720, auc=0.945303, bac=0.643574, sens=0.643574, spec=0.962101
Epoch [324/500] Loss=0.275870 Acc=0.913078
epoch 325 test: acc=0.781879, f1=0.472359, auc=0.934264, bac=0.601668, sens=0.601668, spec=0.962399
epoch 325 val: acc=0.787004, f1=0.535121, auc=0.942224, bac=0.646692, sens=0.646692, spec=0.962104
Epoch [325/500] Loss=0.273397 Acc=0.913965
epoch 326 test: acc=0.780330, f1=0.469503, auc=0.933481, bac=0.600934, sens=0.600934, spec=0.962180
epoch 326 val: acc=0.785456, f1=0.528205, auc=0.942492, bac=0.645788, sens=0.645788, spec=0.962192
Epoch [326/500] Loss=0.275311 Acc=0.912538
epoch 327 test: acc=0.783428, f1=0.471094, auc=0.935130, bac=0.600196, sens=0.600196, spec=0.962497
epoch 327 val: acc=0.789582, f1=0.525523, auc=0.944660, bac=0.642236, sens=0.642236, spec=0.962280
Epoch [327/500] Loss=0.273778 Acc=0.914075
epoch 328 test: acc=0.779040, f1=0.469762, auc=0.934515, bac=0.599956, sens=0.599956, spec=0.961962
epoch 328 val: acc=0.784941, f1=0.523951, auc=0.944187, bac=0.645691, sens=0.645691, spec=0.962210
Epoch [328/500] Loss=0.275374 Acc=0.913408
epoch 329 test: acc=0.779298, f1=0.468288, auc=0.934144, bac=0.599659, sens=0.599659, spec=0.962049
epoch 329 val: acc=0.785972, f1=0.520539, auc=0.943996, bac=0.644509, sens=0.644509, spec=0.962157
Epoch [329/500] Loss=0.272384 Acc=0.913888
epoch 330 test: acc=0.781879, f1=0.469881, auc=0.934894, bac=0.600447, sens=0.600447, spec=0.962394
epoch 330 val: acc=0.787004, f1=0.521981, auc=0.944153, bac=0.643524, sens=0.643524, spec=0.962297
Epoch [330/500] Loss=0.271931 Acc=0.914510
epoch 331 test: acc=0.781879, f1=0.471161, auc=0.934800, bac=0.601182, sens=0.601182, spec=0.962425
epoch 331 val: acc=0.787519, f1=0.532606, auc=0.943786, bac=0.645083, sens=0.645083, spec=0.962319
Epoch [331/500] Loss=0.271528 Acc=0.915162
epoch 332 test: acc=0.781105, f1=0.469044, auc=0.934415, bac=0.598811, sens=0.598811, spec=0.962225
epoch 332 val: acc=0.785972, f1=0.534035, auc=0.943864, bac=0.642914, sens=0.642914, spec=0.962016
Epoch [332/500] Loss=0.276155 Acc=0.912958
epoch 333 test: acc=0.781363, f1=0.470881, auc=0.934422, bac=0.600251, sens=0.600251, spec=0.962173
epoch 333 val: acc=0.788035, f1=0.528130, auc=0.944595, bac=0.644001, sens=0.644001, spec=0.962417
Epoch [333/500] Loss=0.273356 Acc=0.913935
epoch 334 test: acc=0.782654, f1=0.473052, auc=0.935285, bac=0.601780, sens=0.601780, spec=0.962496
epoch 334 val: acc=0.785456, f1=0.524038, auc=0.943453, bac=0.637387, sens=0.637387, spec=0.961586
Epoch [334/500] Loss=0.270008 Acc=0.915295
epoch 335 test: acc=0.783170, f1=0.474563, auc=0.935338, bac=0.599714, sens=0.599714, spec=0.962468
epoch 335 val: acc=0.787519, f1=0.545510, auc=0.943169, bac=0.644092, sens=0.644092, spec=0.962066
Epoch [335/500] Loss=0.270003 Acc=0.915440
epoch 336 test: acc=0.780330, f1=0.468873, auc=0.934574, bac=0.600565, sens=0.600565, spec=0.962319
epoch 336 val: acc=0.784941, f1=0.526851, auc=0.944184, bac=0.637855, sens=0.637855, spec=0.961774
Epoch [336/500] Loss=0.272040 Acc=0.914120
epoch 337 test: acc=0.783686, f1=0.473167, auc=0.934863, bac=0.601706, sens=0.601706, spec=0.962672
epoch 337 val: acc=0.787519, f1=0.537214, auc=0.943085, bac=0.644422, sens=0.644422, spec=0.962183
Epoch [337/500] Loss=0.271032 Acc=0.914855
epoch 338 test: acc=0.783428, f1=0.470874, auc=0.934384, bac=0.600903, sens=0.600903, spec=0.962672
epoch 338 val: acc=0.789067, f1=0.535292, auc=0.943079, bac=0.655420, sens=0.655420, spec=0.962310
Epoch [338/500] Loss=0.270676 Acc=0.914445
epoch 339 test: acc=0.780330, f1=0.469649, auc=0.933651, bac=0.600730, sens=0.600730, spec=0.962136
epoch 339 val: acc=0.785456, f1=0.530042, auc=0.943524, bac=0.634280, sens=0.634280, spec=0.961842
Epoch [339/500] Loss=0.269808 Acc=0.915045
epoch 340 test: acc=0.780589, f1=0.471030, auc=0.933846, bac=0.601411, sens=0.601411, spec=0.962194
epoch 340 val: acc=0.787004, f1=0.521027, auc=0.943760, bac=0.636647, sens=0.636647, spec=0.962150
Epoch [340/500] Loss=0.271828 Acc=0.913708
epoch 341 test: acc=0.781879, f1=0.470430, auc=0.934017, bac=0.601079, sens=0.601079, spec=0.962394
epoch 341 val: acc=0.785972, f1=0.531241, auc=0.942997, bac=0.644792, sens=0.644792, spec=0.962133
Epoch [341/500] Loss=0.273280 Acc=0.913718
epoch 342 test: acc=0.782137, f1=0.473564, auc=0.934334, bac=0.600004, sens=0.600004, spec=0.962301
epoch 342 val: acc=0.789582, f1=0.544230, auc=0.944320, bac=0.644197, sens=0.644197, spec=0.962525
Epoch [342/500] Loss=0.271666 Acc=0.913530
epoch 343 test: acc=0.783428, f1=0.473041, auc=0.934207, bac=0.603171, sens=0.603171, spec=0.962541
epoch 343 val: acc=0.786488, f1=0.528133, auc=0.944408, bac=0.645124, sens=0.645124, spec=0.962091
Epoch [343/500] Loss=0.268695 Acc=0.915085
epoch 344 test: acc=0.782395, f1=0.472787, auc=0.934280, bac=0.601346, sens=0.601346, spec=0.962177
epoch 344 val: acc=0.783909, f1=0.514779, auc=0.943558, bac=0.643177, sens=0.643177, spec=0.961502
Epoch [344/500] Loss=0.272557 Acc=0.914145
epoch 345 test: acc=0.780589, f1=0.471307, auc=0.934062, bac=0.600633, sens=0.600633, spec=0.962146
epoch 345 val: acc=0.785972, f1=0.538384, auc=0.943905, bac=0.644140, sens=0.644140, spec=0.961912
Epoch [345/500] Loss=0.271528 Acc=0.914180
epoch 346 test: acc=0.781363, f1=0.472007, auc=0.933469, bac=0.599567, sens=0.599567, spec=0.962297
epoch 346 val: acc=0.785972, f1=0.535045, auc=0.942913, bac=0.654460, sens=0.654460, spec=0.962023
Epoch [346/500] Loss=0.270821 Acc=0.913983
epoch 347 test: acc=0.783686, f1=0.470956, auc=0.935026, bac=0.598561, sens=0.598561, spec=0.962449
epoch 347 val: acc=0.789067, f1=0.532030, auc=0.944499, bac=0.644761, sens=0.644761, spec=0.962176
Epoch [347/500] Loss=0.268616 Acc=0.915592
epoch 348 test: acc=0.780847, f1=0.472197, auc=0.933431, bac=0.601742, sens=0.601742, spec=0.962292
epoch 348 val: acc=0.784941, f1=0.537919, auc=0.942888, bac=0.643702, sens=0.643702, spec=0.961989
Epoch [348/500] Loss=0.269146 Acc=0.914367
epoch 349 test: acc=0.783428, f1=0.471518, auc=0.935175, bac=0.601068, sens=0.601068, spec=0.962605
epoch 349 val: acc=0.788551, f1=0.539008, auc=0.944012, bac=0.640241, sens=0.640241, spec=0.962238
Epoch [349/500] Loss=0.268608 Acc=0.915754
epoch 350 test: acc=0.781363, f1=0.471320, auc=0.933514, bac=0.602170, sens=0.602170, spec=0.962319
epoch 350 val: acc=0.781846, f1=0.521001, auc=0.943083, bac=0.637934, sens=0.637934, spec=0.961701
Epoch [350/500] Loss=0.269668 Acc=0.913908
epoch 351 test: acc=0.781363, f1=0.470463, auc=0.933627, bac=0.600778, sens=0.600778, spec=0.962378
epoch 351 val: acc=0.788551, f1=0.536250, auc=0.943338, bac=0.648651, sens=0.648651, spec=0.962365
Epoch [351/500] Loss=0.270526 Acc=0.914310
epoch 352 test: acc=0.783428, f1=0.472285, auc=0.934288, bac=0.602110, sens=0.602110, spec=0.962490
epoch 352 val: acc=0.789582, f1=0.528924, auc=0.943865, bac=0.635867, sens=0.635867, spec=0.962521
Epoch [352/500] Loss=0.269610 Acc=0.915125
epoch 353 test: acc=0.781621, f1=0.471240, auc=0.934237, bac=0.599682, sens=0.599682, spec=0.962333
epoch 353 val: acc=0.786488, f1=0.531095, auc=0.943605, bac=0.644228, sens=0.644228, spec=0.962207
Epoch [353/500] Loss=0.267947 Acc=0.915180
epoch 354 test: acc=0.781105, f1=0.471456, auc=0.933369, bac=0.602140, sens=0.602140, spec=0.962324
epoch 354 val: acc=0.785456, f1=0.519724, auc=0.943096, bac=0.644647, sens=0.644647, spec=0.962107
Epoch [354/500] Loss=0.271511 Acc=0.913793
epoch 355 test: acc=0.783428, f1=0.471914, auc=0.934771, bac=0.600451, sens=0.600451, spec=0.962512
epoch 355 val: acc=0.785972, f1=0.518166, auc=0.944128, bac=0.642669, sens=0.642669, spec=0.961910
Epoch [355/500] Loss=0.269328 Acc=0.914540
epoch 356 test: acc=0.782395, f1=0.472162, auc=0.934504, bac=0.602463, sens=0.602463, spec=0.962454
epoch 356 val: acc=0.787519, f1=0.518410, auc=0.944127, bac=0.645610, sens=0.645610, spec=0.962232
Epoch [356/500] Loss=0.264561 Acc=0.916959
epoch 357 test: acc=0.782395, f1=0.474442, auc=0.935324, bac=0.601421, sens=0.601421, spec=0.962560
epoch 357 val: acc=0.787519, f1=0.543301, auc=0.942856, bac=0.640613, sens=0.640613, spec=0.962060
Epoch [357/500] Loss=0.266121 Acc=0.916024
epoch 358 test: acc=0.780589, f1=0.470884, auc=0.933799, bac=0.601576, sens=0.601576, spec=0.962203
epoch 358 val: acc=0.784425, f1=0.518917, auc=0.943576, bac=0.637240, sens=0.637240, spec=0.961846
Epoch [358/500] Loss=0.266053 Acc=0.916364
epoch 359 test: acc=0.784461, f1=0.474738, auc=0.935568, bac=0.601809, sens=0.601809, spec=0.962663
epoch 359 val: acc=0.789067, f1=0.541765, auc=0.945028, bac=0.635770, sens=0.635770, spec=0.962180
Epoch [359/500] Loss=0.265960 Acc=0.916582
epoch 360 test: acc=0.785493, f1=0.474078, auc=0.934584, bac=0.602966, sens=0.602966, spec=0.962880
epoch 360 val: acc=0.787004, f1=0.516862, auc=0.944264, bac=0.643845, sens=0.643845, spec=0.962020
Epoch [360/500] Loss=0.266978 Acc=0.915642
epoch 361 test: acc=0.780330, f1=0.471262, auc=0.934644, bac=0.600565, sens=0.600565, spec=0.962239
epoch 361 val: acc=0.784941, f1=0.534865, auc=0.943653, bac=0.634994, sens=0.634994, spec=0.961629
Epoch [361/500] Loss=0.265172 Acc=0.916444
epoch 362 test: acc=0.783944, f1=0.473289, auc=0.934729, bac=0.600009, sens=0.600009, spec=0.962599
epoch 362 val: acc=0.787004, f1=0.534384, auc=0.943261, bac=0.644373, sens=0.644373, spec=0.961621
Epoch [362/500] Loss=0.267628 Acc=0.915490
epoch 363 test: acc=0.781105, f1=0.470134, auc=0.933885, bac=0.599523, sens=0.599523, spec=0.962362
epoch 363 val: acc=0.783909, f1=0.518390, auc=0.943654, bac=0.633659, sens=0.633659, spec=0.961865
Epoch [363/500] Loss=0.266673 Acc=0.915432
epoch 364 test: acc=0.783170, f1=0.472829, auc=0.935053, bac=0.600025, sens=0.600025, spec=0.962261
epoch 364 val: acc=0.790614, f1=0.545801, auc=0.944610, bac=0.641564, sens=0.641564, spec=0.962602
Epoch [364/500] Loss=0.265865 Acc=0.916369
epoch 365 test: acc=0.779556, f1=0.469241, auc=0.933730, bac=0.599274, sens=0.599274, spec=0.962059
epoch 365 val: acc=0.783909, f1=0.538596, auc=0.943623, bac=0.633980, sens=0.633980, spec=0.961563
Epoch [365/500] Loss=0.265051 Acc=0.916369
epoch 366 test: acc=0.781105, f1=0.471104, auc=0.934467, bac=0.599645, sens=0.599645, spec=0.962284
epoch 366 val: acc=0.784425, f1=0.523148, auc=0.943536, bac=0.629089, sens=0.629089, spec=0.961668
Epoch [366/500] Loss=0.264063 Acc=0.916534
epoch 367 test: acc=0.784461, f1=0.471929, auc=0.934829, bac=0.598824, sens=0.598824, spec=0.962599
epoch 367 val: acc=0.790614, f1=0.532053, auc=0.944081, bac=0.649078, sens=0.649078, spec=0.962374
Epoch [367/500] Loss=0.266123 Acc=0.915944
epoch 368 test: acc=0.783944, f1=0.471884, auc=0.934988, bac=0.601165, sens=0.601165, spec=0.962553
epoch 368 val: acc=0.790614, f1=0.539198, auc=0.944803, bac=0.646673, sens=0.646673, spec=0.962547
Epoch [368/500] Loss=0.268921 Acc=0.915037
epoch 369 test: acc=0.783686, f1=0.475589, auc=0.935033, bac=0.599532, sens=0.599532, spec=0.962803
epoch 369 val: acc=0.786488, f1=0.545132, auc=0.943585, bac=0.643898, sens=0.643898, spec=0.961781
Epoch [369/500] Loss=0.261021 Acc=0.917361
epoch 370 test: acc=0.782912, f1=0.472520, auc=0.934639, bac=0.600665, sens=0.600665, spec=0.962470
epoch 370 val: acc=0.789067, f1=0.536422, auc=0.944055, bac=0.635440, sens=0.635440, spec=0.962441
Epoch [370/500] Loss=0.264995 Acc=0.915992
epoch 371 test: acc=0.781621, f1=0.471256, auc=0.934241, bac=0.601770, sens=0.601770, spec=0.962286
epoch 371 val: acc=0.787519, f1=0.531051, auc=0.943903, bac=0.644187, sens=0.644187, spec=0.962257
Epoch [371/500] Loss=0.265144 Acc=0.916382
epoch 372 test: acc=0.780330, f1=0.469561, auc=0.933200, bac=0.599892, sens=0.599892, spec=0.962052
epoch 372 val: acc=0.787004, f1=0.531829, auc=0.944421, bac=0.645183, sens=0.645183, spec=0.962166
Epoch [372/500] Loss=0.269276 Acc=0.913888
epoch 373 test: acc=0.784461, f1=0.472542, auc=0.934538, bac=0.600857, sens=0.600857, spec=0.962622
epoch 373 val: acc=0.790614, f1=0.540166, auc=0.943995, bac=0.646476, sens=0.646476, spec=0.962398
Epoch [373/500] Loss=0.266144 Acc=0.915787
epoch 374 test: acc=0.783170, f1=0.472265, auc=0.934316, bac=0.602651, sens=0.602651, spec=0.962632
epoch 374 val: acc=0.785972, f1=0.539270, auc=0.944061, bac=0.643566, sens=0.643566, spec=0.962012
Epoch [374/500] Loss=0.264661 Acc=0.916164
epoch 375 test: acc=0.783944, f1=0.473281, auc=0.933592, bac=0.602773, sens=0.602773, spec=0.962601
epoch 375 val: acc=0.789582, f1=0.528285, auc=0.943854, bac=0.635340, sens=0.635340, spec=0.962526
Epoch [375/500] Loss=0.263126 Acc=0.916649
epoch 376 test: acc=0.781105, f1=0.470610, auc=0.933786, bac=0.600222, sens=0.600222, spec=0.962247
epoch 376 val: acc=0.786488, f1=0.537180, auc=0.944142, bac=0.641909, sens=0.641909, spec=0.962095
Epoch [376/500] Loss=0.261507 Acc=0.917239
epoch 377 test: acc=0.781879, f1=0.471085, auc=0.933667, bac=0.599565, sens=0.599565, spec=0.962250
epoch 377 val: acc=0.785972, f1=0.526706, auc=0.944495, bac=0.645516, sens=0.645516, spec=0.961876
Epoch [377/500] Loss=0.266528 Acc=0.915430
epoch 378 test: acc=0.780847, f1=0.471528, auc=0.933592, bac=0.602006, sens=0.602006, spec=0.962281
epoch 378 val: acc=0.784941, f1=0.532463, auc=0.943992, bac=0.633806, sens=0.633806, spec=0.962012
Epoch [378/500] Loss=0.264570 Acc=0.915754
epoch 379 test: acc=0.785751, f1=0.476117, auc=0.935759, bac=0.602071, sens=0.602071, spec=0.962886
epoch 379 val: acc=0.790098, f1=0.544370, auc=0.944563, bac=0.639674, sens=0.639674, spec=0.962162
Epoch [379/500] Loss=0.262725 Acc=0.916669
epoch 380 test: acc=0.781621, f1=0.469891, auc=0.934303, bac=0.599612, sens=0.599612, spec=0.962225
epoch 380 val: acc=0.789067, f1=0.535393, auc=0.943707, bac=0.634960, sens=0.634960, spec=0.962476
Epoch [380/500] Loss=0.264828 Acc=0.915879
epoch 381 test: acc=0.783686, f1=0.472553, auc=0.934772, bac=0.600720, sens=0.600720, spec=0.962630
epoch 381 val: acc=0.789067, f1=0.544846, auc=0.943834, bac=0.640707, sens=0.640707, spec=0.962157
Epoch [381/500] Loss=0.264056 Acc=0.916272
epoch 382 test: acc=0.782137, f1=0.471434, auc=0.933917, bac=0.602127, sens=0.602127, spec=0.962485
epoch 382 val: acc=0.785456, f1=0.518033, auc=0.944400, bac=0.633140, sens=0.633140, spec=0.961814
Epoch [382/500] Loss=0.261828 Acc=0.917194
epoch 383 test: acc=0.782137, f1=0.471679, auc=0.934529, bac=0.598840, sens=0.598840, spec=0.962411
epoch 383 val: acc=0.787004, f1=0.547129, auc=0.944504, bac=0.646889, sens=0.646889, spec=0.961992
Epoch [383/500] Loss=0.263263 Acc=0.916117
epoch 384 test: acc=0.781621, f1=0.472139, auc=0.933671, bac=0.602053, sens=0.602053, spec=0.962343
epoch 384 val: acc=0.785972, f1=0.534389, auc=0.943639, bac=0.634660, sens=0.634660, spec=0.962021
Epoch [384/500] Loss=0.262736 Acc=0.917034
epoch 385 test: acc=0.782912, f1=0.474378, auc=0.934101, bac=0.602866, sens=0.602866, spec=0.962579
epoch 385 val: acc=0.784425, f1=0.537245, auc=0.943773, bac=0.641803, sens=0.641803, spec=0.961661
Epoch [385/500] Loss=0.263351 Acc=0.916172
epoch 386 test: acc=0.786267, f1=0.475460, auc=0.934418, bac=0.603394, sens=0.603394, spec=0.963090
epoch 386 val: acc=0.789582, f1=0.527434, auc=0.943708, bac=0.645179, sens=0.645179, spec=0.962366
Epoch [386/500] Loss=0.261525 Acc=0.917012
epoch 387 test: acc=0.783686, f1=0.472120, auc=0.935243, bac=0.601074, sens=0.601074, spec=0.962577
epoch 387 val: acc=0.789582, f1=0.539392, auc=0.945305, bac=0.630955, sens=0.630955, spec=0.962374
Epoch [387/500] Loss=0.259857 Acc=0.918016
epoch 388 test: acc=0.784461, f1=0.476510, auc=0.935455, bac=0.604157, sens=0.604157, spec=0.962659
epoch 388 val: acc=0.790098, f1=0.545751, auc=0.944049, bac=0.642569, sens=0.642569, spec=0.962432
Epoch [388/500] Loss=0.259752 Acc=0.918056
epoch 389 test: acc=0.781363, f1=0.471800, auc=0.933959, bac=0.601372, sens=0.601372, spec=0.962384
epoch 389 val: acc=0.782878, f1=0.529333, auc=0.942426, bac=0.628232, sens=0.628232, spec=0.961578
Epoch [389/500] Loss=0.262352 Acc=0.916842
epoch 390 test: acc=0.784719, f1=0.473439, auc=0.934772, bac=0.601924, sens=0.601924, spec=0.962716
epoch 390 val: acc=0.790098, f1=0.534258, auc=0.944185, bac=0.636813, sens=0.636813, spec=0.962204
Epoch [390/500] Loss=0.262206 Acc=0.916242
epoch 391 test: acc=0.781363, f1=0.470733, auc=0.933027, bac=0.601458, sens=0.601458, spec=0.962314
epoch 391 val: acc=0.784941, f1=0.516677, auc=0.943328, bac=0.643174, sens=0.643174, spec=0.962023
Epoch [391/500] Loss=0.263068 Acc=0.916872
epoch 392 test: acc=0.783428, f1=0.474413, auc=0.934779, bac=0.602185, sens=0.602185, spec=0.962583
epoch 392 val: acc=0.788551, f1=0.544728, auc=0.944354, bac=0.643050, sens=0.643050, spec=0.962110
Epoch [392/500] Loss=0.261711 Acc=0.917371
epoch 393 test: acc=0.782654, f1=0.475062, auc=0.934865, bac=0.601823, sens=0.601823, spec=0.962486
epoch 393 val: acc=0.787519, f1=0.539750, auc=0.943946, bac=0.632038, sens=0.632038, spec=0.962059
Epoch [393/500] Loss=0.257755 Acc=0.918171
epoch 394 test: acc=0.782654, f1=0.472809, auc=0.933777, bac=0.602861, sens=0.602861, spec=0.962538
epoch 394 val: acc=0.784425, f1=0.515449, auc=0.943641, bac=0.643030, sens=0.643030, spec=0.961793
Epoch [394/500] Loss=0.262206 Acc=0.916497
epoch 395 test: acc=0.782395, f1=0.471597, auc=0.933978, bac=0.602439, sens=0.602439, spec=0.962529
epoch 395 val: acc=0.784941, f1=0.535141, auc=0.944985, bac=0.633891, sens=0.633891, spec=0.961727
Epoch [395/500] Loss=0.262264 Acc=0.916572
epoch 396 test: acc=0.785493, f1=0.474635, auc=0.934661, bac=0.603187, sens=0.603187, spec=0.962815
epoch 396 val: acc=0.789582, f1=0.543096, auc=0.944545, bac=0.644150, sens=0.644150, spec=0.962237
Epoch [396/500] Loss=0.262874 Acc=0.916482
epoch 397 test: acc=0.784719, f1=0.475004, auc=0.934307, bac=0.603649, sens=0.603649, spec=0.962747
epoch 397 val: acc=0.784941, f1=0.528601, auc=0.944093, bac=0.632995, sens=0.632995, spec=0.961621
Epoch [397/500] Loss=0.263577 Acc=0.916277
epoch 398 test: acc=0.783170, f1=0.471791, auc=0.934031, bac=0.602797, sens=0.602797, spec=0.962664
epoch 398 val: acc=0.783909, f1=0.530832, auc=0.943500, bac=0.631953, sens=0.631953, spec=0.961648
Epoch [398/500] Loss=0.256206 Acc=0.919156
epoch 399 test: acc=0.785493, f1=0.478158, auc=0.935015, bac=0.603187, sens=0.603187, spec=0.962849
epoch 399 val: acc=0.789582, f1=0.543279, auc=0.944187, bac=0.636385, sens=0.636385, spec=0.962231
Epoch [399/500] Loss=0.259461 Acc=0.918081
epoch 400 test: acc=0.783686, f1=0.473175, auc=0.934538, bac=0.602607, sens=0.602607, spec=0.962570
epoch 400 val: acc=0.787004, f1=0.540444, auc=0.944583, bac=0.634280, sens=0.634280, spec=0.961876
Epoch [400/500] Loss=0.260591 Acc=0.917229
epoch 401 test: acc=0.782137, f1=0.470932, auc=0.933530, bac=0.600751, sens=0.600751, spec=0.962304
epoch 401 val: acc=0.790614, f1=0.537575, auc=0.944100, bac=0.636957, sens=0.636957, spec=0.962812
Epoch [401/500] Loss=0.263244 Acc=0.916467
epoch 402 test: acc=0.782395, f1=0.471848, auc=0.934496, bac=0.599045, sens=0.599045, spec=0.962457
epoch 402 val: acc=0.787004, f1=0.544462, auc=0.944098, bac=0.644042, sens=0.644042, spec=0.961994
Epoch [402/500] Loss=0.260721 Acc=0.917461
epoch 403 test: acc=0.782395, f1=0.473454, auc=0.933978, bac=0.603787, sens=0.603787, spec=0.962559
epoch 403 val: acc=0.785456, f1=0.535119, auc=0.943533, bac=0.633989, sens=0.633989, spec=0.961906
Epoch [403/500] Loss=0.258990 Acc=0.918061
epoch 404 test: acc=0.787042, f1=0.475350, auc=0.934599, bac=0.602974, sens=0.602974, spec=0.962976
epoch 404 val: acc=0.790614, f1=0.523758, auc=0.944782, bac=0.634959, sens=0.634959, spec=0.962386
Epoch [404/500] Loss=0.259035 Acc=0.917354
epoch 405 test: acc=0.782137, f1=0.473109, auc=0.934086, bac=0.602273, sens=0.602273, spec=0.962547
epoch 405 val: acc=0.784941, f1=0.538054, auc=0.943663, bac=0.633609, sens=0.633609, spec=0.961624
Epoch [405/500] Loss=0.257355 Acc=0.918574
epoch 406 test: acc=0.782395, f1=0.471854, auc=0.933972, bac=0.601746, sens=0.601746, spec=0.962619
epoch 406 val: acc=0.788035, f1=0.538845, auc=0.943615, bac=0.654934, sens=0.654934, spec=0.962260
Epoch [406/500] Loss=0.258857 Acc=0.917636
epoch 407 test: acc=0.787816, f1=0.474602, auc=0.934321, bac=0.600965, sens=0.600965, spec=0.963191
epoch 407 val: acc=0.788551, f1=0.523219, auc=0.943934, bac=0.644702, sens=0.644702, spec=0.962101
Epoch [407/500] Loss=0.258786 Acc=0.918469
epoch 408 test: acc=0.783170, f1=0.473077, auc=0.934203, bac=0.603037, sens=0.603037, spec=0.962564
epoch 408 val: acc=0.786488, f1=0.534268, auc=0.944657, bac=0.633287, sens=0.633287, spec=0.962080
Epoch [408/500] Loss=0.257192 Acc=0.917879
epoch 409 test: acc=0.781363, f1=0.470501, auc=0.933020, bac=0.599303, sens=0.599303, spec=0.962367
epoch 409 val: acc=0.786488, f1=0.527882, auc=0.942602, bac=0.634183, sens=0.634183, spec=0.961927
Epoch [409/500] Loss=0.260135 Acc=0.918246
epoch 410 test: acc=0.783944, f1=0.472554, auc=0.935134, bac=0.601264, sens=0.601264, spec=0.962595
epoch 410 val: acc=0.789582, f1=0.539301, auc=0.944335, bac=0.631774, sens=0.631774, spec=0.962376
Epoch [410/500] Loss=0.260286 Acc=0.916819
epoch 411 test: acc=0.783944, f1=0.475825, auc=0.934167, bac=0.603937, sens=0.603937, spec=0.962724
epoch 411 val: acc=0.785456, f1=0.537816, auc=0.945088, bac=0.633092, sens=0.633092, spec=0.961812
Epoch [411/500] Loss=0.257662 Acc=0.917771
epoch 412 test: acc=0.785235, f1=0.473265, auc=0.934153, bac=0.600644, sens=0.600644, spec=0.962837
epoch 412 val: acc=0.789067, f1=0.537741, auc=0.943571, bac=0.638128, sens=0.638128, spec=0.962017
Epoch [412/500] Loss=0.259399 Acc=0.917691
epoch 413 test: acc=0.783944, f1=0.472353, auc=0.934286, bac=0.599911, sens=0.599911, spec=0.962764
epoch 413 val: acc=0.788551, f1=0.536964, auc=0.942561, bac=0.654418, sens=0.654418, spec=0.962079
Epoch [413/500] Loss=0.258072 Acc=0.917464
epoch 414 test: acc=0.785493, f1=0.473654, auc=0.934517, bac=0.602947, sens=0.602947, spec=0.962898
epoch 414 val: acc=0.788551, f1=0.538784, auc=0.943569, bac=0.636239, sens=0.636239, spec=0.962216
Epoch [414/500] Loss=0.256565 Acc=0.918891
epoch 415 test: acc=0.782912, f1=0.474330, auc=0.933682, bac=0.603904, sens=0.603904, spec=0.962746
epoch 415 val: acc=0.782878, f1=0.536192, auc=0.944518, bac=0.632041, sens=0.632041, spec=0.961349
Epoch [415/500] Loss=0.256900 Acc=0.919003
epoch 416 test: acc=0.782912, f1=0.473185, auc=0.934417, bac=0.602622, sens=0.602622, spec=0.962438
epoch 416 val: acc=0.789582, f1=0.537848, auc=0.945271, bac=0.643670, sens=0.643670, spec=0.962507
Epoch [416/500] Loss=0.258486 Acc=0.917314
epoch 417 test: acc=0.784719, f1=0.472585, auc=0.935059, bac=0.601877, sens=0.601877, spec=0.962899
epoch 417 val: acc=0.789582, f1=0.543558, auc=0.944619, bac=0.639625, sens=0.639625, spec=0.962249
Epoch [417/500] Loss=0.255707 Acc=0.919063
epoch 418 test: acc=0.782137, f1=0.474110, auc=0.934631, bac=0.602315, sens=0.602315, spec=0.962402
epoch 418 val: acc=0.787004, f1=0.543842, auc=0.944286, bac=0.639988, sens=0.639988, spec=0.961872
Epoch [418/500] Loss=0.257485 Acc=0.918704
epoch 419 test: acc=0.782912, f1=0.472069, auc=0.934077, bac=0.601254, sens=0.601254, spec=0.962508
epoch 419 val: acc=0.788551, f1=0.528066, auc=0.944508, bac=0.634815, sens=0.634815, spec=0.962384
Epoch [419/500] Loss=0.258755 Acc=0.917679
epoch 420 test: acc=0.782137, f1=0.473705, auc=0.934148, bac=0.602174, sens=0.602174, spec=0.962407
epoch 420 val: acc=0.785456, f1=0.535723, auc=0.944137, bac=0.628472, sens=0.628472, spec=0.961798
Epoch [420/500] Loss=0.257021 Acc=0.918274
epoch 421 test: acc=0.782395, f1=0.474316, auc=0.932814, bac=0.601330, sens=0.601330, spec=0.962648
epoch 421 val: acc=0.785972, f1=0.527452, auc=0.942700, bac=0.645555, sens=0.645555, spec=0.961860
Epoch [421/500] Loss=0.256915 Acc=0.918649
epoch 422 test: acc=0.785493, f1=0.474855, auc=0.934243, bac=0.602966, sens=0.602966, spec=0.962871
epoch 422 val: acc=0.786488, f1=0.530741, auc=0.944149, bac=0.633004, sens=0.633004, spec=0.961832
Epoch [422/500] Loss=0.257323 Acc=0.918888
epoch 423 test: acc=0.784719, f1=0.474304, auc=0.933949, bac=0.603390, sens=0.603390, spec=0.962768
epoch 423 val: acc=0.785972, f1=0.527704, auc=0.944691, bac=0.628569, sens=0.628569, spec=0.962019
Epoch [423/500] Loss=0.258272 Acc=0.917646
epoch 424 test: acc=0.786267, f1=0.475933, auc=0.934295, bac=0.604252, sens=0.604252, spec=0.962987
epoch 424 val: acc=0.791129, f1=0.530269, auc=0.944519, bac=0.635103, sens=0.635103, spec=0.962470
Epoch [424/500] Loss=0.254764 Acc=0.919321
epoch 425 test: acc=0.783944, f1=0.475732, auc=0.934600, bac=0.603367, sens=0.603367, spec=0.962522
epoch 425 val: acc=0.791645, f1=0.545214, auc=0.945601, bac=0.637387, sens=0.637387, spec=0.962636
Epoch [425/500] Loss=0.256259 Acc=0.918474
epoch 426 test: acc=0.781363, f1=0.472084, auc=0.934541, bac=0.599756, sens=0.599756, spec=0.962366
epoch 426 val: acc=0.781846, f1=0.535021, auc=0.943635, bac=0.630036, sens=0.630036, spec=0.961175
Epoch [426/500] Loss=0.257761 Acc=0.917669
epoch 427 test: acc=0.784461, f1=0.476579, auc=0.934410, bac=0.602752, sens=0.602752, spec=0.962666
epoch 427 val: acc=0.788551, f1=0.531568, auc=0.944424, bac=0.627876, sens=0.627876, spec=0.962263
Epoch [427/500] Loss=0.255343 Acc=0.918346
epoch 428 test: acc=0.782395, f1=0.473841, auc=0.934164, bac=0.601090, sens=0.601090, spec=0.962482
epoch 428 val: acc=0.788551, f1=0.545470, auc=0.943895, bac=0.651269, sens=0.651269, spec=0.962188
Epoch [428/500] Loss=0.253368 Acc=0.919106
epoch 429 test: acc=0.785751, f1=0.477053, auc=0.934867, bac=0.603400, sens=0.603400, spec=0.962837
epoch 429 val: acc=0.791129, f1=0.545480, auc=0.943697, bac=0.636762, sens=0.636762, spec=0.962425
Epoch [429/500] Loss=0.254296 Acc=0.919808
epoch 430 test: acc=0.785493, f1=0.475120, auc=0.935116, bac=0.601405, sens=0.601405, spec=0.963107
epoch 430 val: acc=0.787519, f1=0.540603, auc=0.945532, bac=0.631228, sens=0.631228, spec=0.961901
Epoch [430/500] Loss=0.254714 Acc=0.918826
epoch 431 test: acc=0.779556, f1=0.469649, auc=0.932668, bac=0.598987, sens=0.598987, spec=0.962048
epoch 431 val: acc=0.784941, f1=0.531980, auc=0.943654, bac=0.634749, sens=0.634749, spec=0.961852
Epoch [431/500] Loss=0.258397 Acc=0.917944
epoch 432 test: acc=0.787558, f1=0.475820, auc=0.935517, bac=0.602320, sens=0.602320, spec=0.963089
epoch 432 val: acc=0.791645, f1=0.543814, auc=0.945340, bac=0.633955, sens=0.633955, spec=0.962478
Epoch [432/500] Loss=0.253195 Acc=0.919758
epoch 433 test: acc=0.785751, f1=0.473348, auc=0.934152, bac=0.602279, sens=0.602279, spec=0.963041
epoch 433 val: acc=0.789067, f1=0.520953, auc=0.946045, bac=0.633206, sens=0.633206, spec=0.962318
Epoch [433/500] Loss=0.254877 Acc=0.918191
epoch 434 test: acc=0.784202, f1=0.475197, auc=0.934352, bac=0.601756, sens=0.601756, spec=0.962808
epoch 434 val: acc=0.785972, f1=0.534189, auc=0.943644, bac=0.630323, sens=0.630323, spec=0.961723
Epoch [434/500] Loss=0.252206 Acc=0.919821
epoch 435 test: acc=0.783686, f1=0.473456, auc=0.933755, bac=0.601871, sens=0.601871, spec=0.962501
epoch 435 val: acc=0.787004, f1=0.527399, auc=0.945005, bac=0.633714, sens=0.633714, spec=0.962021
Epoch [435/500] Loss=0.252241 Acc=0.920063
epoch 436 test: acc=0.781105, f1=0.475220, auc=0.933406, bac=0.605511, sens=0.605511, spec=0.962196
epoch 436 val: acc=0.786488, f1=0.536904, auc=0.944654, bac=0.634993, sens=0.634993, spec=0.962052
Epoch [436/500] Loss=0.256615 Acc=0.918729
epoch 437 test: acc=0.781621, f1=0.470526, auc=0.934060, bac=0.599258, sens=0.599258, spec=0.962284
epoch 437 val: acc=0.786488, f1=0.538529, auc=0.945324, bac=0.636464, sens=0.636464, spec=0.961943
Epoch [437/500] Loss=0.256972 Acc=0.918004
epoch 438 test: acc=0.787816, f1=0.476860, auc=0.935072, bac=0.604237, sens=0.604237, spec=0.963196
epoch 438 val: acc=0.790614, f1=0.542881, auc=0.944571, bac=0.632817, sens=0.632817, spec=0.962344
Epoch [438/500] Loss=0.254352 Acc=0.919251
epoch 439 test: acc=0.786267, f1=0.475855, auc=0.934698, bac=0.601550, sens=0.601550, spec=0.963206
epoch 439 val: acc=0.784941, f1=0.534259, auc=0.944302, bac=0.628989, sens=0.628989, spec=0.961562
Epoch [439/500] Loss=0.250070 Acc=0.920710
epoch 440 test: acc=0.782395, f1=0.473466, auc=0.933226, bac=0.602788, sens=0.602788, spec=0.962605
epoch 440 val: acc=0.787519, f1=0.533244, auc=0.943594, bac=0.655450, sens=0.655450, spec=0.962195
Epoch [440/500] Loss=0.257480 Acc=0.917431
epoch 441 test: acc=0.785493, f1=0.474361, auc=0.935268, bac=0.598566, sens=0.598566, spec=0.962860
epoch 441 val: acc=0.789067, f1=0.542529, auc=0.944956, bac=0.632243, sens=0.632243, spec=0.962131
Epoch [441/500] Loss=0.252097 Acc=0.920163
epoch 442 test: acc=0.784461, f1=0.476075, auc=0.932923, bac=0.604077, sens=0.604077, spec=0.962790
epoch 442 val: acc=0.784941, f1=0.527191, auc=0.942289, bac=0.634749, sens=0.634749, spec=0.961597
Epoch [442/500] Loss=0.254960 Acc=0.918681
epoch 443 test: acc=0.787300, f1=0.478118, auc=0.935297, bac=0.601584, sens=0.601584, spec=0.963051
epoch 443 val: acc=0.790614, f1=0.547445, auc=0.946183, bac=0.641722, sens=0.641722, spec=0.962239
Epoch [443/500] Loss=0.252483 Acc=0.919986
epoch 444 test: acc=0.782654, f1=0.473992, auc=0.933897, bac=0.601017, sens=0.601017, spec=0.962536
epoch 444 val: acc=0.783394, f1=0.531043, auc=0.943952, bac=0.628132, sens=0.628132, spec=0.961491
Epoch [444/500] Loss=0.254554 Acc=0.919291
epoch 445 test: acc=0.782654, f1=0.474950, auc=0.933759, bac=0.602597, sens=0.602597, spec=0.962515
epoch 445 val: acc=0.787519, f1=0.539276, auc=0.944166, bac=0.642669, sens=0.642669, spec=0.962228
Epoch [445/500] Loss=0.252544 Acc=0.919798
epoch 446 test: acc=0.787816, f1=0.477578, auc=0.935691, bac=0.601252, sens=0.601252, spec=0.963042
epoch 446 val: acc=0.793192, f1=0.545746, auc=0.945382, bac=0.633916, sens=0.633916, spec=0.962581
Epoch [446/500] Loss=0.252192 Acc=0.920156
epoch 447 test: acc=0.782654, f1=0.475891, auc=0.933791, bac=0.602983, sens=0.602983, spec=0.962481
epoch 447 val: acc=0.788035, f1=0.533810, auc=0.943751, bac=0.635284, sens=0.635284, spec=0.962402
Epoch [447/500] Loss=0.254150 Acc=0.919231
epoch 448 test: acc=0.783170, f1=0.474587, auc=0.933998, bac=0.602816, sens=0.602816, spec=0.962550
epoch 448 val: acc=0.786488, f1=0.525283, auc=0.945115, bac=0.629807, sens=0.629807, spec=0.962062
Epoch [448/500] Loss=0.254909 Acc=0.918756
epoch 449 test: acc=0.783428, f1=0.474894, auc=0.934543, bac=0.601756, sens=0.601756, spec=0.962574
epoch 449 val: acc=0.787004, f1=0.529577, auc=0.943935, bac=0.629424, sens=0.629424, spec=0.961901
Epoch [449/500] Loss=0.251565 Acc=0.920221
epoch 450 test: acc=0.783170, f1=0.472306, auc=0.933523, bac=0.601534, sens=0.601534, spec=0.962557
epoch 450 val: acc=0.787519, f1=0.535198, auc=0.943945, bac=0.633198, sens=0.633198, spec=0.962095
Epoch [450/500] Loss=0.253363 Acc=0.918933
epoch 451 test: acc=0.785235, f1=0.477336, auc=0.934525, bac=0.603916, sens=0.603916, spec=0.962763
epoch 451 val: acc=0.789067, f1=0.538174, auc=0.943800, bac=0.629812, sens=0.629812, spec=0.962294
Epoch [451/500] Loss=0.253061 Acc=0.919898
epoch 452 test: acc=0.784719, f1=0.474501, auc=0.934735, bac=0.600792, sens=0.600792, spec=0.962822
epoch 452 val: acc=0.789067, f1=0.543166, auc=0.945565, bac=0.633752, sens=0.633752, spec=0.962017
Epoch [452/500] Loss=0.251236 Acc=0.919978
epoch 453 test: acc=0.786009, f1=0.475556, auc=0.935090, bac=0.603468, sens=0.603468, spec=0.962995
epoch 453 val: acc=0.791645, f1=0.541903, auc=0.946096, bac=0.632248, sens=0.632248, spec=0.962407
Epoch [453/500] Loss=0.252632 Acc=0.919866
epoch 454 test: acc=0.783944, f1=0.474443, auc=0.934238, bac=0.601099, sens=0.601099, spec=0.962604
epoch 454 val: acc=0.788035, f1=0.540431, auc=0.944243, bac=0.633567, sens=0.633567, spec=0.962034
Epoch [454/500] Loss=0.252488 Acc=0.920211
epoch 455 test: acc=0.784461, f1=0.475458, auc=0.934117, bac=0.603035, sens=0.603035, spec=0.962788
epoch 455 val: acc=0.787004, f1=0.532220, auc=0.943916, bac=0.629621, sens=0.629621, spec=0.962148
Epoch [455/500] Loss=0.252228 Acc=0.920143
epoch 456 test: acc=0.783428, f1=0.474834, auc=0.934020, bac=0.602817, sens=0.602817, spec=0.962696
epoch 456 val: acc=0.789067, f1=0.538077, auc=0.944016, bac=0.636619, sens=0.636619, spec=0.962442
Epoch [456/500] Loss=0.252519 Acc=0.919218
epoch 457 test: acc=0.780589, f1=0.469505, auc=0.932275, bac=0.599445, sens=0.599445, spec=0.962333
epoch 457 val: acc=0.784941, f1=0.523961, auc=0.944509, bac=0.635890, sens=0.635890, spec=0.962018
Epoch [457/500] Loss=0.252280 Acc=0.919438
epoch 458 test: acc=0.789107, f1=0.478715, auc=0.935256, bac=0.605493, sens=0.605493, spec=0.963455
epoch 458 val: acc=0.793192, f1=0.533409, auc=0.946515, bac=0.638621, sens=0.638621, spec=0.962693
Epoch [458/500] Loss=0.250704 Acc=0.920141
epoch 459 test: acc=0.782912, f1=0.474577, auc=0.934262, bac=0.603027, sens=0.603027, spec=0.962573
epoch 459 val: acc=0.784941, f1=0.536885, auc=0.945699, bac=0.629846, sens=0.629846, spec=0.961603
Epoch [459/500] Loss=0.251002 Acc=0.920340
epoch 460 test: acc=0.786784, f1=0.475619, auc=0.934886, bac=0.601506, sens=0.601506, spec=0.963176
epoch 460 val: acc=0.792161, f1=0.543489, auc=0.945605, bac=0.632384, sens=0.632384, spec=0.962451
Epoch [460/500] Loss=0.251169 Acc=0.920306
epoch 461 test: acc=0.787042, f1=0.476195, auc=0.934565, bac=0.604110, sens=0.604110, spec=0.963272
epoch 461 val: acc=0.789067, f1=0.542000, auc=0.944989, bac=0.640951, sens=0.640951, spec=0.962054
Epoch [461/500] Loss=0.248353 Acc=0.921265
epoch 462 test: acc=0.786009, f1=0.474087, auc=0.934442, bac=0.602898, sens=0.602898, spec=0.963078
epoch 462 val: acc=0.789582, f1=0.529250, auc=0.945516, bac=0.634199, sens=0.634199, spec=0.962256
Epoch [462/500] Loss=0.249054 Acc=0.920658
epoch 463 test: acc=0.786009, f1=0.474532, auc=0.934582, bac=0.601765, sens=0.601765, spec=0.963118
epoch 463 val: acc=0.790098, f1=0.550719, auc=0.945184, bac=0.650947, sens=0.650947, spec=0.962308
Epoch [463/500] Loss=0.250730 Acc=0.919983
epoch 464 test: acc=0.788591, f1=0.480171, auc=0.935749, bac=0.604378, sens=0.604378, spec=0.963402
epoch 464 val: acc=0.793192, f1=0.546942, auc=0.945971, bac=0.635142, sens=0.635142, spec=0.962663
Epoch [464/500] Loss=0.247149 Acc=0.922190
epoch 465 test: acc=0.780589, f1=0.472752, auc=0.933353, bac=0.602453, sens=0.602453, spec=0.962325
epoch 465 val: acc=0.784941, f1=0.533470, auc=0.945276, bac=0.634749, sens=0.634749, spec=0.962023
Epoch [465/500] Loss=0.250544 Acc=0.919701
epoch 466 test: acc=0.787042, f1=0.475272, auc=0.934757, bac=0.601677, sens=0.601677, spec=0.963122
epoch 466 val: acc=0.791129, f1=0.535947, auc=0.946446, bac=0.642763, sens=0.642763, spec=0.962417
Epoch [466/500] Loss=0.250423 Acc=0.919913
epoch 467 test: acc=0.784461, f1=0.476665, auc=0.934455, bac=0.603629, sens=0.603629, spec=0.962709
epoch 467 val: acc=0.789582, f1=0.541818, auc=0.944430, bac=0.632953, sens=0.632953, spec=0.962241
Epoch [467/500] Loss=0.251037 Acc=0.920433
epoch 468 test: acc=0.785493, f1=0.476057, auc=0.934403, bac=0.604408, sens=0.604408, spec=0.963031
epoch 468 val: acc=0.788551, f1=0.539739, auc=0.944438, bac=0.634571, sens=0.634571, spec=0.961934
Epoch [468/500] Loss=0.250748 Acc=0.920178
epoch 469 test: acc=0.784202, f1=0.475378, auc=0.934035, bac=0.602283, sens=0.602283, spec=0.962859
epoch 469 val: acc=0.787519, f1=0.537900, auc=0.943537, bac=0.636045, sens=0.636045, spec=0.962061
Epoch [469/500] Loss=0.250449 Acc=0.920745
epoch 470 test: acc=0.783944, f1=0.474745, auc=0.934608, bac=0.600972, sens=0.600972, spec=0.962694
epoch 470 val: acc=0.789582, f1=0.548917, auc=0.943916, bac=0.646517, sens=0.646517, spec=0.962212
Epoch [470/500] Loss=0.249829 Acc=0.920123
epoch 471 test: acc=0.785493, f1=0.476577, auc=0.934619, bac=0.602499, sens=0.602499, spec=0.962882
epoch 471 val: acc=0.789067, f1=0.534030, auc=0.944479, bac=0.630292, sens=0.630292, spec=0.962309
Epoch [471/500] Loss=0.247975 Acc=0.921140
epoch 472 test: acc=0.782912, f1=0.478772, auc=0.934829, bac=0.603441, sens=0.603441, spec=0.962526
epoch 472 val: acc=0.790614, f1=0.539015, auc=0.945174, bac=0.630498, sens=0.630498, spec=0.962535
Epoch [472/500] Loss=0.247413 Acc=0.921078
epoch 473 test: acc=0.787042, f1=0.477999, auc=0.934976, bac=0.604845, sens=0.604845, spec=0.962887
epoch 473 val: acc=0.791645, f1=0.542914, auc=0.945687, bac=0.632531, sens=0.632531, spec=0.962513
Epoch [473/500] Loss=0.249552 Acc=0.920700
epoch 474 test: acc=0.783428, f1=0.473115, auc=0.933070, bac=0.603006, sens=0.603006, spec=0.962711
epoch 474 val: acc=0.785456, f1=0.536270, auc=0.944113, bac=0.635129, sens=0.635129, spec=0.961808
Epoch [474/500] Loss=0.251078 Acc=0.920188
epoch 475 test: acc=0.787816, f1=0.478099, auc=0.934865, bac=0.604091, sens=0.604091, spec=0.963243
epoch 475 val: acc=0.793192, f1=0.541058, auc=0.945094, bac=0.637395, sens=0.637395, spec=0.962996
Epoch [475/500] Loss=0.246146 Acc=0.921208
epoch 476 test: acc=0.783170, f1=0.474282, auc=0.933810, bac=0.602816, sens=0.602816, spec=0.962738
epoch 476 val: acc=0.785456, f1=0.539232, auc=0.944828, bac=0.634319, sens=0.634319, spec=0.961907
Epoch [476/500] Loss=0.247247 Acc=0.921398
epoch 477 test: acc=0.783428, f1=0.475569, auc=0.933833, bac=0.603548, sens=0.603548, spec=0.962691
epoch 477 val: acc=0.787004, f1=0.539030, auc=0.944436, bac=0.637127, sens=0.637127, spec=0.962101
Epoch [477/500] Loss=0.247459 Acc=0.921415
epoch 478 test: acc=0.786009, f1=0.473785, auc=0.933299, bac=0.600790, sens=0.600790, spec=0.962938
epoch 478 val: acc=0.789067, f1=0.536976, auc=0.943697, bac=0.634629, sens=0.634629, spec=0.962309
Epoch [478/500] Loss=0.250470 Acc=0.920126
epoch 479 test: acc=0.787042, f1=0.477174, auc=0.934796, bac=0.604704, sens=0.604704, spec=0.963075
epoch 479 val: acc=0.791129, f1=0.543474, auc=0.944706, bac=0.633858, sens=0.633858, spec=0.962321
Epoch [479/500] Loss=0.248540 Acc=0.920898
epoch 480 test: acc=0.784977, f1=0.475602, auc=0.933439, bac=0.604457, sens=0.604457, spec=0.962975
epoch 480 val: acc=0.785972, f1=0.526851, auc=0.944311, bac=0.635226, sens=0.635226, spec=0.961740
Epoch [480/500] Loss=0.249756 Acc=0.920445
epoch 481 test: acc=0.786267, f1=0.478458, auc=0.935375, bac=0.605062, sens=0.605062, spec=0.962966
epoch 481 val: acc=0.792161, f1=0.543764, auc=0.945024, bac=0.634052, sens=0.634052, spec=0.962587
Epoch [481/500] Loss=0.247720 Acc=0.921398
epoch 482 test: acc=0.785493, f1=0.476097, auc=0.934659, bac=0.601098, sens=0.601098, spec=0.962837
epoch 482 val: acc=0.786488, f1=0.544754, auc=0.945802, bac=0.641607, sens=0.641607, spec=0.961775
Epoch [482/500] Loss=0.250118 Acc=0.920423
epoch 483 test: acc=0.785235, f1=0.476252, auc=0.933426, bac=0.603916, sens=0.603916, spec=0.962959
epoch 483 val: acc=0.790098, f1=0.540151, auc=0.944951, bac=0.636616, sens=0.636616, spec=0.962430
Epoch [483/500] Loss=0.250450 Acc=0.919828
epoch 484 test: acc=0.782912, f1=0.473927, auc=0.933003, bac=0.603625, sens=0.603625, spec=0.962658
epoch 484 val: acc=0.787004, f1=0.536626, auc=0.944332, bac=0.635137, sens=0.635137, spec=0.962133
Epoch [484/500] Loss=0.249376 Acc=0.920530
epoch 485 test: acc=0.784719, f1=0.475024, auc=0.934352, bac=0.602423, sens=0.602423, spec=0.962742
epoch 485 val: acc=0.789582, f1=0.536023, auc=0.945426, bac=0.633869, sens=0.633869, spec=0.962393
Epoch [485/500] Loss=0.246147 Acc=0.921620
epoch 486 test: acc=0.785751, f1=0.475003, auc=0.934149, bac=0.600576, sens=0.600576, spec=0.963010
epoch 486 val: acc=0.789067, f1=0.540685, auc=0.945739, bac=0.647522, sens=0.647522, spec=0.962004
Epoch [486/500] Loss=0.250434 Acc=0.920096
epoch 487 test: acc=0.785493, f1=0.480909, auc=0.933654, bac=0.604224, sens=0.604224, spec=0.962966
epoch 487 val: acc=0.787519, f1=0.541685, auc=0.945159, bac=0.635149, sens=0.635149, spec=0.961966
Epoch [487/500] Loss=0.250122 Acc=0.920253
epoch 488 test: acc=0.788074, f1=0.478681, auc=0.934512, bac=0.604304, sens=0.604304, spec=0.963283
epoch 488 val: acc=0.789582, f1=0.543278, auc=0.945203, bac=0.635820, sens=0.635820, spec=0.962223
Epoch [488/500] Loss=0.244793 Acc=0.922277
epoch 489 test: acc=0.785235, f1=0.475646, auc=0.933857, bac=0.601969, sens=0.601969, spec=0.963069
epoch 489 val: acc=0.787519, f1=0.534088, auc=0.945480, bac=0.630662, sens=0.630662, spec=0.961970
Epoch [489/500] Loss=0.245308 Acc=0.921028
epoch 490 test: acc=0.787558, f1=0.476886, auc=0.935032, bac=0.604471, sens=0.604471, spec=0.963222
epoch 490 val: acc=0.792161, f1=0.538532, auc=0.945969, bac=0.632911, sens=0.632911, spec=0.962585
Epoch [490/500] Loss=0.245837 Acc=0.922012
epoch 491 test: acc=0.784461, f1=0.474473, auc=0.933185, bac=0.602638, sens=0.602638, spec=0.962893
epoch 491 val: acc=0.788035, f1=0.528188, auc=0.945074, bac=0.637038, sens=0.637038, spec=0.962164
Epoch [491/500] Loss=0.247904 Acc=0.920590
epoch 492 test: acc=0.784977, f1=0.475945, auc=0.934767, bac=0.601269, sens=0.601269, spec=0.962664
epoch 492 val: acc=0.792677, f1=0.542746, auc=0.945273, bac=0.635572, sens=0.635572, spec=0.962510
Epoch [492/500] Loss=0.248452 Acc=0.921325
epoch 493 test: acc=0.790139, f1=0.480783, auc=0.935767, bac=0.605668, sens=0.605668, spec=0.963492
epoch 493 val: acc=0.792677, f1=0.543009, auc=0.946563, bac=0.631413, sens=0.631413, spec=0.962414
Epoch [493/500] Loss=0.249018 Acc=0.921230
epoch 494 test: acc=0.784719, f1=0.472618, auc=0.933977, bac=0.600288, sens=0.600288, spec=0.962834
epoch 494 val: acc=0.787004, f1=0.530875, auc=0.943981, bac=0.633714, sens=0.633714, spec=0.961774
Epoch [494/500] Loss=0.248331 Acc=0.920983
epoch 495 test: acc=0.781879, f1=0.472530, auc=0.934391, bac=0.599786, sens=0.599786, spec=0.962541
epoch 495 val: acc=0.784425, f1=0.536053, auc=0.944135, bac=0.628609, sens=0.628609, spec=0.961614
Epoch [495/500] Loss=0.245696 Acc=0.921260
epoch 496 test: acc=0.787300, f1=0.480361, auc=0.934503, bac=0.604753, sens=0.604753, spec=0.963104
epoch 496 val: acc=0.790098, f1=0.543152, auc=0.945239, bac=0.633994, sens=0.633994, spec=0.962173
Epoch [496/500] Loss=0.245797 Acc=0.921238
epoch 497 test: acc=0.782654, f1=0.473346, auc=0.933496, bac=0.600875, sens=0.600875, spec=0.962590
epoch 497 val: acc=0.784425, f1=0.532801, auc=0.943834, bac=0.632615, sens=0.632615, spec=0.961571
Epoch [497/500] Loss=0.246903 Acc=0.920600
epoch 498 test: acc=0.781879, f1=0.473780, auc=0.932934, bac=0.601681, sens=0.601681, spec=0.962545
epoch 498 val: acc=0.785972, f1=0.533106, auc=0.944109, bac=0.636084, sens=0.636084, spec=0.961863
Epoch [498/500] Loss=0.247260 Acc=0.920798
epoch 499 test: acc=0.784719, f1=0.476080, auc=0.933864, bac=0.603989, sens=0.603989, spec=0.962712
epoch 499 val: acc=0.787519, f1=0.530013, auc=0.945510, bac=0.629718, sens=0.629718, spec=0.962125
Epoch [499/500] Loss=0.243980 Acc=0.922345
Best val acc=0.793192, best test acc=0.790139