Stage2 start: 2026-01-31 11:00:35
epoch 0 test: acc=0.676304, f1=0.289796, auc=0.835710, bac=0.410980, sens=0.410980, spec=0.941216
epoch 0 val: acc=0.681795, f1=0.302082, auc=0.866170, bac=0.456917, sens=0.456917, spec=0.940077
Epoch [0/500] Loss=1.791776 Acc=0.385412
epoch 1 test: acc=0.695922, f1=0.339528, auc=0.878701, bac=0.491628, sens=0.491628, spec=0.946958
epoch 1 val: acc=0.712739, f1=0.361801, auc=0.909418, bac=0.518228, sens=0.518228, spec=0.948182
Epoch [1/500] Loss=1.381134 Acc=0.645511
epoch 2 test: acc=0.700310, f1=0.360353, auc=0.894834, bac=0.541922, sens=0.541922, spec=0.948755
epoch 2 val: acc=0.714801, f1=0.384363, auc=0.920165, bac=0.548743, sens=0.548743, spec=0.949417
Epoch [2/500] Loss=1.160715 Acc=0.717545
epoch 3 test: acc=0.702117, f1=0.365196, auc=0.902946, bac=0.542117, sens=0.542117, spec=0.949648
epoch 3 val: acc=0.717896, f1=0.398016, auc=0.926099, bac=0.603807, sens=0.603807, spec=0.950638
Epoch [3/500] Loss=1.025041 Acc=0.749963
epoch 4 test: acc=0.709086, f1=0.373655, auc=0.907545, bac=0.549458, sens=0.549458, spec=0.951319
epoch 4 val: acc=0.724085, f1=0.405157, auc=0.929097, bac=0.608376, sens=0.608376, spec=0.951965
Epoch [4/500] Loss=0.934431 Acc=0.767294
epoch 5 test: acc=0.712958, f1=0.379255, auc=0.911972, bac=0.553016, sens=0.553016, spec=0.952179
epoch 5 val: acc=0.728726, f1=0.414008, auc=0.931887, bac=0.621125, sens=0.621125, spec=0.952798
Epoch [5/500] Loss=0.868169 Acc=0.779865
epoch 6 test: acc=0.717863, f1=0.384167, auc=0.914936, bac=0.553149, sens=0.553149, spec=0.952940
epoch 6 val: acc=0.731821, f1=0.417504, auc=0.933614, bac=0.626836, sens=0.626836, spec=0.953355
Epoch [6/500] Loss=0.819391 Acc=0.791129
epoch 7 test: acc=0.720702, f1=0.389004, auc=0.916711, bac=0.561346, sens=0.561346, spec=0.953676
epoch 7 val: acc=0.733883, f1=0.419108, auc=0.934481, bac=0.628347, sens=0.628347, spec=0.954104
Epoch [7/500] Loss=0.778824 Acc=0.798150
epoch 8 test: acc=0.725607, f1=0.395210, auc=0.918448, bac=0.572514, sens=0.572514, spec=0.954274
epoch 8 val: acc=0.737494, f1=0.423310, auc=0.935813, bac=0.632092, sens=0.632092, spec=0.954469
Epoch [8/500] Loss=0.743781 Acc=0.805292
epoch 9 test: acc=0.727414, f1=0.399328, auc=0.920740, bac=0.574363, sens=0.574363, spec=0.954587
epoch 9 val: acc=0.741104, f1=0.430326, auc=0.937224, bac=0.640324, sens=0.640324, spec=0.955298
Epoch [9/500] Loss=0.714843 Acc=0.812028
epoch 10 test: acc=0.725865, f1=0.397146, auc=0.921348, bac=0.572180, sens=0.572180, spec=0.954550
epoch 10 val: acc=0.737494, f1=0.429318, auc=0.937499, bac=0.638221, sens=0.638221, spec=0.954771
Epoch [10/500] Loss=0.688164 Acc=0.817084
epoch 11 test: acc=0.728704, f1=0.400763, auc=0.921962, bac=0.575615, sens=0.575615, spec=0.954823
epoch 11 val: acc=0.740072, f1=0.431797, auc=0.938236, bac=0.639263, sens=0.639263, spec=0.955088
Epoch [11/500] Loss=0.670716 Acc=0.820415
epoch 12 test: acc=0.730253, f1=0.404565, auc=0.922749, bac=0.580927, sens=0.580927, spec=0.955054
epoch 12 val: acc=0.740072, f1=0.432672, auc=0.938398, bac=0.640207, sens=0.640207, spec=0.955179
Epoch [12/500] Loss=0.653162 Acc=0.824616
epoch 13 test: acc=0.731285, f1=0.405673, auc=0.924466, bac=0.578443, sens=0.578443, spec=0.955053
epoch 13 val: acc=0.746261, f1=0.436420, auc=0.939644, bac=0.643313, sens=0.643313, spec=0.956019
Epoch [13/500] Loss=0.631509 Acc=0.828660
epoch 14 test: acc=0.733092, f1=0.407520, auc=0.924821, bac=0.580886, sens=0.580886, spec=0.955361
epoch 14 val: acc=0.745229, f1=0.438713, auc=0.939623, bac=0.643402, sens=0.643402, spec=0.955984
Epoch [14/500] Loss=0.622413 Acc=0.830272
epoch 15 test: acc=0.733609, f1=0.407568, auc=0.925193, bac=0.580574, sens=0.580574, spec=0.955490
epoch 15 val: acc=0.753481, f1=0.450764, auc=0.940227, bac=0.651971, sens=0.651971, spec=0.957211
Epoch [15/500] Loss=0.601226 Acc=0.836577
epoch 16 test: acc=0.737481, f1=0.412441, auc=0.926124, bac=0.582603, sens=0.582603, spec=0.955773
epoch 16 val: acc=0.756060, f1=0.454694, auc=0.940671, bac=0.653069, sens=0.653069, spec=0.957396
Epoch [16/500] Loss=0.592068 Acc=0.838877
epoch 17 test: acc=0.732576, f1=0.409998, auc=0.925694, bac=0.587381, sens=0.587381, spec=0.955428
epoch 17 val: acc=0.749871, f1=0.445572, auc=0.940584, bac=0.650961, sens=0.650961, spec=0.956800
Epoch [17/500] Loss=0.575835 Acc=0.841166
epoch 18 test: acc=0.738771, f1=0.418416, auc=0.926709, bac=0.609810, sens=0.609810, spec=0.956094
epoch 18 val: acc=0.757091, f1=0.456427, auc=0.941194, bac=0.656488, sens=0.656488, spec=0.957548
Epoch [18/500] Loss=0.571430 Acc=0.841923
epoch 19 test: acc=0.739546, f1=0.416196, auc=0.927200, bac=0.585023, sens=0.585023, spec=0.956225
epoch 19 val: acc=0.758123, f1=0.455438, auc=0.940943, bac=0.652930, sens=0.652930, spec=0.957671
Epoch [19/500] Loss=0.556475 Acc=0.846622
epoch 20 test: acc=0.740578, f1=0.417304, auc=0.927067, bac=0.588080, sens=0.588080, spec=0.956371
epoch 20 val: acc=0.758123, f1=0.457045, auc=0.940942, bac=0.656146, sens=0.656146, spec=0.958023
Epoch [20/500] Loss=0.551384 Acc=0.846844
epoch 21 test: acc=0.744450, f1=0.419755, auc=0.927913, bac=0.588737, sens=0.588737, spec=0.956925
epoch 21 val: acc=0.758123, f1=0.453201, auc=0.941248, bac=0.649734, sens=0.649734, spec=0.957764
Epoch [21/500] Loss=0.542158 Acc=0.849733
epoch 22 test: acc=0.739804, f1=0.417117, auc=0.927425, bac=0.588811, sens=0.588811, spec=0.956298
epoch 22 val: acc=0.758123, f1=0.452462, auc=0.940994, bac=0.652346, sens=0.652346, spec=0.958148
Epoch [22/500] Loss=0.534696 Acc=0.850238
epoch 23 test: acc=0.744966, f1=0.421866, auc=0.928258, bac=0.592577, sens=0.592577, spec=0.956851
epoch 23 val: acc=0.758638, f1=0.450987, auc=0.941906, bac=0.649303, sens=0.649303, spec=0.957955
Epoch [23/500] Loss=0.522655 Acc=0.853784
epoch 24 test: acc=0.747290, f1=0.427132, auc=0.929371, bac=0.615976, sens=0.615976, spec=0.957185
epoch 24 val: acc=0.761217, f1=0.454033, auc=0.942346, bac=0.649214, sens=0.649214, spec=0.958141
Epoch [24/500] Loss=0.516486 Acc=0.855656
epoch 25 test: acc=0.747031, f1=0.429686, auc=0.928350, bac=0.619808, sens=0.619808, spec=0.957259
epoch 25 val: acc=0.761733, f1=0.457974, auc=0.941951, bac=0.650207, sens=0.650207, spec=0.958456
Epoch [25/500] Loss=0.513518 Acc=0.855521
epoch 26 test: acc=0.745999, f1=0.428475, auc=0.928353, bac=0.618883, sens=0.618883, spec=0.956902
epoch 26 val: acc=0.768953, f1=0.467885, auc=0.942205, bac=0.659909, sens=0.659909, spec=0.959689
Epoch [26/500] Loss=0.508845 Acc=0.858090
epoch 27 test: acc=0.749613, f1=0.432071, auc=0.929301, bac=0.620581, sens=0.620581, spec=0.957483
epoch 27 val: acc=0.766890, f1=0.464840, auc=0.942449, bac=0.655816, sens=0.655816, spec=0.959378
Epoch [27/500] Loss=0.498679 Acc=0.858680
epoch 28 test: acc=0.749097, f1=0.429048, auc=0.929633, bac=0.616764, sens=0.616764, spec=0.957338
epoch 28 val: acc=0.766890, f1=0.465143, auc=0.943072, bac=0.654920, sens=0.654920, spec=0.959129
Epoch [28/500] Loss=0.493729 Acc=0.859762
epoch 29 test: acc=0.747548, f1=0.428740, auc=0.929000, bac=0.613915, sens=0.613915, spec=0.957420
epoch 29 val: acc=0.765343, f1=0.462185, auc=0.942351, bac=0.650292, sens=0.650292, spec=0.959012
Epoch [29/500] Loss=0.491048 Acc=0.860682
epoch 30 test: acc=0.748580, f1=0.429923, auc=0.929821, bac=0.618255, sens=0.618255, spec=0.957424
epoch 30 val: acc=0.768437, f1=0.467334, auc=0.943491, bac=0.654675, sens=0.654675, spec=0.959312
Epoch [30/500] Loss=0.482393 Acc=0.862319
epoch 31 test: acc=0.749613, f1=0.430715, auc=0.929641, bac=0.618874, sens=0.618874, spec=0.957580
epoch 31 val: acc=0.768437, f1=0.465201, auc=0.943276, bac=0.651196, sens=0.651196, spec=0.959395
Epoch [31/500] Loss=0.478210 Acc=0.864331
epoch 32 test: acc=0.748580, f1=0.429645, auc=0.929536, bac=0.618557, sens=0.618557, spec=0.957670
epoch 32 val: acc=0.766374, f1=0.462052, auc=0.943243, bac=0.651421, sens=0.651421, spec=0.959114
Epoch [32/500] Loss=0.471415 Acc=0.865803
epoch 33 test: acc=0.751420, f1=0.435121, auc=0.930506, bac=0.619949, sens=0.619949, spec=0.957538
epoch 33 val: acc=0.768953, f1=0.469992, auc=0.943873, bac=0.649011, sens=0.649011, spec=0.959310
Epoch [33/500] Loss=0.466577 Acc=0.868477
epoch 34 test: acc=0.747031, f1=0.427324, auc=0.929311, bac=0.594644, sens=0.594644, spec=0.957494
epoch 34 val: acc=0.767922, f1=0.470329, auc=0.942230, bac=0.659179, sens=0.659179, spec=0.959555
Epoch [34/500] Loss=0.464306 Acc=0.868100
epoch 35 test: acc=0.751678, f1=0.435112, auc=0.930053, bac=0.620752, sens=0.620752, spec=0.957861
epoch 35 val: acc=0.768437, f1=0.472815, auc=0.943426, bac=0.655854, sens=0.655854, spec=0.959357
Epoch [35/500] Loss=0.461119 Acc=0.867780
epoch 36 test: acc=0.749871, f1=0.433490, auc=0.930247, bac=0.620129, sens=0.620129, spec=0.957690
epoch 36 val: acc=0.772047, f1=0.473479, auc=0.943729, bac=0.659993, sens=0.659993, spec=0.960249
Epoch [36/500] Loss=0.452263 Acc=0.870681
epoch 37 test: acc=0.751420, f1=0.434676, auc=0.931032, bac=0.620382, sens=0.620382, spec=0.957515
epoch 37 val: acc=0.772563, f1=0.471914, auc=0.944421, bac=0.652782, sens=0.652782, spec=0.960056
Epoch [37/500] Loss=0.452012 Acc=0.870624
epoch 38 test: acc=0.749355, f1=0.436425, auc=0.929817, bac=0.624035, sens=0.624035, spec=0.957719
epoch 38 val: acc=0.771532, f1=0.474748, auc=0.943480, bac=0.655937, sens=0.655937, spec=0.960019
Epoch [38/500] Loss=0.449957 Acc=0.869752
epoch 39 test: acc=0.754775, f1=0.437787, auc=0.931323, bac=0.620561, sens=0.620561, spec=0.957891
epoch 39 val: acc=0.776689, f1=0.477105, auc=0.944514, bac=0.656208, sens=0.656208, spec=0.960600
Epoch [39/500] Loss=0.443462 Acc=0.871948
epoch 40 test: acc=0.750387, f1=0.437939, auc=0.930613, bac=0.623211, sens=0.623211, spec=0.957590
epoch 40 val: acc=0.771532, f1=0.473949, auc=0.943940, bac=0.654466, sens=0.654466, spec=0.960125
Epoch [40/500] Loss=0.442923 Acc=0.871901
epoch 41 test: acc=0.757099, f1=0.441183, auc=0.931062, bac=0.624972, sens=0.624972, spec=0.958641
epoch 41 val: acc=0.769985, f1=0.465083, auc=0.944431, bac=0.647150, sens=0.647150, spec=0.959705
Epoch [41/500] Loss=0.434140 Acc=0.875660
epoch 42 test: acc=0.752710, f1=0.438494, auc=0.930304, bac=0.625849, sens=0.625849, spec=0.958091
epoch 42 val: acc=0.772563, f1=0.471784, auc=0.943632, bac=0.653717, sens=0.653717, spec=0.960284
Epoch [42/500] Loss=0.434566 Acc=0.873993
epoch 43 test: acc=0.756582, f1=0.441884, auc=0.931197, bac=0.624942, sens=0.624942, spec=0.958275
epoch 43 val: acc=0.776689, f1=0.473813, auc=0.944923, bac=0.651014, sens=0.651014, spec=0.960827
Epoch [43/500] Loss=0.432243 Acc=0.874913
epoch 44 test: acc=0.753485, f1=0.437845, auc=0.930000, bac=0.624029, sens=0.624029, spec=0.958258
epoch 44 val: acc=0.772563, f1=0.474869, auc=0.944071, bac=0.651755, sens=0.651755, spec=0.960136
Epoch [44/500] Loss=0.429862 Acc=0.874820
epoch 45 test: acc=0.759680, f1=0.444812, auc=0.931488, bac=0.626279, sens=0.626279, spec=0.958811
epoch 45 val: acc=0.776689, f1=0.478790, auc=0.944491, bac=0.652154, sens=0.652154, spec=0.960657
Epoch [45/500] Loss=0.427096 Acc=0.875920
epoch 46 test: acc=0.759680, f1=0.443680, auc=0.931022, bac=0.627014, sens=0.627014, spec=0.958924
epoch 46 val: acc=0.775658, f1=0.478482, auc=0.944680, bac=0.656336, sens=0.656336, spec=0.960675
Epoch [46/500] Loss=0.420016 Acc=0.879231
epoch 47 test: acc=0.758131, f1=0.439054, auc=0.930641, bac=0.598622, sens=0.598622, spec=0.958625
epoch 47 val: acc=0.775142, f1=0.477741, auc=0.944511, bac=0.651533, sens=0.651533, spec=0.960569
Epoch [47/500] Loss=0.420602 Acc=0.877644
epoch 48 test: acc=0.755292, f1=0.441434, auc=0.929967, bac=0.627183, sens=0.627183, spec=0.958509
epoch 48 val: acc=0.774626, f1=0.476719, auc=0.944047, bac=0.652135, sens=0.652135, spec=0.960659
Epoch [48/500] Loss=0.419855 Acc=0.876684
epoch 49 test: acc=0.758389, f1=0.442718, auc=0.931472, bac=0.623603, sens=0.623603, spec=0.958610
epoch 49 val: acc=0.776173, f1=0.478058, auc=0.945617, bac=0.656017, sens=0.656017, spec=0.960885
Epoch [49/500] Loss=0.414391 Acc=0.879544
epoch 50 test: acc=0.763552, f1=0.449688, auc=0.931389, bac=0.628756, sens=0.628756, spec=0.959483
epoch 50 val: acc=0.776689, f1=0.478521, auc=0.945170, bac=0.652437, sens=0.652437, spec=0.960799
Epoch [50/500] Loss=0.410761 Acc=0.880581
epoch 51 test: acc=0.762261, f1=0.446985, auc=0.931471, bac=0.624937, sens=0.624937, spec=0.959182
epoch 51 val: acc=0.774626, f1=0.477351, auc=0.945039, bac=0.651239, sens=0.651239, spec=0.960501
Epoch [51/500] Loss=0.411636 Acc=0.880548
epoch 52 test: acc=0.762003, f1=0.449281, auc=0.931486, bac=0.628795, sens=0.628795, spec=0.959194
epoch 52 val: acc=0.775142, f1=0.479023, auc=0.944884, bac=0.656105, sens=0.656105, spec=0.960718
Epoch [52/500] Loss=0.404104 Acc=0.882348
epoch 53 test: acc=0.761229, f1=0.445899, auc=0.931811, bac=0.627357, sens=0.627357, spec=0.959245
epoch 53 val: acc=0.775658, f1=0.476267, auc=0.945479, bac=0.655637, sens=0.655637, spec=0.960824
Epoch [53/500] Loss=0.404483 Acc=0.882830
epoch 54 test: acc=0.761745, f1=0.450261, auc=0.931614, bac=0.630028, sens=0.630028, spec=0.959097
epoch 54 val: acc=0.777720, f1=0.479329, auc=0.945535, bac=0.648341, sens=0.648341, spec=0.961058
Epoch [54/500] Loss=0.403123 Acc=0.882373
epoch 55 test: acc=0.761745, f1=0.447116, auc=0.931482, bac=0.624864, sens=0.624864, spec=0.959097
epoch 55 val: acc=0.775142, f1=0.478486, auc=0.945379, bac=0.651816, sens=0.651816, spec=0.960709
Epoch [55/500] Loss=0.401266 Acc=0.882535
epoch 56 test: acc=0.759164, f1=0.445886, auc=0.931107, bac=0.628077, sens=0.628077, spec=0.958819
epoch 56 val: acc=0.772563, f1=0.472858, auc=0.945407, bac=0.647870, sens=0.647870, spec=0.960260
Epoch [56/500] Loss=0.398538 Acc=0.883352
epoch 57 test: acc=0.763294, f1=0.448406, auc=0.931994, bac=0.624806, sens=0.624806, spec=0.959316
epoch 57 val: acc=0.773079, f1=0.471711, auc=0.946135, bac=0.645015, sens=0.645015, spec=0.960551
Epoch [57/500] Loss=0.397557 Acc=0.883850
epoch 58 test: acc=0.761745, f1=0.449851, auc=0.931379, bac=0.626853, sens=0.626853, spec=0.959317
epoch 58 val: acc=0.775142, f1=0.476739, auc=0.945932, bac=0.648949, sens=0.648949, spec=0.960798
Epoch [58/500] Loss=0.393590 Acc=0.884165
epoch 59 test: acc=0.760971, f1=0.448037, auc=0.930486, bac=0.629332, sens=0.629332, spec=0.959333
epoch 59 val: acc=0.774626, f1=0.476373, auc=0.945542, bac=0.651483, sens=0.651483, spec=0.960539
Epoch [59/500] Loss=0.394331 Acc=0.883677
epoch 60 test: acc=0.763294, f1=0.450117, auc=0.931652, bac=0.629711, sens=0.629711, spec=0.959311
epoch 60 val: acc=0.775658, f1=0.474438, auc=0.946062, bac=0.646971, sens=0.646971, spec=0.960776
Epoch [60/500] Loss=0.392087 Acc=0.884532
epoch 61 test: acc=0.762519, f1=0.450441, auc=0.931806, bac=0.627901, sens=0.627901, spec=0.959285
epoch 61 val: acc=0.775658, f1=0.476045, auc=0.945818, bac=0.647293, sens=0.647293, spec=0.961012
Epoch [61/500] Loss=0.383357 Acc=0.887256
epoch 62 test: acc=0.764584, f1=0.451026, auc=0.931900, bac=0.626515, sens=0.626515, spec=0.959470
epoch 62 val: acc=0.774626, f1=0.475879, auc=0.946086, bac=0.647956, sens=0.647956, spec=0.960736
Epoch [62/500] Loss=0.384489 Acc=0.886621
epoch 63 test: acc=0.763810, f1=0.452883, auc=0.931388, bac=0.631926, sens=0.631926, spec=0.959527
epoch 63 val: acc=0.773079, f1=0.474612, auc=0.945877, bac=0.646242, sens=0.646242, spec=0.960525
Epoch [63/500] Loss=0.385260 Acc=0.887119
epoch 64 test: acc=0.765617, f1=0.451546, auc=0.931860, bac=0.627727, sens=0.627727, spec=0.959595
epoch 64 val: acc=0.775658, f1=0.478111, auc=0.946073, bac=0.648150, sens=0.648150, spec=0.960735
Epoch [64/500] Loss=0.380281 Acc=0.888261
epoch 65 test: acc=0.766391, f1=0.450659, auc=0.932057, bac=0.622757, sens=0.622757, spec=0.959680
epoch 65 val: acc=0.776173, f1=0.473173, auc=0.946512, bac=0.646408, sens=0.646408, spec=0.960957
Epoch [65/500] Loss=0.378141 Acc=0.889145
epoch 66 test: acc=0.765101, f1=0.450982, auc=0.932199, bac=0.626065, sens=0.626065, spec=0.959559
epoch 66 val: acc=0.776689, f1=0.475168, auc=0.946210, bac=0.647817, sens=0.647817, spec=0.961154
Epoch [66/500] Loss=0.379196 Acc=0.889773
epoch 67 test: acc=0.764584, f1=0.444683, auc=0.931744, bac=0.595880, sens=0.595880, spec=0.959497
epoch 67 val: acc=0.778236, f1=0.481721, auc=0.945953, bac=0.649729, sens=0.649729, spec=0.961427
Epoch [67/500] Loss=0.375661 Acc=0.890070
epoch 68 test: acc=0.763036, f1=0.452102, auc=0.931979, bac=0.629079, sens=0.629079, spec=0.959433
epoch 68 val: acc=0.774110, f1=0.471792, auc=0.945993, bac=0.646671, sens=0.646671, spec=0.960904
Epoch [68/500] Loss=0.374467 Acc=0.889578
epoch 69 test: acc=0.764843, f1=0.448453, auc=0.931772, bac=0.622202, sens=0.622202, spec=0.959635
epoch 69 val: acc=0.776173, f1=0.479117, auc=0.946332, bac=0.647021, sens=0.647021, spec=0.960787
Epoch [69/500] Loss=0.372777 Acc=0.890672
epoch 70 test: acc=0.764843, f1=0.451794, auc=0.931365, bac=0.623409, sens=0.623409, spec=0.959685
epoch 70 val: acc=0.776173, f1=0.478705, auc=0.946329, bac=0.648530, sens=0.648530, spec=0.961032
Epoch [70/500] Loss=0.375398 Acc=0.889645
epoch 71 test: acc=0.766908, f1=0.449044, auc=0.931364, bac=0.603957, sens=0.603957, spec=0.959805
epoch 71 val: acc=0.775658, f1=0.476563, auc=0.946223, bac=0.647302, sens=0.647302, spec=0.960615
Epoch [71/500] Loss=0.371943 Acc=0.890680
epoch 72 test: acc=0.769747, f1=0.454661, auc=0.932088, bac=0.626906, sens=0.626906, spec=0.960111
epoch 72 val: acc=0.778236, f1=0.480983, auc=0.946894, bac=0.648305, sens=0.648305, spec=0.961085
Epoch [72/500] Loss=0.367776 Acc=0.890867
epoch 73 test: acc=0.768456, f1=0.450496, auc=0.932277, bac=0.619160, sens=0.619160, spec=0.960055
epoch 73 val: acc=0.779268, f1=0.481634, auc=0.946747, bac=0.649593, sens=0.649593, spec=0.961452
Epoch [73/500] Loss=0.367457 Acc=0.891047
epoch 74 test: acc=0.766391, f1=0.453234, auc=0.931814, bac=0.628713, sens=0.628713, spec=0.959801
epoch 74 val: acc=0.777205, f1=0.479127, auc=0.947013, bac=0.649338, sens=0.649338, spec=0.961073
Epoch [74/500] Loss=0.362413 Acc=0.893264
epoch 75 test: acc=0.765875, f1=0.452078, auc=0.931180, bac=0.626489, sens=0.626489, spec=0.959617
epoch 75 val: acc=0.776173, f1=0.479756, auc=0.946650, bac=0.648247, sens=0.648247, spec=0.960915
Epoch [75/500] Loss=0.365491 Acc=0.892002
epoch 76 test: acc=0.763552, f1=0.447135, auc=0.931176, bac=0.599662, sens=0.599662, spec=0.959507
epoch 76 val: acc=0.775142, f1=0.477358, auc=0.945789, bac=0.648619, sens=0.648619, spec=0.961027
Epoch [76/500] Loss=0.364838 Acc=0.891392
epoch 77 test: acc=0.768456, f1=0.453508, auc=0.931885, bac=0.623943, sens=0.623943, spec=0.959962
epoch 77 val: acc=0.778236, f1=0.483316, auc=0.947060, bac=0.648022, sens=0.648022, spec=0.960919
Epoch [77/500] Loss=0.361179 Acc=0.893989
epoch 78 test: acc=0.765875, f1=0.443721, auc=0.932057, bac=0.595483, sens=0.595483, spec=0.959576
epoch 78 val: acc=0.779268, f1=0.483977, auc=0.947014, bac=0.649678, sens=0.649678, spec=0.961440
Epoch [78/500] Loss=0.356725 Acc=0.894831
epoch 79 test: acc=0.766133, f1=0.448219, auc=0.931786, bac=0.620340, sens=0.620340, spec=0.959825
epoch 79 val: acc=0.775142, f1=0.471488, auc=0.946670, bac=0.641679, sens=0.641679, spec=0.960788
Epoch [79/500] Loss=0.356916 Acc=0.893936
epoch 80 test: acc=0.769747, f1=0.451771, auc=0.932427, bac=0.618086, sens=0.618086, spec=0.960344
epoch 80 val: acc=0.778752, f1=0.484603, auc=0.947347, bac=0.648072, sens=0.648072, spec=0.961126
Epoch [80/500] Loss=0.356039 Acc=0.895114
epoch 81 test: acc=0.764843, f1=0.452976, auc=0.931250, bac=0.624550, sens=0.624550, spec=0.959679
epoch 81 val: acc=0.772563, f1=0.476773, auc=0.946459, bac=0.646342, sens=0.646342, spec=0.960309
Epoch [81/500] Loss=0.358330 Acc=0.894494
epoch 82 test: acc=0.768456, f1=0.451633, auc=0.932321, bac=0.624250, sens=0.624250, spec=0.960111
epoch 82 val: acc=0.781846, f1=0.485792, auc=0.946699, bac=0.650824, sens=0.650824, spec=0.961455
Epoch [82/500] Loss=0.354465 Acc=0.894744
epoch 83 test: acc=0.767166, f1=0.454990, auc=0.931677, bac=0.625454, sens=0.625454, spec=0.959989
epoch 83 val: acc=0.778752, f1=0.484467, auc=0.946552, bac=0.650194, sens=0.650194, spec=0.961370
Epoch [83/500] Loss=0.352170 Acc=0.895331
epoch 84 test: acc=0.768973, f1=0.454061, auc=0.931734, bac=0.624917, sens=0.624917, spec=0.960046
epoch 84 val: acc=0.778752, f1=0.479669, auc=0.946458, bac=0.649298, sens=0.649298, spec=0.961281
Epoch [84/500] Loss=0.351317 Acc=0.895403
epoch 85 test: acc=0.767682, f1=0.452705, auc=0.931771, bac=0.600623, sens=0.600623, spec=0.959743
epoch 85 val: acc=0.778752, f1=0.481821, auc=0.947155, bac=0.649384, sens=0.649384, spec=0.961155
Epoch [85/500] Loss=0.346770 Acc=0.896875
epoch 86 test: acc=0.768715, f1=0.458041, auc=0.932060, bac=0.626476, sens=0.626476, spec=0.960104
epoch 86 val: acc=0.780299, f1=0.484539, auc=0.947174, bac=0.649911, sens=0.649911, spec=0.961693
Epoch [86/500] Loss=0.349967 Acc=0.895648
epoch 87 test: acc=0.767940, f1=0.454975, auc=0.931744, bac=0.619822, sens=0.619822, spec=0.959812
epoch 87 val: acc=0.780815, f1=0.486537, auc=0.947206, bac=0.650535, sens=0.650535, spec=0.961508
Epoch [87/500] Loss=0.350894 Acc=0.895823
epoch 88 test: acc=0.768456, f1=0.452944, auc=0.932615, bac=0.622811, sens=0.622811, spec=0.960018
epoch 88 val: acc=0.778752, f1=0.479477, auc=0.947675, bac=0.648724, sens=0.648724, spec=0.961377
Epoch [88/500] Loss=0.345557 Acc=0.897503
epoch 89 test: acc=0.770521, f1=0.456830, auc=0.932258, bac=0.624425, sens=0.624425, spec=0.960298
epoch 89 val: acc=0.779268, f1=0.481827, auc=0.947584, bac=0.649764, sens=0.649764, spec=0.961284
Epoch [89/500] Loss=0.347736 Acc=0.896733
epoch 90 test: acc=0.769231, f1=0.452901, auc=0.932229, bac=0.622300, sens=0.622300, spec=0.960121
epoch 90 val: acc=0.778752, f1=0.481790, auc=0.947555, bac=0.648685, sens=0.648685, spec=0.961002
Epoch [90/500] Loss=0.345031 Acc=0.897678
epoch 91 test: acc=0.769231, f1=0.456158, auc=0.932205, bac=0.622815, sens=0.622815, spec=0.959991
epoch 91 val: acc=0.779783, f1=0.479342, auc=0.947602, bac=0.647974, sens=0.647974, spec=0.961528
Epoch [91/500] Loss=0.342364 Acc=0.898625
epoch 92 test: acc=0.769231, f1=0.456133, auc=0.931691, bac=0.624060, sens=0.624060, spec=0.960161
epoch 92 val: acc=0.778236, f1=0.483373, auc=0.947201, bac=0.650466, sens=0.650466, spec=0.961262
Epoch [92/500] Loss=0.344382 Acc=0.896818
epoch 93 test: acc=0.772070, f1=0.458081, auc=0.932789, bac=0.623938, sens=0.623938, spec=0.960395
epoch 93 val: acc=0.783394, f1=0.484511, auc=0.947638, bac=0.650493, sens=0.650493, spec=0.962013
Epoch [93/500] Loss=0.340697 Acc=0.898567
epoch 94 test: acc=0.768456, f1=0.453104, auc=0.932202, bac=0.612864, sens=0.612864, spec=0.960050
epoch 94 val: acc=0.776689, f1=0.478250, auc=0.947189, bac=0.644573, sens=0.644573, spec=0.961174
Epoch [94/500] Loss=0.340638 Acc=0.898385
epoch 95 test: acc=0.771038, f1=0.456537, auc=0.932356, bac=0.623296, sens=0.623296, spec=0.960289
epoch 95 val: acc=0.782878, f1=0.490401, auc=0.947733, bac=0.651340, sens=0.651340, spec=0.961659
Epoch [95/500] Loss=0.340643 Acc=0.898597
epoch 96 test: acc=0.769747, f1=0.455770, auc=0.932155, bac=0.623624, sens=0.623624, spec=0.960151
epoch 96 val: acc=0.780299, f1=0.485864, auc=0.947347, bac=0.651099, sens=0.651099, spec=0.961422
Epoch [96/500] Loss=0.339227 Acc=0.899320
epoch 97 test: acc=0.770005, f1=0.453599, auc=0.932151, bac=0.618079, sens=0.618079, spec=0.960279
epoch 97 val: acc=0.780815, f1=0.481597, auc=0.947565, bac=0.646944, sens=0.646944, spec=0.961488
Epoch [97/500] Loss=0.337837 Acc=0.899497
epoch 98 test: acc=0.772845, f1=0.457666, auc=0.932405, bac=0.619466, sens=0.619466, spec=0.960475
epoch 98 val: acc=0.783394, f1=0.493968, auc=0.947834, bac=0.652050, sens=0.652050, spec=0.961597
Epoch [98/500] Loss=0.334610 Acc=0.901322
epoch 99 test: acc=0.765875, f1=0.455667, auc=0.931055, bac=0.624952, sens=0.624952, spec=0.959597
epoch 99 val: acc=0.778752, f1=0.481312, auc=0.946992, bac=0.650280, sens=0.650280, spec=0.961387
Epoch [99/500] Loss=0.336672 Acc=0.898727
epoch 100 test: acc=0.766133, f1=0.446586, auc=0.930574, bac=0.594363, sens=0.594363, spec=0.959550
epoch 100 val: acc=0.781331, f1=0.484017, auc=0.946981, bac=0.652558, sens=0.652558, spec=0.961816
Epoch [100/500] Loss=0.337630 Acc=0.898315
epoch 101 test: acc=0.766391, f1=0.451125, auc=0.931179, bac=0.617687, sens=0.617687, spec=0.959787
epoch 101 val: acc=0.780299, f1=0.482221, auc=0.947742, bac=0.651467, sens=0.651467, spec=0.961574
Epoch [101/500] Loss=0.331515 Acc=0.900742
epoch 102 test: acc=0.770780, f1=0.455610, auc=0.932645, bac=0.623535, sens=0.623535, spec=0.960104
epoch 102 val: acc=0.780299, f1=0.483223, auc=0.948236, bac=0.648818, sens=0.648818, spec=0.961316
Epoch [102/500] Loss=0.331563 Acc=0.900362
epoch 103 test: acc=0.769231, f1=0.458500, auc=0.931994, bac=0.623546, sens=0.623546, spec=0.959909
epoch 103 val: acc=0.779268, f1=0.483760, auc=0.947128, bac=0.650943, sens=0.650943, spec=0.961407
Epoch [103/500] Loss=0.331153 Acc=0.900584
epoch 104 test: acc=0.769747, f1=0.454681, auc=0.932364, bac=0.613252, sens=0.613252, spec=0.960049
epoch 104 val: acc=0.783394, f1=0.472135, auc=0.947802, bac=0.606387, sens=0.606387, spec=0.961972
Epoch [104/500] Loss=0.327581 Acc=0.902716
epoch 105 test: acc=0.768715, f1=0.451520, auc=0.931808, bac=0.614855, sens=0.614855, spec=0.960102
epoch 105 val: acc=0.782362, f1=0.489442, auc=0.947525, bac=0.653609, sens=0.653609, spec=0.961707
Epoch [105/500] Loss=0.329589 Acc=0.901074
epoch 106 test: acc=0.769747, f1=0.453626, auc=0.931914, bac=0.617870, sens=0.617870, spec=0.959829
epoch 106 val: acc=0.779783, f1=0.479853, auc=0.947807, bac=0.644958, sens=0.644958, spec=0.961250
Epoch [106/500] Loss=0.328949 Acc=0.901409
epoch 107 test: acc=0.772586, f1=0.462749, auc=0.932141, bac=0.618922, sens=0.618922, spec=0.960295
epoch 107 val: acc=0.781846, f1=0.487350, auc=0.947896, bac=0.651060, sens=0.651060, spec=0.961413
Epoch [107/500] Loss=0.327833 Acc=0.901564
epoch 108 test: acc=0.768973, f1=0.455869, auc=0.931206, bac=0.600984, sens=0.600984, spec=0.959796
epoch 108 val: acc=0.778752, f1=0.472293, auc=0.947811, bac=0.607767, sens=0.607767, spec=0.961093
Epoch [108/500] Loss=0.329874 Acc=0.901442
epoch 109 test: acc=0.769231, f1=0.460337, auc=0.931607, bac=0.622669, sens=0.622669, spec=0.959948
epoch 109 val: acc=0.780299, f1=0.487783, auc=0.947527, bac=0.652608, sens=0.652608, spec=0.961659
Epoch [109/500] Loss=0.325500 Acc=0.902379
epoch 110 test: acc=0.769489, f1=0.457247, auc=0.931611, bac=0.616421, sens=0.616421, spec=0.960029
epoch 110 val: acc=0.778752, f1=0.480724, auc=0.947445, bac=0.650430, sens=0.650430, spec=0.961453
Epoch [110/500] Loss=0.327968 Acc=0.900619
epoch 111 test: acc=0.771812, f1=0.457562, auc=0.932351, bac=0.619296, sens=0.619296, spec=0.960361
epoch 111 val: acc=0.781846, f1=0.482774, auc=0.948376, bac=0.645299, sens=0.645299, spec=0.961397
Epoch [111/500] Loss=0.322902 Acc=0.903368
epoch 112 test: acc=0.772070, f1=0.454043, auc=0.932089, bac=0.593426, sens=0.593426, spec=0.960392
epoch 112 val: acc=0.782878, f1=0.489054, auc=0.947763, bac=0.651905, sens=0.651905, spec=0.961897
Epoch [112/500] Loss=0.323290 Acc=0.903398
epoch 113 test: acc=0.771038, f1=0.457813, auc=0.931630, bac=0.617802, sens=0.617802, spec=0.960217
epoch 113 val: acc=0.780815, f1=0.480867, auc=0.947520, bac=0.645718, sens=0.645718, spec=0.961552
Epoch [113/500] Loss=0.319086 Acc=0.904046
epoch 114 test: acc=0.769747, f1=0.457894, auc=0.931482, bac=0.618007, sens=0.618007, spec=0.960013
epoch 114 val: acc=0.780815, f1=0.486023, auc=0.947720, bac=0.652658, sens=0.652658, spec=0.961765
Epoch [114/500] Loss=0.322931 Acc=0.902606
epoch 115 test: acc=0.772586, f1=0.461642, auc=0.931867, bac=0.620912, sens=0.620912, spec=0.960299
epoch 115 val: acc=0.782362, f1=0.476040, auc=0.947846, bac=0.609956, sens=0.609956, spec=0.961348
Epoch [115/500] Loss=0.319283 Acc=0.904671
epoch 116 test: acc=0.771554, f1=0.459871, auc=0.931741, bac=0.620407, sens=0.620407, spec=0.960210
epoch 116 val: acc=0.780815, f1=0.473006, auc=0.947877, bac=0.604762, sens=0.604762, spec=0.961013
Epoch [116/500] Loss=0.318211 Acc=0.904471
epoch 117 test: acc=0.770005, f1=0.457100, auc=0.931461, bac=0.617183, sens=0.617183, spec=0.960071
epoch 117 val: acc=0.781846, f1=0.485718, auc=0.948307, bac=0.647555, sens=0.647555, spec=0.961548
Epoch [117/500] Loss=0.317535 Acc=0.904481
epoch 118 test: acc=0.770005, f1=0.456940, auc=0.932173, bac=0.612971, sens=0.612971, spec=0.960097
epoch 118 val: acc=0.779783, f1=0.467397, auc=0.948132, bac=0.604850, sens=0.604850, spec=0.961241
Epoch [118/500] Loss=0.318512 Acc=0.903731
epoch 119 test: acc=0.769231, f1=0.451264, auc=0.931150, bac=0.591751, sens=0.591751, spec=0.959921
epoch 119 val: acc=0.780815, f1=0.473947, auc=0.947419, bac=0.610561, sens=0.610561, spec=0.961604
Epoch [119/500] Loss=0.320033 Acc=0.903348
epoch 120 test: acc=0.768973, f1=0.458398, auc=0.931629, bac=0.616352, sens=0.616352, spec=0.959969
epoch 120 val: acc=0.779268, f1=0.470075, auc=0.947905, bac=0.609656, sens=0.609656, spec=0.961405
Epoch [120/500] Loss=0.317392 Acc=0.904938
epoch 121 test: acc=0.770005, f1=0.459137, auc=0.931653, bac=0.619313, sens=0.619313, spec=0.959806
epoch 121 val: acc=0.781331, f1=0.484566, auc=0.948507, bac=0.646428, sens=0.646428, spec=0.961321
Epoch [121/500] Loss=0.317445 Acc=0.904261
epoch 122 test: acc=0.771812, f1=0.459613, auc=0.931815, bac=0.617801, sens=0.617801, spec=0.960052
epoch 122 val: acc=0.783394, f1=0.491814, auc=0.948429, bac=0.652333, sens=0.652333, spec=0.961492
Epoch [122/500] Loss=0.312759 Acc=0.905830
epoch 123 test: acc=0.771812, f1=0.464753, auc=0.931990, bac=0.623035, sens=0.623035, spec=0.960206
epoch 123 val: acc=0.782362, f1=0.471243, auc=0.948441, bac=0.605619, sens=0.605619, spec=0.961717
Epoch [123/500] Loss=0.313195 Acc=0.905568
epoch 124 test: acc=0.771038, f1=0.460779, auc=0.931560, bac=0.618721, sens=0.618721, spec=0.960166
epoch 124 val: acc=0.781846, f1=0.491190, auc=0.947918, bac=0.651428, sens=0.651428, spec=0.961487
Epoch [124/500] Loss=0.316435 Acc=0.904830
epoch 125 test: acc=0.773361, f1=0.461399, auc=0.932816, bac=0.619171, sens=0.619171, spec=0.960373
epoch 125 val: acc=0.781331, f1=0.486798, auc=0.948494, bac=0.645485, sens=0.645485, spec=0.960957
Epoch [125/500] Loss=0.313601 Acc=0.905983
epoch 126 test: acc=0.770263, f1=0.459434, auc=0.931605, bac=0.616023, sens=0.616023, spec=0.959959
epoch 126 val: acc=0.778752, f1=0.479238, auc=0.948029, bac=0.645613, sens=0.645613, spec=0.961131
Epoch [126/500] Loss=0.310671 Acc=0.906947
epoch 127 test: acc=0.769489, f1=0.456923, auc=0.931691, bac=0.617695, sens=0.617695, spec=0.959858
epoch 127 val: acc=0.779268, f1=0.477488, auc=0.948247, bac=0.646936, sens=0.646936, spec=0.961581
Epoch [127/500] Loss=0.313912 Acc=0.904973
epoch 128 test: acc=0.771296, f1=0.455486, auc=0.931929, bac=0.593587, sens=0.593587, spec=0.960217
epoch 128 val: acc=0.780299, f1=0.474792, auc=0.948455, bac=0.604579, sens=0.604579, spec=0.961294
Epoch [128/500] Loss=0.308964 Acc=0.906572
epoch 129 test: acc=0.772586, f1=0.464921, auc=0.932134, bac=0.619229, sens=0.619229, spec=0.960357
epoch 129 val: acc=0.783394, f1=0.489468, auc=0.948713, bac=0.654369, sens=0.654369, spec=0.961982
Epoch [129/500] Loss=0.306950 Acc=0.907727
epoch 130 test: acc=0.772070, f1=0.459500, auc=0.931910, bac=0.618731, sens=0.618731, spec=0.960157
epoch 130 val: acc=0.780299, f1=0.467706, auc=0.948516, bac=0.604343, sens=0.604343, spec=0.961117
Epoch [130/500] Loss=0.305852 Acc=0.907417
epoch 131 test: acc=0.773103, f1=0.464135, auc=0.931648, bac=0.621546, sens=0.621546, spec=0.960156
epoch 131 val: acc=0.781331, f1=0.475153, auc=0.948566, bac=0.604859, sens=0.604859, spec=0.961214
Epoch [131/500] Loss=0.308108 Acc=0.907217
epoch 132 test: acc=0.769489, f1=0.458529, auc=0.931053, bac=0.620514, sens=0.620514, spec=0.959919
epoch 132 val: acc=0.780815, f1=0.471745, auc=0.947997, bac=0.606893, sens=0.606893, spec=0.961393
Epoch [132/500] Loss=0.311447 Acc=0.905648
epoch 133 test: acc=0.770005, f1=0.464106, auc=0.931160, bac=0.618602, sens=0.618602, spec=0.960057
epoch 133 val: acc=0.781846, f1=0.472037, auc=0.947585, bac=0.607078, sens=0.607078, spec=0.961784
Epoch [133/500] Loss=0.311898 Acc=0.905308
epoch 134 test: acc=0.771038, f1=0.459334, auc=0.932014, bac=0.613325, sens=0.613325, spec=0.960043
epoch 134 val: acc=0.782362, f1=0.492413, auc=0.948341, bac=0.650912, sens=0.650912, spec=0.961342
Epoch [134/500] Loss=0.304774 Acc=0.907325
epoch 135 test: acc=0.772328, f1=0.461076, auc=0.931662, bac=0.618996, sens=0.618996, spec=0.960207
epoch 135 val: acc=0.780815, f1=0.471550, auc=0.948374, bac=0.609051, sens=0.609051, spec=0.961154
Epoch [135/500] Loss=0.309015 Acc=0.906267
epoch 136 test: acc=0.772845, f1=0.464955, auc=0.931985, bac=0.619045, sens=0.619045, spec=0.960232
epoch 136 val: acc=0.782878, f1=0.474168, auc=0.948725, bac=0.606706, sens=0.606706, spec=0.961572
Epoch [136/500] Loss=0.304305 Acc=0.907810
epoch 137 test: acc=0.771038, f1=0.461026, auc=0.932049, bac=0.614895, sens=0.614895, spec=0.960175
epoch 137 val: acc=0.778752, f1=0.481314, auc=0.948264, bac=0.645009, sens=0.645009, spec=0.960999
Epoch [137/500] Loss=0.304952 Acc=0.907780
epoch 138 test: acc=0.769231, f1=0.455963, auc=0.932120, bac=0.612156, sens=0.612156, spec=0.959895
epoch 138 val: acc=0.778752, f1=0.464973, auc=0.949032, bac=0.603808, sens=0.603808, spec=0.961007
Epoch [138/500] Loss=0.304335 Acc=0.908527
epoch 139 test: acc=0.770005, f1=0.460836, auc=0.931683, bac=0.618343, sens=0.618343, spec=0.960011
epoch 139 val: acc=0.782878, f1=0.487380, auc=0.948453, bac=0.648842, sens=0.648842, spec=0.961789
Epoch [139/500] Loss=0.302965 Acc=0.907752
epoch 140 test: acc=0.770780, f1=0.455937, auc=0.931053, bac=0.594937, sens=0.594937, spec=0.960232
epoch 140 val: acc=0.780815, f1=0.474546, auc=0.948356, bac=0.610522, sens=0.610522, spec=0.961423
Epoch [140/500] Loss=0.301669 Acc=0.908579
epoch 141 test: acc=0.772586, f1=0.463807, auc=0.931982, bac=0.619658, sens=0.619658, spec=0.960209
epoch 141 val: acc=0.782878, f1=0.490657, auc=0.948782, bac=0.652471, sens=0.652471, spec=0.961399
Epoch [141/500] Loss=0.301535 Acc=0.909109
epoch 142 test: acc=0.769747, f1=0.454868, auc=0.930478, bac=0.594644, sens=0.594644, spec=0.960013
epoch 142 val: acc=0.780299, f1=0.474605, auc=0.947719, bac=0.610228, sens=0.610228, spec=0.961313
Epoch [142/500] Loss=0.304130 Acc=0.907527
epoch 143 test: acc=0.774910, f1=0.466625, auc=0.932077, bac=0.622018, sens=0.622018, spec=0.960443
epoch 143 val: acc=0.781846, f1=0.478175, auc=0.948869, bac=0.604956, sens=0.604956, spec=0.961161
Epoch [143/500] Loss=0.301713 Acc=0.908879
epoch 144 test: acc=0.776717, f1=0.465568, auc=0.932000, bac=0.602513, sens=0.602513, spec=0.960753
epoch 144 val: acc=0.780815, f1=0.478824, auc=0.948695, bac=0.605006, sens=0.605006, spec=0.960990
Epoch [144/500] Loss=0.300165 Acc=0.909109
epoch 145 test: acc=0.770005, f1=0.458994, auc=0.931638, bac=0.614276, sens=0.614276, spec=0.960012
epoch 145 val: acc=0.781331, f1=0.471472, auc=0.948748, bac=0.608122, sens=0.608122, spec=0.961468
Epoch [145/500] Loss=0.299808 Acc=0.909017
epoch 146 test: acc=0.768973, f1=0.458671, auc=0.930940, bac=0.597322, sens=0.597322, spec=0.959974
epoch 146 val: acc=0.782878, f1=0.477572, auc=0.947982, bac=0.611609, sens=0.611609, spec=0.961556
Epoch [146/500] Loss=0.303392 Acc=0.907275
epoch 147 test: acc=0.772845, f1=0.458072, auc=0.931993, bac=0.595632, sens=0.595632, spec=0.960249
epoch 147 val: acc=0.782362, f1=0.473803, auc=0.949004, bac=0.605580, sens=0.605580, spec=0.961240
Epoch [147/500] Loss=0.300768 Acc=0.909054
epoch 148 test: acc=0.771554, f1=0.462736, auc=0.931022, bac=0.619605, sens=0.619605, spec=0.960207
epoch 148 val: acc=0.782878, f1=0.474490, auc=0.948081, bac=0.611807, sens=0.611807, spec=0.961566
Epoch [148/500] Loss=0.300317 Acc=0.908552
epoch 149 test: acc=0.773877, f1=0.464587, auc=0.931961, bac=0.619759, sens=0.619759, spec=0.960405
epoch 149 val: acc=0.784941, f1=0.496346, auc=0.949059, bac=0.654330, sens=0.654330, spec=0.961701
Epoch [149/500] Loss=0.296504 Acc=0.910024
epoch 150 test: acc=0.772586, f1=0.466952, auc=0.931301, bac=0.621529, sens=0.621529, spec=0.960454
epoch 150 val: acc=0.779783, f1=0.474685, auc=0.948390, bac=0.609706, sens=0.609706, spec=0.961224
Epoch [150/500] Loss=0.300616 Acc=0.908467
epoch 151 test: acc=0.772586, f1=0.455184, auc=0.931073, bac=0.580582, sens=0.580582, spec=0.960286
epoch 151 val: acc=0.784941, f1=0.481140, auc=0.948496, bac=0.613138, sens=0.613138, spec=0.961709
Epoch [151/500] Loss=0.297927 Acc=0.908832
epoch 152 test: acc=0.772328, f1=0.465833, auc=0.931437, bac=0.620486, sens=0.620486, spec=0.960245
epoch 152 val: acc=0.782878, f1=0.476242, auc=0.949214, bac=0.606659, sens=0.606659, spec=0.961530
Epoch [152/500] Loss=0.299059 Acc=0.908474
epoch 153 test: acc=0.772586, f1=0.449760, auc=0.931545, bac=0.570381, sens=0.570381, spec=0.960095
epoch 153 val: acc=0.784941, f1=0.500766, auc=0.948726, bac=0.654047, sens=0.654047, spec=0.961812
Epoch [153/500] Loss=0.298176 Acc=0.909439
epoch 154 test: acc=0.771296, f1=0.465768, auc=0.930957, bac=0.615887, sens=0.615887, spec=0.960147
epoch 154 val: acc=0.782362, f1=0.474094, auc=0.947925, bac=0.608071, sens=0.608071, spec=0.961826
Epoch [154/500] Loss=0.297253 Acc=0.909964
epoch 155 test: acc=0.775168, f1=0.459626, auc=0.932326, bac=0.596191, sens=0.596191, spec=0.960565
epoch 155 val: acc=0.781846, f1=0.470459, auc=0.949250, bac=0.605766, sens=0.605766, spec=0.961191
Epoch [155/500] Loss=0.294754 Acc=0.909946
epoch 156 test: acc=0.772845, f1=0.465244, auc=0.931136, bac=0.621338, sens=0.621338, spec=0.960445
epoch 156 val: acc=0.780815, f1=0.486487, auc=0.948500, bac=0.645718, sens=0.645718, spec=0.961030
Epoch [156/500] Loss=0.294732 Acc=0.910421
epoch 157 test: acc=0.774135, f1=0.466419, auc=0.931647, bac=0.620333, sens=0.620333, spec=0.960503
epoch 157 val: acc=0.782878, f1=0.494720, auc=0.948874, bac=0.647898, sens=0.647898, spec=0.961270
Epoch [157/500] Loss=0.291835 Acc=0.910796
epoch 158 test: acc=0.774393, f1=0.460375, auc=0.930998, bac=0.598577, sens=0.598577, spec=0.960515
epoch 158 val: acc=0.784425, f1=0.496535, auc=0.948446, bac=0.654233, sens=0.654233, spec=0.961631
Epoch [158/500] Loss=0.294141 Acc=0.910998
epoch 159 test: acc=0.775684, f1=0.459003, auc=0.932363, bac=0.594137, sens=0.594137, spec=0.960518
epoch 159 val: acc=0.782878, f1=0.494760, auc=0.949769, bac=0.647577, sens=0.647577, spec=0.961056
Epoch [159/500] Loss=0.290776 Acc=0.912301
epoch 160 test: acc=0.774135, f1=0.470234, auc=0.931325, bac=0.624141, sens=0.624141, spec=0.960481
epoch 160 val: acc=0.780299, f1=0.473023, auc=0.949007, bac=0.605278, sens=0.605278, spec=0.960821
Epoch [160/500] Loss=0.293808 Acc=0.910329
epoch 161 test: acc=0.773877, f1=0.461860, auc=0.931168, bac=0.597843, sens=0.597843, spec=0.960515
epoch 161 val: acc=0.781846, f1=0.477582, auc=0.948461, bac=0.606992, sens=0.606992, spec=0.961022
Epoch [161/500] Loss=0.291930 Acc=0.911588
epoch 162 test: acc=0.774135, f1=0.458058, auc=0.930839, bac=0.597510, sens=0.597510, spec=0.960554
epoch 162 val: acc=0.782878, f1=0.471122, auc=0.948158, bac=0.607800, sens=0.607800, spec=0.961689
Epoch [162/500] Loss=0.292681 Acc=0.910766
epoch 163 test: acc=0.773877, f1=0.467447, auc=0.931221, bac=0.621371, sens=0.621371, spec=0.960405
epoch 163 val: acc=0.781846, f1=0.474018, auc=0.948989, bac=0.606709, sens=0.606709, spec=0.961293
Epoch [163/500] Loss=0.293321 Acc=0.910521
epoch 164 test: acc=0.773877, f1=0.460221, auc=0.931404, bac=0.598442, sens=0.598442, spec=0.960427
epoch 164 val: acc=0.785456, f1=0.481766, auc=0.948693, bac=0.613801, sens=0.613801, spec=0.961804
Epoch [164/500] Loss=0.289644 Acc=0.911458
epoch 165 test: acc=0.776458, f1=0.469867, auc=0.932363, bac=0.623634, sens=0.623634, spec=0.960670
epoch 165 val: acc=0.784941, f1=0.481818, auc=0.949822, bac=0.608801, sens=0.608801, spec=0.961548
Epoch [165/500] Loss=0.287943 Acc=0.912968
epoch 166 test: acc=0.772328, f1=0.450981, auc=0.931290, bac=0.567814, sens=0.567814, spec=0.960252
epoch 166 val: acc=0.782878, f1=0.475818, auc=0.948744, bac=0.606706, sens=0.606706, spec=0.961321
Epoch [166/500] Loss=0.287336 Acc=0.911566
epoch 167 test: acc=0.771554, f1=0.456482, auc=0.931315, bac=0.592508, sens=0.592508, spec=0.960143
epoch 167 val: acc=0.780815, f1=0.474398, auc=0.949347, bac=0.605619, sens=0.605619, spec=0.961137
Epoch [167/500] Loss=0.287639 Acc=0.912515
epoch 168 test: acc=0.774910, f1=0.457930, auc=0.931172, bac=0.575975, sens=0.575975, spec=0.960401
epoch 168 val: acc=0.782878, f1=0.483028, auc=0.949052, bac=0.607517, sens=0.607517, spec=0.961287
Epoch [168/500] Loss=0.289017 Acc=0.912373
epoch 169 test: acc=0.772845, f1=0.462420, auc=0.930579, bac=0.596961, sens=0.596961, spec=0.960202
epoch 169 val: acc=0.782362, f1=0.477067, auc=0.948614, bac=0.611709, sens=0.611709, spec=0.961368
Epoch [169/500] Loss=0.289476 Acc=0.911866
epoch 170 test: acc=0.773619, f1=0.469157, auc=0.930841, bac=0.623143, sens=0.623143, spec=0.960342
epoch 170 val: acc=0.783909, f1=0.480403, auc=0.949073, bac=0.613840, sens=0.613840, spec=0.961562
Epoch [170/500] Loss=0.287197 Acc=0.912693
epoch 171 test: acc=0.777491, f1=0.471794, auc=0.931594, bac=0.624366, sens=0.624366, spec=0.961005
epoch 171 val: acc=0.781846, f1=0.475356, auc=0.949420, bac=0.605483, sens=0.605483, spec=0.961029
Epoch [171/500] Loss=0.287831 Acc=0.912053
epoch 172 test: acc=0.771296, f1=0.460258, auc=0.930672, bac=0.595793, sens=0.595793, spec=0.960022
epoch 172 val: acc=0.779783, f1=0.470623, auc=0.948694, bac=0.605511, sens=0.605511, spec=0.961002
Epoch [172/500] Loss=0.288814 Acc=0.910904
epoch 173 test: acc=0.774652, f1=0.463139, auc=0.930486, bac=0.597843, sens=0.597843, spec=0.960549
epoch 173 val: acc=0.782362, f1=0.479690, auc=0.948688, bac=0.611220, sens=0.611220, spec=0.961204
Epoch [173/500] Loss=0.290354 Acc=0.911473
epoch 174 test: acc=0.775168, f1=0.459430, auc=0.931769, bac=0.594510, sens=0.594510, spec=0.960492
epoch 174 val: acc=0.784941, f1=0.481385, auc=0.949209, bac=0.607905, sens=0.607905, spec=0.961464
Epoch [174/500] Loss=0.284059 Acc=0.913193
epoch 175 test: acc=0.776717, f1=0.463252, auc=0.932061, bac=0.595228, sens=0.595228, spec=0.960686
epoch 175 val: acc=0.785456, f1=0.500880, auc=0.949229, bac=0.649477, sens=0.649477, spec=0.961359
Epoch [175/500] Loss=0.286052 Acc=0.912710
epoch 176 test: acc=0.771554, f1=0.456884, auc=0.931069, bac=0.590328, sens=0.590328, spec=0.959958
epoch 176 val: acc=0.780815, f1=0.472042, auc=0.949121, bac=0.606563, sens=0.606563, spec=0.961024
Epoch [176/500] Loss=0.285496 Acc=0.912168
epoch 177 test: acc=0.773619, f1=0.464465, auc=0.930994, bac=0.609725, sens=0.609725, spec=0.960456
epoch 177 val: acc=0.784425, f1=0.481516, auc=0.949030, bac=0.609365, sens=0.609365, spec=0.961629
Epoch [177/500] Loss=0.282548 Acc=0.914805
epoch 178 test: acc=0.774135, f1=0.455384, auc=0.930824, bac=0.575213, sens=0.575213, spec=0.960427
epoch 178 val: acc=0.782878, f1=0.479266, auc=0.948860, bac=0.606989, sens=0.606989, spec=0.961181
Epoch [178/500] Loss=0.282515 Acc=0.913673
epoch 179 test: acc=0.776717, f1=0.465980, auc=0.931002, bac=0.600626, sens=0.600626, spec=0.960591
epoch 179 val: acc=0.781846, f1=0.479477, auc=0.949677, bac=0.604673, sens=0.604673, spec=0.960771
Epoch [179/500] Loss=0.284379 Acc=0.913558
epoch 180 test: acc=0.775942, f1=0.459020, auc=0.930854, bac=0.592336, sens=0.592336, spec=0.960627
epoch 180 val: acc=0.784425, f1=0.473152, auc=0.949079, bac=0.607611, sens=0.607611, spec=0.961312
Epoch [180/500] Loss=0.283391 Acc=0.913638
epoch 181 test: acc=0.771038, f1=0.466111, auc=0.930741, bac=0.620696, sens=0.620696, spec=0.960174
epoch 181 val: acc=0.782362, f1=0.475749, auc=0.948882, bac=0.608929, sens=0.608929, spec=0.961469
Epoch [181/500] Loss=0.278584 Acc=0.914412
epoch 182 test: acc=0.771296, f1=0.454210, auc=0.930052, bac=0.581216, sens=0.581216, spec=0.960208
epoch 182 val: acc=0.784425, f1=0.483417, auc=0.948550, bac=0.611440, sens=0.611440, spec=0.961845
Epoch [182/500] Loss=0.284005 Acc=0.912600
epoch 183 test: acc=0.777491, f1=0.464820, auc=0.931877, bac=0.596509, sens=0.596509, spec=0.960620
epoch 183 val: acc=0.781846, f1=0.493075, auc=0.949497, bac=0.646195, sens=0.646195, spec=0.960769
Epoch [183/500] Loss=0.282496 Acc=0.913775
epoch 184 test: acc=0.773361, f1=0.466633, auc=0.931228, bac=0.618959, sens=0.618959, spec=0.960298
epoch 184 val: acc=0.784425, f1=0.477502, auc=0.949323, bac=0.608374, sens=0.608374, spec=0.961640
Epoch [184/500] Loss=0.280918 Acc=0.914390
epoch 185 test: acc=0.774910, f1=0.463040, auc=0.931614, bac=0.594746, sens=0.594746, spec=0.960387
epoch 185 val: acc=0.786488, f1=0.488266, auc=0.949180, bac=0.608762, sens=0.608762, spec=0.961777
Epoch [185/500] Loss=0.279640 Acc=0.914997
epoch 186 test: acc=0.775168, f1=0.468232, auc=0.931354, bac=0.621897, sens=0.621897, spec=0.960560
epoch 186 val: acc=0.782362, f1=0.475699, auc=0.949659, bac=0.606807, sens=0.606807, spec=0.961222
Epoch [186/500] Loss=0.280735 Acc=0.913948
epoch 187 test: acc=0.772845, f1=0.466443, auc=0.930464, bac=0.621936, sens=0.621936, spec=0.960530
epoch 187 val: acc=0.784425, f1=0.479841, auc=0.948834, bac=0.608177, sens=0.608177, spec=0.961496
Epoch [187/500] Loss=0.281379 Acc=0.913020
epoch 188 test: acc=0.774135, f1=0.447131, auc=0.931465, bac=0.554030, sens=0.554030, spec=0.960410
epoch 188 val: acc=0.781846, f1=0.476598, auc=0.949296, bac=0.606096, sens=0.606096, spec=0.961159
Epoch [188/500] Loss=0.280775 Acc=0.913658
epoch 189 test: acc=0.775684, f1=0.462559, auc=0.932173, bac=0.595156, sens=0.595156, spec=0.960554
epoch 189 val: acc=0.782362, f1=0.479796, auc=0.949561, bac=0.604770, sens=0.604770, spec=0.960941
Epoch [189/500] Loss=0.278418 Acc=0.914447
epoch 190 test: acc=0.776458, f1=0.452699, auc=0.931007, bac=0.558063, sens=0.558063, spec=0.960837
epoch 190 val: acc=0.784941, f1=0.490401, auc=0.949338, bac=0.607330, sens=0.607330, spec=0.961547
Epoch [190/500] Loss=0.281783 Acc=0.913658
epoch 191 test: acc=0.774135, f1=0.461390, auc=0.931002, bac=0.593810, sens=0.593810, spec=0.960270
epoch 191 val: acc=0.782362, f1=0.456416, auc=0.948947, bac=0.565606, sens=0.565606, spec=0.961225
Epoch [191/500] Loss=0.277339 Acc=0.914867
epoch 192 test: acc=0.771554, f1=0.457922, auc=0.930281, bac=0.598232, sens=0.598232, spec=0.960073
epoch 192 val: acc=0.780815, f1=0.470108, auc=0.948952, bac=0.606232, sens=0.606232, spec=0.961037
Epoch [192/500] Loss=0.281344 Acc=0.913055
epoch 193 test: acc=0.774135, f1=0.458155, auc=0.930094, bac=0.585343, sens=0.585343, spec=0.960583
epoch 193 val: acc=0.783394, f1=0.479232, auc=0.948470, bac=0.608227, sens=0.608227, spec=0.961366
Epoch [193/500] Loss=0.277210 Acc=0.915265
epoch 194 test: acc=0.775942, f1=0.459209, auc=0.931152, bac=0.586866, sens=0.586866, spec=0.960475
epoch 194 val: acc=0.782878, f1=0.482138, auc=0.949825, bac=0.606621, sens=0.606621, spec=0.961152
Epoch [194/500] Loss=0.279378 Acc=0.914222
epoch 195 test: acc=0.774910, f1=0.463436, auc=0.930963, bac=0.598037, sens=0.598037, spec=0.960336
epoch 195 val: acc=0.784425, f1=0.500819, auc=0.949714, bac=0.649708, sens=0.649708, spec=0.961342
Epoch [195/500] Loss=0.278355 Acc=0.914827
epoch 196 test: acc=0.774910, f1=0.456539, auc=0.930707, bac=0.574085, sens=0.574085, spec=0.960472
epoch 196 val: acc=0.782878, f1=0.482689, auc=0.948876, bac=0.607234, sens=0.607234, spec=0.961286
Epoch [196/500] Loss=0.277795 Acc=0.915012
epoch 197 test: acc=0.773103, f1=0.447760, auc=0.930891, bac=0.553596, sens=0.553596, spec=0.960196
epoch 197 val: acc=0.783909, f1=0.483466, auc=0.949649, bac=0.606326, sens=0.606326, spec=0.961164
Epoch [197/500] Loss=0.274863 Acc=0.916174
epoch 198 test: acc=0.776717, f1=0.466349, auc=0.931397, bac=0.608743, sens=0.608743, spec=0.960642
epoch 198 val: acc=0.785972, f1=0.492534, auc=0.949618, bac=0.609939, sens=0.609939, spec=0.961694
Epoch [198/500] Loss=0.274680 Acc=0.916104
epoch 199 test: acc=0.773361, f1=0.460991, auc=0.930499, bac=0.604754, sens=0.604754, spec=0.960557
epoch 199 val: acc=0.782878, f1=0.479731, auc=0.949338, bac=0.608460, sens=0.608460, spec=0.961305
Epoch [199/500] Loss=0.274252 Acc=0.916434
epoch 200 test: acc=0.771296, f1=0.456866, auc=0.930485, bac=0.602023, sens=0.602023, spec=0.960038
epoch 200 val: acc=0.785972, f1=0.478728, auc=0.949201, bac=0.609608, sens=0.609608, spec=0.961863
Epoch [200/500] Loss=0.273470 Acc=0.916549
epoch 201 test: acc=0.775168, f1=0.457448, auc=0.930602, bac=0.582632, sens=0.582632, spec=0.960602
epoch 201 val: acc=0.784425, f1=0.484425, auc=0.949143, bac=0.609120, sens=0.609120, spec=0.961355
Epoch [201/500] Loss=0.271879 Acc=0.917301
epoch 202 test: acc=0.777749, f1=0.458630, auc=0.931932, bac=0.594813, sens=0.594813, spec=0.960794
epoch 202 val: acc=0.786488, f1=0.484353, auc=0.949811, bac=0.607621, sens=0.607621, spec=0.961539
Epoch [202/500] Loss=0.276210 Acc=0.915187
epoch 203 test: acc=0.776458, f1=0.457127, auc=0.931436, bac=0.578257, sens=0.578257, spec=0.960655
epoch 203 val: acc=0.784425, f1=0.489257, auc=0.949828, bac=0.605244, sens=0.605244, spec=0.960986
Epoch [203/500] Loss=0.271988 Acc=0.916314
epoch 204 test: acc=0.773619, f1=0.457748, auc=0.930838, bac=0.593222, sens=0.593222, spec=0.960284
epoch 204 val: acc=0.784941, f1=0.497768, auc=0.949363, bac=0.648325, sens=0.648325, spec=0.961162
Epoch [204/500] Loss=0.275469 Acc=0.915507
epoch 205 test: acc=0.773103, f1=0.447400, auc=0.930579, bac=0.554848, sens=0.554848, spec=0.960218
epoch 205 val: acc=0.783394, f1=0.479158, auc=0.949107, bac=0.606559, sens=0.606559, spec=0.961132
Epoch [205/500] Loss=0.271584 Acc=0.916869
epoch 206 test: acc=0.774910, f1=0.460842, auc=0.931121, bac=0.602839, sens=0.602839, spec=0.960449
epoch 206 val: acc=0.784425, f1=0.482908, auc=0.949431, bac=0.606753, sens=0.606753, spec=0.961113
Epoch [206/500] Loss=0.271665 Acc=0.916397
epoch 207 test: acc=0.773103, f1=0.445933, auc=0.930200, bac=0.554331, sens=0.554331, spec=0.960324
epoch 207 val: acc=0.784941, f1=0.483628, auc=0.949158, bac=0.608274, sens=0.608274, spec=0.961555
Epoch [207/500] Loss=0.275438 Acc=0.915292
epoch 208 test: acc=0.778523, f1=0.460763, auc=0.932044, bac=0.577807, sens=0.577807, spec=0.960889
epoch 208 val: acc=0.785456, f1=0.491581, auc=0.950216, bac=0.606814, sens=0.606814, spec=0.961354
Epoch [208/500] Loss=0.270161 Acc=0.917646
epoch 209 test: acc=0.774135, f1=0.450477, auc=0.930099, bac=0.578501, sens=0.578501, spec=0.960291
epoch 209 val: acc=0.784941, f1=0.473770, auc=0.949269, bac=0.607463, sens=0.607463, spec=0.961363
Epoch [209/500] Loss=0.272254 Acc=0.916304
epoch 210 test: acc=0.778007, f1=0.464037, auc=0.931911, bac=0.593998, sens=0.593998, spec=0.960968
epoch 210 val: acc=0.782362, f1=0.484855, auc=0.949741, bac=0.603865, sens=0.603865, spec=0.960685
Epoch [210/500] Loss=0.270959 Acc=0.917279
epoch 211 test: acc=0.775942, f1=0.462481, auc=0.930322, bac=0.596763, sens=0.596763, spec=0.960745
epoch 211 val: acc=0.782362, f1=0.484528, auc=0.949302, bac=0.610702, sens=0.610702, spec=0.960715
Epoch [211/500] Loss=0.270081 Acc=0.917339
epoch 212 test: acc=0.772586, f1=0.454215, auc=0.930235, bac=0.575511, sens=0.575511, spec=0.960306
epoch 212 val: acc=0.783394, f1=0.482922, auc=0.948934, bac=0.608068, sens=0.608068, spec=0.961322
Epoch [212/500] Loss=0.268745 Acc=0.916879
epoch 213 test: acc=0.781105, f1=0.466240, auc=0.931833, bac=0.594014, sens=0.594014, spec=0.961174
epoch 213 val: acc=0.787004, f1=0.489276, auc=0.950298, bac=0.608662, sens=0.608662, spec=0.961350
Epoch [213/500] Loss=0.270317 Acc=0.917057
epoch 214 test: acc=0.770780, f1=0.450078, auc=0.929901, bac=0.576661, sens=0.576661, spec=0.960086
epoch 214 val: acc=0.782878, f1=0.479585, auc=0.949470, bac=0.608460, sens=0.608460, spec=0.961300
Epoch [214/500] Loss=0.269173 Acc=0.916832
epoch 215 test: acc=0.775684, f1=0.463786, auc=0.930944, bac=0.594155, sens=0.594155, spec=0.960608
epoch 215 val: acc=0.783394, f1=0.462312, auc=0.949823, bac=0.563433, sens=0.563433, spec=0.961102
Epoch [215/500] Loss=0.269492 Acc=0.917264
epoch 216 test: acc=0.779298, f1=0.467631, auc=0.931123, bac=0.600470, sens=0.600470, spec=0.961210
epoch 216 val: acc=0.784425, f1=0.483478, auc=0.949863, bac=0.597432, sens=0.597432, spec=0.960969
Epoch [216/500] Loss=0.266445 Acc=0.918169
epoch 217 test: acc=0.774393, f1=0.458371, auc=0.930456, bac=0.594791, sens=0.594791, spec=0.960575
epoch 217 val: acc=0.781846, f1=0.458010, auc=0.949725, bac=0.564076, sens=0.564076, spec=0.960755
Epoch [217/500] Loss=0.266826 Acc=0.917871
epoch 218 test: acc=0.775426, f1=0.458665, auc=0.930363, bac=0.582483, sens=0.582483, spec=0.960523
epoch 218 val: acc=0.785972, f1=0.488839, auc=0.949655, bac=0.609741, sens=0.609741, spec=0.961577
Epoch [218/500] Loss=0.270656 Acc=0.916709
epoch 219 test: acc=0.774910, f1=0.457195, auc=0.930242, bac=0.577316, sens=0.577316, spec=0.960390
epoch 219 val: acc=0.785456, f1=0.485619, auc=0.949304, bac=0.599551, sens=0.599551, spec=0.961377
Epoch [219/500] Loss=0.269009 Acc=0.917969
epoch 220 test: acc=0.776200, f1=0.453264, auc=0.930357, bac=0.558790, sens=0.558790, spec=0.960670
epoch 220 val: acc=0.782362, f1=0.464429, auc=0.949911, bac=0.563003, sens=0.563003, spec=0.960591
Epoch [220/500] Loss=0.268340 Acc=0.917311
epoch 221 test: acc=0.778265, f1=0.465656, auc=0.931888, bac=0.599121, sens=0.599121, spec=0.960858
epoch 221 val: acc=0.784941, f1=0.484814, auc=0.950201, bac=0.604200, sens=0.604200, spec=0.961062
Epoch [221/500] Loss=0.267372 Acc=0.917726
epoch 222 test: acc=0.776200, f1=0.464953, auc=0.930666, bac=0.598134, sens=0.598134, spec=0.960723
epoch 222 val: acc=0.783909, f1=0.481915, auc=0.950027, bac=0.606939, sens=0.606939, spec=0.961156
Epoch [222/500] Loss=0.267846 Acc=0.917931
epoch 223 test: acc=0.775684, f1=0.459513, auc=0.930552, bac=0.583790, sens=0.583790, spec=0.960773
epoch 223 val: acc=0.784425, f1=0.479328, auc=0.950131, bac=0.608507, sens=0.608507, spec=0.961138
Epoch [223/500] Loss=0.267603 Acc=0.917554
epoch 224 test: acc=0.774393, f1=0.455010, auc=0.930281, bac=0.570764, sens=0.570764, spec=0.960429
epoch 224 val: acc=0.783909, f1=0.487005, auc=0.949758, bac=0.610701, sens=0.610701, spec=0.961028
Epoch [224/500] Loss=0.265195 Acc=0.918704
epoch 225 test: acc=0.776717, f1=0.464686, auc=0.930881, bac=0.607347, sens=0.607347, spec=0.960879
epoch 225 val: acc=0.781846, f1=0.459767, auc=0.950089, bac=0.566169, sens=0.566169, spec=0.961021
Epoch [225/500] Loss=0.266044 Acc=0.917641
epoch 226 test: acc=0.779040, f1=0.467131, auc=0.931760, bac=0.597727, sens=0.597727, spec=0.961010
epoch 226 val: acc=0.784941, f1=0.470526, auc=0.950341, bac=0.564667, sens=0.564667, spec=0.960867
Epoch [226/500] Loss=0.263820 Acc=0.919526
epoch 227 test: acc=0.777749, f1=0.469287, auc=0.930993, bac=0.600301, sens=0.600301, spec=0.960997
epoch 227 val: acc=0.783394, f1=0.464722, auc=0.950217, bac=0.562009, sens=0.562009, spec=0.960949
Epoch [227/500] Loss=0.265038 Acc=0.918828
epoch 228 test: acc=0.774135, f1=0.448656, auc=0.929836, bac=0.554217, sens=0.554217, spec=0.960496
epoch 228 val: acc=0.783394, f1=0.486438, auc=0.949220, bac=0.607369, sens=0.607369, spec=0.961197
Epoch [228/500] Loss=0.263494 Acc=0.919018
epoch 229 test: acc=0.777749, f1=0.459586, auc=0.931085, bac=0.581623, sens=0.581623, spec=0.960880
epoch 229 val: acc=0.782878, f1=0.466398, auc=0.949694, bac=0.562770, sens=0.562770, spec=0.960640
Epoch [229/500] Loss=0.264167 Acc=0.918554
epoch 230 test: acc=0.776458, f1=0.466379, auc=0.930144, bac=0.598308, sens=0.598308, spec=0.960769
epoch 230 val: acc=0.783909, f1=0.488693, auc=0.949638, bac=0.596855, sens=0.596855, spec=0.960877
Epoch [230/500] Loss=0.264267 Acc=0.918476
epoch 231 test: acc=0.773103, f1=0.454222, auc=0.930020, bac=0.578995, sens=0.578995, spec=0.960251
epoch 231 val: acc=0.783394, f1=0.485436, auc=0.949711, bac=0.611745, sens=0.611745, spec=0.960963
Epoch [231/500] Loss=0.265917 Acc=0.918056
epoch 232 test: acc=0.774652, f1=0.449788, auc=0.929854, bac=0.558479, sens=0.558479, spec=0.960475
epoch 232 val: acc=0.785972, f1=0.482909, auc=0.949833, bac=0.608223, sens=0.608223, spec=0.961464
Epoch [232/500] Loss=0.266427 Acc=0.917594
epoch 233 test: acc=0.777491, f1=0.466542, auc=0.930668, bac=0.598518, sens=0.598518, spec=0.960891
epoch 233 val: acc=0.783394, f1=0.486238, auc=0.950182, bac=0.604475, sens=0.604475, spec=0.960937
Epoch [233/500] Loss=0.264933 Acc=0.918031
epoch 234 test: acc=0.779556, f1=0.465105, auc=0.931197, bac=0.580368, sens=0.580368, spec=0.960901
epoch 234 val: acc=0.785972, f1=0.492531, auc=0.950601, bac=0.604347, sens=0.604347, spec=0.961060
Epoch [234/500] Loss=0.264743 Acc=0.918459
epoch 235 test: acc=0.777233, f1=0.457580, auc=0.930786, bac=0.582445, sens=0.582445, spec=0.960807
epoch 235 val: acc=0.783394, f1=0.475432, auc=0.949632, bac=0.606426, sens=0.606426, spec=0.960997
Epoch [235/500] Loss=0.262763 Acc=0.919003
epoch 236 test: acc=0.776717, f1=0.453316, auc=0.931097, bac=0.552925, sens=0.552925, spec=0.960595
epoch 236 val: acc=0.786488, f1=0.493123, auc=0.950428, bac=0.607141, sens=0.607141, spec=0.961152
Epoch [236/500] Loss=0.264329 Acc=0.918501
epoch 237 test: acc=0.772845, f1=0.450362, auc=0.929249, bac=0.558941, sens=0.558941, spec=0.960384
epoch 237 val: acc=0.783394, f1=0.482458, auc=0.949514, bac=0.606315, sens=0.606315, spec=0.961231
Epoch [237/500] Loss=0.263547 Acc=0.918299
epoch 238 test: acc=0.777233, f1=0.463729, auc=0.930272, bac=0.582853, sens=0.582853, spec=0.960654
epoch 238 val: acc=0.782878, f1=0.485198, auc=0.949792, bac=0.596245, sens=0.596245, spec=0.961013
Epoch [238/500] Loss=0.264700 Acc=0.918416
epoch 239 test: acc=0.779040, f1=0.460688, auc=0.931104, bac=0.579374, sens=0.579374, spec=0.960996
epoch 239 val: acc=0.784941, f1=0.485294, auc=0.950742, bac=0.598472, sens=0.598472, spec=0.961024
Epoch [239/500] Loss=0.258651 Acc=0.920493
epoch 240 test: acc=0.775168, f1=0.451727, auc=0.929872, bac=0.557242, sens=0.557242, spec=0.960655
epoch 240 val: acc=0.784941, f1=0.467849, auc=0.949272, bac=0.568582, sens=0.568582, spec=0.961261
Epoch [240/500] Loss=0.263037 Acc=0.918848
epoch 241 test: acc=0.779040, f1=0.465769, auc=0.931238, bac=0.599097, sens=0.599097, spec=0.960947
epoch 241 val: acc=0.783909, f1=0.487914, auc=0.950389, bac=0.605327, sens=0.605327, spec=0.960662
Epoch [241/500] Loss=0.258508 Acc=0.920458
epoch 242 test: acc=0.779298, f1=0.457460, auc=0.931381, bac=0.579258, sens=0.579258, spec=0.961016
epoch 242 val: acc=0.786488, f1=0.490989, auc=0.950352, bac=0.608517, sens=0.608517, spec=0.961229
Epoch [242/500] Loss=0.261091 Acc=0.919601
epoch 243 test: acc=0.775942, f1=0.452133, auc=0.930464, bac=0.557637, sens=0.557637, spec=0.960618
epoch 243 val: acc=0.785972, f1=0.469568, auc=0.949709, bac=0.565427, sens=0.565427, spec=0.961310
Epoch [243/500] Loss=0.262714 Acc=0.918406
epoch 244 test: acc=0.776200, f1=0.460509, auc=0.930903, bac=0.578416, sens=0.578416, spec=0.960580
epoch 244 val: acc=0.784941, f1=0.490624, auc=0.950010, bac=0.605379, sens=0.605379, spec=0.961156
Epoch [244/500] Loss=0.260025 Acc=0.919828
epoch 245 test: acc=0.780847, f1=0.467445, auc=0.931200, bac=0.600663, sens=0.600663, spec=0.961061
epoch 245 val: acc=0.784425, f1=0.461330, auc=0.950875, bac=0.563760, sens=0.563760, spec=0.960868
Epoch [245/500] Loss=0.257042 Acc=0.920985
epoch 246 test: acc=0.778782, f1=0.453516, auc=0.929797, bac=0.555888, sens=0.555888, spec=0.960933
epoch 246 val: acc=0.783909, f1=0.466174, auc=0.949598, bac=0.567784, sens=0.567784, spec=0.961043
Epoch [246/500] Loss=0.260681 Acc=0.919523
epoch 247 test: acc=0.774910, f1=0.451625, auc=0.930471, bac=0.555850, sens=0.555850, spec=0.960524
epoch 247 val: acc=0.784425, f1=0.474308, auc=0.949941, bac=0.572359, sens=0.572359, spec=0.961182
Epoch [247/500] Loss=0.260805 Acc=0.919256
epoch 248 test: acc=0.775684, f1=0.449345, auc=0.930013, bac=0.555076, sens=0.555076, spec=0.960561
epoch 248 val: acc=0.783394, f1=0.465480, auc=0.949293, bac=0.562905, sens=0.562905, spec=0.960944
Epoch [248/500] Loss=0.258914 Acc=0.920196
epoch 249 test: acc=0.776200, f1=0.461610, auc=0.929999, bac=0.584575, sens=0.584575, spec=0.960692
epoch 249 val: acc=0.787519, f1=0.494952, auc=0.949807, bac=0.607704, sens=0.607704, spec=0.961508
Epoch [249/500] Loss=0.258989 Acc=0.919656
epoch 250 test: acc=0.780589, f1=0.460943, auc=0.930460, bac=0.562901, sens=0.562901, spec=0.961211
epoch 250 val: acc=0.783909, f1=0.491589, auc=0.949769, bac=0.605185, sens=0.605185, spec=0.960745
Epoch [250/500] Loss=0.258775 Acc=0.920373
epoch 251 test: acc=0.780072, f1=0.459688, auc=0.930755, bac=0.560009, sens=0.560009, spec=0.960982
epoch 251 val: acc=0.787519, f1=0.494189, auc=0.950206, bac=0.608514, sens=0.608514, spec=0.961623
Epoch [251/500] Loss=0.257057 Acc=0.921328
epoch 252 test: acc=0.773877, f1=0.454518, auc=0.928600, bac=0.561219, sens=0.561219, spec=0.960310
epoch 252 val: acc=0.783394, f1=0.467617, auc=0.948909, bac=0.567395, sens=0.567395, spec=0.961196
Epoch [252/500] Loss=0.261773 Acc=0.918863
epoch 253 test: acc=0.775684, f1=0.451830, auc=0.930046, bac=0.555610, sens=0.555610, spec=0.960558
epoch 253 val: acc=0.787004, f1=0.469374, auc=0.949838, bac=0.573543, sens=0.573543, spec=0.961452
Epoch [253/500] Loss=0.259211 Acc=0.919216
epoch 254 test: acc=0.782395, f1=0.465849, auc=0.931137, bac=0.585543, sens=0.585543, spec=0.961279
epoch 254 val: acc=0.789582, f1=0.497096, auc=0.950303, bac=0.609760, sens=0.609760, spec=0.961538
Epoch [254/500] Loss=0.257524 Acc=0.920493
epoch 255 test: acc=0.775168, f1=0.455668, auc=0.929573, bac=0.578694, sens=0.578694, spec=0.960539
epoch 255 val: acc=0.781331, f1=0.462093, auc=0.949517, bac=0.562895, sens=0.562895, spec=0.960691
Epoch [255/500] Loss=0.255118 Acc=0.921033
epoch 256 test: acc=0.779298, f1=0.462037, auc=0.930604, bac=0.582523, sens=0.582523, spec=0.961066
epoch 256 val: acc=0.786488, f1=0.486556, auc=0.950828, bac=0.608933, sens=0.608933, spec=0.961628
Epoch [256/500] Loss=0.256152 Acc=0.920718
epoch 257 test: acc=0.780072, f1=0.461155, auc=0.930780, bac=0.580733, sens=0.580733, spec=0.961005
epoch 257 val: acc=0.784941, f1=0.486334, auc=0.950496, bac=0.604531, sens=0.604531, spec=0.960931
Epoch [257/500] Loss=0.255626 Acc=0.921295
epoch 258 test: acc=0.778007, f1=0.460042, auc=0.930164, bac=0.581384, sens=0.581384, spec=0.960827
epoch 258 val: acc=0.783909, f1=0.472637, auc=0.950138, bac=0.564842, sens=0.564842, spec=0.960755
Epoch [258/500] Loss=0.256483 Acc=0.921385
epoch 259 test: acc=0.778007, f1=0.463073, auc=0.930600, bac=0.580175, sens=0.580175, spec=0.960815
epoch 259 val: acc=0.786488, f1=0.466455, auc=0.950446, bac=0.556572, sens=0.556572, spec=0.961338
Epoch [259/500] Loss=0.254349 Acc=0.921258
epoch 260 test: acc=0.773361, f1=0.448700, auc=0.929575, bac=0.555153, sens=0.555153, spec=0.960265
epoch 260 val: acc=0.785972, f1=0.471348, auc=0.949998, bac=0.571265, sens=0.571265, spec=0.961577
Epoch [260/500] Loss=0.255414 Acc=0.921095
epoch 261 test: acc=0.773877, f1=0.452684, auc=0.929573, bac=0.558990, sens=0.558990, spec=0.960337
epoch 261 val: acc=0.784941, f1=0.465329, auc=0.949842, bac=0.565932, sens=0.565932, spec=0.961292
Epoch [261/500] Loss=0.257587 Acc=0.919706
epoch 262 test: acc=0.777749, f1=0.462828, auc=0.930703, bac=0.585829, sens=0.585829, spec=0.960848
epoch 262 val: acc=0.785972, f1=0.485627, auc=0.950756, bac=0.607280, sens=0.607280, spec=0.961541
Epoch [262/500] Loss=0.254340 Acc=0.921098
epoch 263 test: acc=0.778523, f1=0.464236, auc=0.930444, bac=0.587072, sens=0.587072, spec=0.961043
epoch 263 val: acc=0.784425, f1=0.488767, auc=0.950054, bac=0.605047, sens=0.605047, spec=0.960852
Epoch [263/500] Loss=0.256273 Acc=0.920246
epoch 264 test: acc=0.777749, f1=0.455884, auc=0.930467, bac=0.578967, sens=0.578967, spec=0.960816
epoch 264 val: acc=0.785456, f1=0.466309, auc=0.950496, bac=0.564717, sens=0.564717, spec=0.961077
Epoch [264/500] Loss=0.256291 Acc=0.920900
epoch 265 test: acc=0.779040, f1=0.455989, auc=0.930467, bac=0.556526, sens=0.556526, spec=0.960877
epoch 265 val: acc=0.785456, f1=0.496788, auc=0.949379, bac=0.607929, sens=0.607929, spec=0.961282
Epoch [265/500] Loss=0.252512 Acc=0.921967
epoch 266 test: acc=0.780330, f1=0.466211, auc=0.931127, bac=0.586027, sens=0.586027, spec=0.961015
epoch 266 val: acc=0.785456, f1=0.469239, auc=0.950289, bac=0.563821, sens=0.563821, spec=0.960972
Epoch [266/500] Loss=0.254536 Acc=0.921558
epoch 267 test: acc=0.777749, f1=0.457204, auc=0.930160, bac=0.558468, sens=0.558468, spec=0.960851
epoch 267 val: acc=0.782878, f1=0.468933, auc=0.949544, bac=0.568042, sens=0.568042, spec=0.960750
Epoch [267/500] Loss=0.256033 Acc=0.920743
epoch 268 test: acc=0.780847, f1=0.464413, auc=0.929955, bac=0.584945, sens=0.584945, spec=0.961105
epoch 268 val: acc=0.788035, f1=0.477273, auc=0.950165, bac=0.568268, sens=0.568268, spec=0.961431
Epoch [268/500] Loss=0.256843 Acc=0.919951
epoch 269 test: acc=0.779298, f1=0.455608, auc=0.930111, bac=0.556630, sens=0.556630, spec=0.960991
epoch 269 val: acc=0.784941, f1=0.490706, auc=0.950011, bac=0.597379, sens=0.597379, spec=0.960915
Epoch [269/500] Loss=0.255055 Acc=0.921268
epoch 270 test: acc=0.784202, f1=0.464016, auc=0.931598, bac=0.581340, sens=0.581340, spec=0.961441
epoch 270 val: acc=0.786488, f1=0.484680, auc=0.950863, bac=0.596397, sens=0.596397, spec=0.961011
Epoch [270/500] Loss=0.250219 Acc=0.922735
epoch 271 test: acc=0.777491, f1=0.459014, auc=0.929110, bac=0.560994, sens=0.560994, spec=0.960655
epoch 271 val: acc=0.785456, f1=0.475507, auc=0.949916, bac=0.568726, sens=0.568726, spec=0.961057
Epoch [271/500] Loss=0.255966 Acc=0.920418
epoch 272 test: acc=0.778782, f1=0.463054, auc=0.929720, bac=0.585551, sens=0.585551, spec=0.961048
epoch 272 val: acc=0.786488, f1=0.488975, auc=0.950077, bac=0.608933, sens=0.608933, spec=0.961335
Epoch [272/500] Loss=0.254339 Acc=0.921490
epoch 273 test: acc=0.777233, f1=0.456593, auc=0.930187, bac=0.581686, sens=0.581686, spec=0.960817
epoch 273 val: acc=0.782878, f1=0.460524, auc=0.950481, bac=0.562525, sens=0.562525, spec=0.960619
Epoch [273/500] Loss=0.251759 Acc=0.922205
epoch 274 test: acc=0.779814, f1=0.456386, auc=0.930417, bac=0.554324, sens=0.554324, spec=0.961071
epoch 274 val: acc=0.785972, f1=0.478406, auc=0.949919, bac=0.572878, sens=0.572878, spec=0.961146
Epoch [274/500] Loss=0.251775 Acc=0.921863
epoch 275 test: acc=0.778523, f1=0.462695, auc=0.930436, bac=0.585484, sens=0.585484, spec=0.960987
epoch 275 val: acc=0.784425, f1=0.492178, auc=0.950563, bac=0.605943, sens=0.605943, spec=0.960708
Epoch [275/500] Loss=0.250691 Acc=0.922172
epoch 276 test: acc=0.781105, f1=0.466166, auc=0.930647, bac=0.582271, sens=0.582271, spec=0.961120
epoch 276 val: acc=0.785972, f1=0.487101, auc=0.950276, bac=0.597809, sens=0.597809, spec=0.961021
Epoch [276/500] Loss=0.252431 Acc=0.921368
epoch 277 test: acc=0.783428, f1=0.465250, auc=0.931173, bac=0.582538, sens=0.582538, spec=0.961630
epoch 277 val: acc=0.787004, f1=0.486509, auc=0.950491, bac=0.598569, sens=0.598569, spec=0.961298
Epoch [277/500] Loss=0.247708 Acc=0.923697
epoch 278 test: acc=0.779040, f1=0.457794, auc=0.929503, bac=0.561832, sens=0.561832, spec=0.960888
epoch 278 val: acc=0.786488, f1=0.496393, auc=0.949836, bac=0.608368, sens=0.608368, spec=0.961478
Epoch [278/500] Loss=0.253518 Acc=0.921210
epoch 279 test: acc=0.776200, f1=0.462508, auc=0.929941, bac=0.584519, sens=0.584519, spec=0.960632
epoch 279 val: acc=0.785456, f1=0.470052, auc=0.950338, bac=0.566595, sens=0.566595, spec=0.961316
Epoch [279/500] Loss=0.250533 Acc=0.922237
epoch 280 test: acc=0.782137, f1=0.459741, auc=0.930271, bac=0.555944, sens=0.555944, spec=0.961184
epoch 280 val: acc=0.785972, f1=0.474315, auc=0.950223, bac=0.566088, sens=0.566088, spec=0.960910
Epoch [280/500] Loss=0.251177 Acc=0.922527
epoch 281 test: acc=0.779298, f1=0.455292, auc=0.929612, bac=0.557286, sens=0.557286, spec=0.961135
epoch 281 val: acc=0.783909, f1=0.492032, auc=0.949994, bac=0.606656, sens=0.606656, spec=0.960736
Epoch [281/500] Loss=0.251049 Acc=0.922757
epoch 282 test: acc=0.778265, f1=0.460371, auc=0.929410, bac=0.561686, sens=0.561686, spec=0.960848
epoch 282 val: acc=0.788551, f1=0.504148, auc=0.949492, bac=0.609935, sens=0.609935, spec=0.961727
Epoch [282/500] Loss=0.255983 Acc=0.920668
epoch 283 test: acc=0.772328, f1=0.454829, auc=0.928661, bac=0.558938, sens=0.558938, spec=0.960095
epoch 283 val: acc=0.787004, f1=0.477066, auc=0.949973, bac=0.570479, sens=0.570479, spec=0.961628
Epoch [283/500] Loss=0.254166 Acc=0.920620
epoch 284 test: acc=0.783428, f1=0.465077, auc=0.930671, bac=0.586076, sens=0.586076, spec=0.961421
epoch 284 val: acc=0.788035, f1=0.475825, auc=0.950811, bac=0.565815, sens=0.565815, spec=0.961192
Epoch [284/500] Loss=0.249953 Acc=0.922300
epoch 285 test: acc=0.783686, f1=0.467321, auc=0.930256, bac=0.587940, sens=0.587940, spec=0.961484
epoch 285 val: acc=0.785972, f1=0.468174, auc=0.950332, bac=0.565710, sens=0.565710, spec=0.961134
Epoch [285/500] Loss=0.249891 Acc=0.922520
epoch 286 test: acc=0.781363, f1=0.465326, auc=0.930156, bac=0.582997, sens=0.582997, spec=0.961017
epoch 286 val: acc=0.788551, f1=0.493269, auc=0.950497, bac=0.609274, sens=0.609274, spec=0.961620
Epoch [286/500] Loss=0.248415 Acc=0.923467
epoch 287 test: acc=0.776975, f1=0.455363, auc=0.929263, bac=0.561802, sens=0.561802, spec=0.960638
epoch 287 val: acc=0.785456, f1=0.495428, auc=0.949807, bac=0.607843, sens=0.607843, spec=0.960935
Epoch [287/500] Loss=0.252255 Acc=0.921917
epoch 288 test: acc=0.779298, f1=0.459355, auc=0.929855, bac=0.558824, sens=0.558824, spec=0.960979
epoch 288 val: acc=0.784941, f1=0.473040, auc=0.950278, bac=0.566790, sens=0.566790, spec=0.961120
Epoch [288/500] Loss=0.249902 Acc=0.922815
epoch 289 test: acc=0.779298, f1=0.457439, auc=0.929122, bac=0.560740, sens=0.560740, spec=0.961056
epoch 289 val: acc=0.785456, f1=0.495179, auc=0.950201, bac=0.608456, sens=0.608456, spec=0.961071
Epoch [289/500] Loss=0.250187 Acc=0.922250
epoch 290 test: acc=0.780072, f1=0.459860, auc=0.930322, bac=0.558212, sens=0.558212, spec=0.960792
epoch 290 val: acc=0.788551, f1=0.502788, auc=0.950357, bac=0.615035, sens=0.615035, spec=0.961502
Epoch [290/500] Loss=0.250638 Acc=0.922637
epoch 291 test: acc=0.777749, f1=0.455225, auc=0.929775, bac=0.560170, sens=0.560170, spec=0.960689
epoch 291 val: acc=0.786488, f1=0.471187, auc=0.949918, bac=0.568024, sens=0.568024, spec=0.961126
Epoch [291/500] Loss=0.248241 Acc=0.922882
epoch 292 test: acc=0.781879, f1=0.462156, auc=0.930767, bac=0.582204, sens=0.582204, spec=0.961149
epoch 292 val: acc=0.787004, f1=0.472030, auc=0.950878, bac=0.565904, sens=0.565904, spec=0.961154
Epoch [292/500] Loss=0.248415 Acc=0.923400
epoch 293 test: acc=0.779298, f1=0.456417, auc=0.929255, bac=0.561795, sens=0.561795, spec=0.960937
epoch 293 val: acc=0.783909, f1=0.469464, auc=0.949883, bac=0.565369, sens=0.565369, spec=0.960725
Epoch [293/500] Loss=0.250758 Acc=0.921443
epoch 294 test: acc=0.776458, f1=0.453878, auc=0.929288, bac=0.560088, sens=0.560088, spec=0.960615
epoch 294 val: acc=0.783909, f1=0.474322, auc=0.949627, bac=0.566596, sens=0.566596, spec=0.960719
Epoch [294/500] Loss=0.248057 Acc=0.922962
epoch 295 test: acc=0.781621, f1=0.469101, auc=0.930149, bac=0.587316, sens=0.587316, spec=0.961201
epoch 295 val: acc=0.787519, f1=0.475435, auc=0.950207, bac=0.568219, sens=0.568219, spec=0.961482
Epoch [295/500] Loss=0.246575 Acc=0.923782
epoch 296 test: acc=0.779814, f1=0.462340, auc=0.929766, bac=0.581029, sens=0.581029, spec=0.960901
epoch 296 val: acc=0.785972, f1=0.476009, auc=0.950474, bac=0.567794, sens=0.567794, spec=0.961027
Epoch [296/500] Loss=0.248972 Acc=0.922472
epoch 297 test: acc=0.774135, f1=0.453450, auc=0.928911, bac=0.559302, sens=0.559302, spec=0.960240
epoch 297 val: acc=0.788035, f1=0.476791, auc=0.950112, bac=0.568834, sens=0.568834, spec=0.961771
Epoch [297/500] Loss=0.247489 Acc=0.922620
epoch 298 test: acc=0.781879, f1=0.467745, auc=0.930078, bac=0.585343, sens=0.585343, spec=0.961039
epoch 298 val: acc=0.785972, f1=0.474039, auc=0.950325, bac=0.566088, sens=0.566088, spec=0.960908
Epoch [298/500] Loss=0.245499 Acc=0.923949
epoch 299 test: acc=0.783170, f1=0.467548, auc=0.930447, bac=0.581999, sens=0.581999, spec=0.961326
epoch 299 val: acc=0.788035, f1=0.495701, auc=0.950414, bac=0.608281, sens=0.608281, spec=0.961293
Epoch [299/500] Loss=0.248593 Acc=0.922522
epoch 300 test: acc=0.777749, f1=0.464615, auc=0.929489, bac=0.585589, sens=0.585589, spec=0.960630
epoch 300 val: acc=0.784425, f1=0.463601, auc=0.950095, bac=0.567541, sens=0.567541, spec=0.961296
Epoch [300/500] Loss=0.247100 Acc=0.923240
epoch 301 test: acc=0.780072, f1=0.459849, auc=0.928877, bac=0.561527, sens=0.561527, spec=0.960973
epoch 301 val: acc=0.785456, f1=0.474208, auc=0.949509, bac=0.567265, sens=0.567265, spec=0.960960
Epoch [301/500] Loss=0.246986 Acc=0.923337
epoch 302 test: acc=0.779040, f1=0.460941, auc=0.929584, bac=0.561139, sens=0.561139, spec=0.960813
epoch 302 val: acc=0.788551, f1=0.476425, auc=0.950770, bac=0.568318, sens=0.568318, spec=0.961740
Epoch [302/500] Loss=0.248144 Acc=0.923027
epoch 303 test: acc=0.778007, f1=0.453601, auc=0.929645, bac=0.560718, sens=0.560718, spec=0.960710
epoch 303 val: acc=0.786488, f1=0.469365, auc=0.950099, bac=0.567364, sens=0.567364, spec=0.960981
Epoch [303/500] Loss=0.247288 Acc=0.923080
epoch 304 test: acc=0.785235, f1=0.461239, auc=0.930866, bac=0.561747, sens=0.561747, spec=0.961566
epoch 304 val: acc=0.786488, f1=0.475564, auc=0.951179, bac=0.566137, sens=0.566137, spec=0.960961
Epoch [304/500] Loss=0.248160 Acc=0.923195
epoch 305 test: acc=0.782912, f1=0.468756, auc=0.930512, bac=0.582654, sens=0.582654, spec=0.961358
epoch 305 val: acc=0.784941, f1=0.465275, auc=0.950609, bac=0.555762, sens=0.555762, spec=0.960872
Epoch [305/500] Loss=0.244031 Acc=0.924247
epoch 306 test: acc=0.782654, f1=0.469429, auc=0.930465, bac=0.586751, sens=0.586751, spec=0.961203
epoch 306 val: acc=0.787519, f1=0.478301, auc=0.951271, bac=0.568171, sens=0.568171, spec=0.961213
Epoch [306/500] Loss=0.243930 Acc=0.924487
epoch 307 test: acc=0.780072, f1=0.456307, auc=0.929784, bac=0.556960, sens=0.556960, spec=0.961044
epoch 307 val: acc=0.787519, f1=0.470994, auc=0.950503, bac=0.567558, sens=0.567558, spec=0.961499
Epoch [307/500] Loss=0.245848 Acc=0.923574
epoch 308 test: acc=0.782654, f1=0.461880, auc=0.930275, bac=0.556612, sens=0.556612, spec=0.961306
epoch 308 val: acc=0.785456, f1=0.490972, auc=0.950328, bac=0.599551, sens=0.599551, spec=0.960969
Epoch [308/500] Loss=0.243548 Acc=0.924102
epoch 309 test: acc=0.784719, f1=0.461107, auc=0.930933, bac=0.556878, sens=0.556878, spec=0.961524
epoch 309 val: acc=0.787519, f1=0.511641, auc=0.951246, bac=0.649754, sens=0.649754, spec=0.960989
Epoch [309/500] Loss=0.244147 Acc=0.924764
epoch 310 test: acc=0.778782, f1=0.460203, auc=0.929034, bac=0.561567, sens=0.561567, spec=0.960922
epoch 310 val: acc=0.785456, f1=0.475208, auc=0.950070, bac=0.568066, sens=0.568066, spec=0.961183
Epoch [310/500] Loss=0.244350 Acc=0.923799
epoch 311 test: acc=0.779298, f1=0.462982, auc=0.929425, bac=0.584607, sens=0.584607, spec=0.961086
epoch 311 val: acc=0.783909, f1=0.463725, auc=0.950239, bac=0.566596, sens=0.566596, spec=0.961025
Epoch [311/500] Loss=0.244835 Acc=0.923527
epoch 312 test: acc=0.781105, f1=0.463485, auc=0.929791, bac=0.561288, sens=0.561288, spec=0.960961
epoch 312 val: acc=0.788035, f1=0.477218, auc=0.950634, bac=0.568834, sens=0.568834, spec=0.961526
Epoch [312/500] Loss=0.242846 Acc=0.925001
epoch 313 test: acc=0.780589, f1=0.457584, auc=0.930060, bac=0.559559, sens=0.559559, spec=0.960863
epoch 313 val: acc=0.787004, f1=0.475386, auc=0.950626, bac=0.567508, sens=0.567508, spec=0.961037
Epoch [313/500] Loss=0.242266 Acc=0.924879
epoch 314 test: acc=0.782395, f1=0.471437, auc=0.930261, bac=0.587174, sens=0.587174, spec=0.961215
epoch 314 val: acc=0.788035, f1=0.477966, auc=0.950690, bac=0.567985, sens=0.567985, spec=0.961278
Epoch [314/500] Loss=0.244999 Acc=0.923539
epoch 315 test: acc=0.780330, f1=0.458121, auc=0.929871, bac=0.555628, sens=0.555628, spec=0.960965
epoch 315 val: acc=0.786488, f1=0.469477, auc=0.950111, bac=0.556667, sens=0.556667, spec=0.961130
Epoch [315/500] Loss=0.241643 Acc=0.924997
epoch 316 test: acc=0.774910, f1=0.455252, auc=0.928546, bac=0.557788, sens=0.557788, spec=0.960371
epoch 316 val: acc=0.785456, f1=0.472458, auc=0.949417, bac=0.569528, sens=0.569528, spec=0.961515
Epoch [316/500] Loss=0.249081 Acc=0.922500
epoch 317 test: acc=0.786009, f1=0.472280, auc=0.930650, bac=0.587284, sens=0.587284, spec=0.961592
epoch 317 val: acc=0.789582, f1=0.470869, auc=0.951638, bac=0.563656, sens=0.563656, spec=0.961420
Epoch [317/500] Loss=0.241495 Acc=0.925089
epoch 318 test: acc=0.778265, f1=0.457889, auc=0.929152, bac=0.557662, sens=0.557662, spec=0.960860
epoch 318 val: acc=0.782878, f1=0.466779, auc=0.950296, bac=0.555374, sens=0.555374, spec=0.960743
Epoch [318/500] Loss=0.242032 Acc=0.924152
epoch 319 test: acc=0.781621, f1=0.463352, auc=0.930112, bac=0.585374, sens=0.585374, spec=0.961140
epoch 319 val: acc=0.787004, f1=0.497644, auc=0.951348, bac=0.609644, sens=0.609644, spec=0.961014
Epoch [319/500] Loss=0.245616 Acc=0.923647
epoch 320 test: acc=0.783170, f1=0.461912, auc=0.929697, bac=0.558561, sens=0.558561, spec=0.961331
epoch 320 val: acc=0.787004, f1=0.476162, auc=0.950348, bac=0.567744, sens=0.567744, spec=0.961161
Epoch [320/500] Loss=0.244854 Acc=0.923095
epoch 321 test: acc=0.778782, f1=0.463363, auc=0.929255, bac=0.585642, sens=0.585642, spec=0.960879
epoch 321 val: acc=0.785972, f1=0.470196, auc=0.950384, bac=0.566701, sens=0.566701, spec=0.961185
Epoch [321/500] Loss=0.239037 Acc=0.925234
epoch 322 test: acc=0.778523, f1=0.456985, auc=0.928836, bac=0.561570, sens=0.561570, spec=0.960882
epoch 322 val: acc=0.785972, f1=0.475665, auc=0.950187, bac=0.566701, sens=0.566701, spec=0.961007
Epoch [322/500] Loss=0.243184 Acc=0.924139
epoch 323 test: acc=0.777491, f1=0.456838, auc=0.928429, bac=0.561301, sens=0.561301, spec=0.960906
epoch 323 val: acc=0.786488, f1=0.468430, auc=0.950151, bac=0.568307, sens=0.568307, spec=0.961242
Epoch [323/500] Loss=0.244470 Acc=0.923482
epoch 324 test: acc=0.783170, f1=0.465026, auc=0.930053, bac=0.562793, sens=0.562793, spec=0.961253
epoch 324 val: acc=0.789582, f1=0.477497, auc=0.950741, bac=0.568842, sens=0.568842, spec=0.961638
Epoch [324/500] Loss=0.241818 Acc=0.924819
epoch 325 test: acc=0.780589, f1=0.467755, auc=0.929531, bac=0.586052, sens=0.586052, spec=0.960983
epoch 325 val: acc=0.788551, f1=0.501078, auc=0.950420, bac=0.608378, sens=0.608378, spec=0.961482
Epoch [325/500] Loss=0.243808 Acc=0.924254
epoch 326 test: acc=0.785235, f1=0.472592, auc=0.930999, bac=0.587944, sens=0.587944, spec=0.961481
epoch 326 val: acc=0.789582, f1=0.473271, auc=0.951058, bac=0.567003, sens=0.567003, spec=0.961517
Epoch [326/500] Loss=0.241864 Acc=0.924644
epoch 327 test: acc=0.783686, f1=0.461317, auc=0.930060, bac=0.558540, sens=0.558540, spec=0.961559
epoch 327 val: acc=0.787004, f1=0.470584, auc=0.950333, bac=0.557329, sens=0.557329, spec=0.961290
Epoch [327/500] Loss=0.240162 Acc=0.925184
epoch 328 test: acc=0.781363, f1=0.461114, auc=0.929375, bac=0.557651, sens=0.557651, spec=0.961112
epoch 328 val: acc=0.786488, f1=0.479609, auc=0.949990, bac=0.573115, sens=0.573115, spec=0.961410
Epoch [328/500] Loss=0.241943 Acc=0.923929
epoch 329 test: acc=0.781105, f1=0.470261, auc=0.929409, bac=0.587238, sens=0.587238, spec=0.961114
epoch 329 val: acc=0.789067, f1=0.476609, auc=0.950569, bac=0.569075, sens=0.569075, spec=0.961707
Epoch [329/500] Loss=0.241548 Acc=0.924624
epoch 330 test: acc=0.783686, f1=0.464992, auc=0.930011, bac=0.562540, sens=0.562540, spec=0.961325
epoch 330 val: acc=0.787004, f1=0.475843, auc=0.950955, bac=0.566235, sens=0.566235, spec=0.960895
Epoch [330/500] Loss=0.241124 Acc=0.924979
epoch 331 test: acc=0.777749, f1=0.459392, auc=0.928812, bac=0.561373, sens=0.561373, spec=0.960902
epoch 331 val: acc=0.786488, f1=0.480946, auc=0.950351, bac=0.573823, sens=0.573823, spec=0.961315
Epoch [331/500] Loss=0.241186 Acc=0.924762
epoch 332 test: acc=0.786526, f1=0.467233, auc=0.930760, bac=0.565154, sens=0.565154, spec=0.961786
epoch 332 val: acc=0.789067, f1=0.473478, auc=0.951237, bac=0.567188, sens=0.567188, spec=0.961675
Epoch [332/500] Loss=0.238859 Acc=0.925931
epoch 333 test: acc=0.778265, f1=0.455481, auc=0.928351, bac=0.561140, sens=0.561140, spec=0.960798
epoch 333 val: acc=0.785456, f1=0.497061, auc=0.950691, bac=0.609447, sens=0.609447, spec=0.960953
Epoch [333/500] Loss=0.241001 Acc=0.924684
epoch 334 test: acc=0.783686, f1=0.462458, auc=0.930117, bac=0.557891, sens=0.557891, spec=0.961331
epoch 334 val: acc=0.788035, f1=0.472262, auc=0.950666, bac=0.558420, sens=0.558420, spec=0.961414
Epoch [334/500] Loss=0.239236 Acc=0.925766
epoch 335 test: acc=0.781363, f1=0.458916, auc=0.929161, bac=0.557406, sens=0.557406, spec=0.961088
epoch 335 val: acc=0.786488, f1=0.475999, auc=0.950449, bac=0.567930, sens=0.567930, spec=0.961302
Epoch [335/500] Loss=0.238380 Acc=0.925824
epoch 336 test: acc=0.784977, f1=0.470741, auc=0.930716, bac=0.578925, sens=0.578925, spec=0.961623
epoch 336 val: acc=0.787004, f1=0.470350, auc=0.951161, bac=0.565621, sens=0.565621, spec=0.961171
Epoch [336/500] Loss=0.239007 Acc=0.925461
epoch 337 test: acc=0.782395, f1=0.464188, auc=0.929256, bac=0.562530, sens=0.562530, spec=0.961108
epoch 337 val: acc=0.785972, f1=0.477200, auc=0.950561, bac=0.567511, sens=0.567511, spec=0.960873
Epoch [337/500] Loss=0.239635 Acc=0.925411
epoch 338 test: acc=0.784977, f1=0.464651, auc=0.929774, bac=0.559436, sens=0.559436, spec=0.961600
epoch 338 val: acc=0.787519, f1=0.473622, auc=0.950897, bac=0.568737, sens=0.568737, spec=0.961198
Epoch [338/500] Loss=0.240354 Acc=0.925266
epoch 339 test: acc=0.775426, f1=0.455532, auc=0.927941, bac=0.561365, sens=0.561365, spec=0.960690
epoch 339 val: acc=0.785456, f1=0.473950, auc=0.950260, bac=0.566887, sens=0.566887, spec=0.961337
Epoch [339/500] Loss=0.238824 Acc=0.925266
epoch 340 test: acc=0.778007, f1=0.467095, auc=0.928968, bac=0.586105, sens=0.586105, spec=0.960671
epoch 340 val: acc=0.788035, f1=0.476995, auc=0.950148, bac=0.568834, sens=0.568834, spec=0.961641
Epoch [340/500] Loss=0.239595 Acc=0.925126
epoch 341 test: acc=0.784461, f1=0.470508, auc=0.929942, bac=0.588251, sens=0.588251, spec=0.961392
epoch 341 val: acc=0.785972, f1=0.473066, auc=0.950994, bac=0.566984, sens=0.566984, spec=0.960861
Epoch [341/500] Loss=0.237758 Acc=0.926124
epoch 342 test: acc=0.783428, f1=0.465404, auc=0.929889, bac=0.562535, sens=0.562535, spec=0.961177
epoch 342 val: acc=0.787519, f1=0.477656, auc=0.950990, bac=0.568085, sens=0.568085, spec=0.961225
Epoch [342/500] Loss=0.236770 Acc=0.925886
epoch 343 test: acc=0.783944, f1=0.468879, auc=0.930553, bac=0.582541, sens=0.582541, spec=0.961398
epoch 343 val: acc=0.787004, f1=0.494402, auc=0.951186, bac=0.599709, sens=0.599709, spec=0.961524
Epoch [343/500] Loss=0.236885 Acc=0.926469
epoch 344 test: acc=0.781363, f1=0.462046, auc=0.929840, bac=0.561195, sens=0.561195, spec=0.961088
epoch 344 val: acc=0.788551, f1=0.478080, auc=0.950784, bac=0.569780, sens=0.569780, spec=0.961705
Epoch [344/500] Loss=0.237387 Acc=0.925941
epoch 345 test: acc=0.781621, f1=0.461340, auc=0.929179, bac=0.561366, sens=0.561366, spec=0.961067
epoch 345 val: acc=0.790098, f1=0.480603, auc=0.951176, bac=0.570496, sens=0.570496, spec=0.961572
Epoch [345/500] Loss=0.238700 Acc=0.925711
epoch 346 test: acc=0.786009, f1=0.471408, auc=0.930708, bac=0.584681, sens=0.584681, spec=0.961651
epoch 346 val: acc=0.790098, f1=0.470299, auc=0.950734, bac=0.563290, sens=0.563290, spec=0.961372
Epoch [346/500] Loss=0.238729 Acc=0.925821
epoch 347 test: acc=0.781621, f1=0.471281, auc=0.929363, bac=0.587599, sens=0.587599, spec=0.961177
epoch 347 val: acc=0.789067, f1=0.478038, auc=0.950751, bac=0.568745, sens=0.568745, spec=0.961583
Epoch [347/500] Loss=0.235157 Acc=0.926476
epoch 348 test: acc=0.784719, f1=0.471625, auc=0.929717, bac=0.582852, sens=0.582852, spec=0.961410
epoch 348 val: acc=0.789582, f1=0.472757, auc=0.950686, bac=0.559607, sens=0.559607, spec=0.961905
Epoch [348/500] Loss=0.236348 Acc=0.927038
epoch 349 test: acc=0.783686, f1=0.468955, auc=0.930133, bac=0.584550, sens=0.584550, spec=0.961321
epoch 349 val: acc=0.788035, f1=0.473676, auc=0.950446, bac=0.567890, sens=0.567890, spec=0.961279
Epoch [349/500] Loss=0.235495 Acc=0.926851
epoch 350 test: acc=0.778782, f1=0.464799, auc=0.928799, bac=0.586518, sens=0.586518, spec=0.960890
epoch 350 val: acc=0.789067, f1=0.473305, auc=0.950311, bac=0.569075, sens=0.569075, spec=0.961863
Epoch [350/500] Loss=0.236001 Acc=0.926189
epoch 351 test: acc=0.778782, f1=0.457831, auc=0.928797, bac=0.555926, sens=0.555926, spec=0.960736
epoch 351 val: acc=0.787004, f1=0.476773, auc=0.950185, bac=0.567744, sens=0.567744, spec=0.961393
Epoch [351/500] Loss=0.235284 Acc=0.926361
epoch 352 test: acc=0.782912, f1=0.463922, auc=0.929757, bac=0.562768, sens=0.562768, spec=0.961284
epoch 352 val: acc=0.788551, f1=0.476916, auc=0.950799, bac=0.568695, sens=0.568695, spec=0.961400
Epoch [352/500] Loss=0.238169 Acc=0.925704
epoch 353 test: acc=0.778007, f1=0.459587, auc=0.928482, bac=0.560662, sens=0.560662, spec=0.960556
epoch 353 val: acc=0.784941, f1=0.475730, auc=0.950209, bac=0.567600, sens=0.567600, spec=0.960969
Epoch [353/500] Loss=0.235991 Acc=0.926596
epoch 354 test: acc=0.781363, f1=0.463968, auc=0.929446, bac=0.562901, sens=0.562901, spec=0.961141
epoch 354 val: acc=0.788551, f1=0.477528, auc=0.950582, bac=0.568318, sens=0.568318, spec=0.961473
Epoch [354/500] Loss=0.236741 Acc=0.925731
epoch 355 test: acc=0.785751, f1=0.471652, auc=0.929473, bac=0.588419, sens=0.588419, spec=0.961644
epoch 355 val: acc=0.788551, f1=0.475416, auc=0.951100, bac=0.569309, sens=0.569309, spec=0.961396
Epoch [355/500] Loss=0.235437 Acc=0.926886
epoch 356 test: acc=0.786267, f1=0.466548, auc=0.930173, bac=0.563426, sens=0.563426, spec=0.961654
epoch 356 val: acc=0.785456, f1=0.470700, auc=0.951368, bac=0.560758, sens=0.560758, spec=0.960591
Epoch [356/500] Loss=0.238267 Acc=0.925294
epoch 357 test: acc=0.781363, f1=0.465504, auc=0.929166, bac=0.582669, sens=0.582669, spec=0.961229
epoch 357 val: acc=0.788035, f1=0.467040, auc=0.950091, bac=0.559033, sens=0.559033, spec=0.961710
Epoch [357/500] Loss=0.234536 Acc=0.927321
epoch 358 test: acc=0.784202, f1=0.469018, auc=0.929562, bac=0.583651, sens=0.583651, spec=0.961433
epoch 358 val: acc=0.785972, f1=0.462598, auc=0.950358, bac=0.558031, sens=0.558031, spec=0.961298
Epoch [358/500] Loss=0.234073 Acc=0.927371
epoch 359 test: acc=0.783428, f1=0.468670, auc=0.929777, bac=0.582652, sens=0.582652, spec=0.961414
epoch 359 val: acc=0.788035, f1=0.471937, auc=0.950742, bac=0.558420, sens=0.558420, spec=0.961542
Epoch [359/500] Loss=0.231897 Acc=0.927481
epoch 360 test: acc=0.780847, f1=0.461507, auc=0.929152, bac=0.563638, sens=0.563638, spec=0.961131
epoch 360 val: acc=0.787519, f1=0.476350, auc=0.950312, bac=0.568124, sens=0.568124, spec=0.961578
Epoch [360/500] Loss=0.238904 Acc=0.925184
epoch 361 test: acc=0.783170, f1=0.473881, auc=0.929360, bac=0.589290, sens=0.589290, spec=0.961322
epoch 361 val: acc=0.787004, f1=0.476675, auc=0.950582, bac=0.567988, sens=0.567988, spec=0.961152
Epoch [361/500] Loss=0.235027 Acc=0.926284
epoch 362 test: acc=0.783428, f1=0.465994, auc=0.929440, bac=0.562964, sens=0.562964, spec=0.961285
epoch 362 val: acc=0.788551, f1=0.479368, auc=0.950908, bac=0.568931, sens=0.568931, spec=0.961567
Epoch [362/500] Loss=0.234982 Acc=0.926593
epoch 363 test: acc=0.782912, f1=0.464738, auc=0.929250, bac=0.562296, sens=0.562296, spec=0.961341
epoch 363 val: acc=0.788551, f1=0.478526, auc=0.950832, bac=0.568648, sens=0.568648, spec=0.961227
Epoch [363/500] Loss=0.236439 Acc=0.926509
epoch 364 test: acc=0.781363, f1=0.462790, auc=0.928576, bac=0.561906, sens=0.561906, spec=0.961033
epoch 364 val: acc=0.787519, f1=0.477232, auc=0.950697, bac=0.567558, sens=0.567558, spec=0.961336
Epoch [364/500] Loss=0.234287 Acc=0.926206
epoch 365 test: acc=0.782654, f1=0.471772, auc=0.929262, bac=0.588548, sens=0.588548, spec=0.961247
epoch 365 val: acc=0.786488, f1=0.476323, auc=0.950589, bac=0.567977, sens=0.567977, spec=0.961311
Epoch [365/500] Loss=0.234827 Acc=0.926471
epoch 366 test: acc=0.782395, f1=0.464336, auc=0.929487, bac=0.562671, sens=0.562671, spec=0.961106
epoch 366 val: acc=0.789067, f1=0.478086, auc=0.950610, bac=0.568942, sens=0.568942, spec=0.961684
Epoch [366/500] Loss=0.234126 Acc=0.926811
epoch 367 test: acc=0.785751, f1=0.471927, auc=0.929743, bac=0.583758, sens=0.583758, spec=0.961704
epoch 367 val: acc=0.789067, f1=0.473198, auc=0.951146, bac=0.559227, sens=0.559227, spec=0.961446
Epoch [367/500] Loss=0.233016 Acc=0.927188
epoch 368 test: acc=0.784977, f1=0.474555, auc=0.930306, bac=0.588820, sens=0.588820, spec=0.961584
epoch 368 val: acc=0.788551, f1=0.471750, auc=0.951123, bac=0.558469, sens=0.558469, spec=0.961740
Epoch [368/500] Loss=0.229298 Acc=0.928335
epoch 369 test: acc=0.785493, f1=0.462402, auc=0.930106, bac=0.557503, sens=0.557503, spec=0.961627
epoch 369 val: acc=0.785972, f1=0.472711, auc=0.951543, bac=0.566040, sens=0.566040, spec=0.960618
Epoch [369/500] Loss=0.233495 Acc=0.927708
epoch 370 test: acc=0.781105, f1=0.460868, auc=0.928824, bac=0.558503, sens=0.558503, spec=0.961108
epoch 370 val: acc=0.788035, f1=0.473767, auc=0.950299, bac=0.559316, sens=0.559316, spec=0.961498
Epoch [370/500] Loss=0.233895 Acc=0.927001
epoch 371 test: acc=0.784202, f1=0.466222, auc=0.929160, bac=0.562582, sens=0.562582, spec=0.961379
epoch 371 val: acc=0.789582, f1=0.479548, auc=0.951029, bac=0.569700, sens=0.569700, spec=0.961506
Epoch [371/500] Loss=0.231978 Acc=0.927251
epoch 372 test: acc=0.785493, f1=0.473616, auc=0.930173, bac=0.586340, sens=0.586340, spec=0.961656
epoch 372 val: acc=0.788551, f1=0.473290, auc=0.951177, bac=0.559327, sens=0.559327, spec=0.961486
Epoch [372/500] Loss=0.235092 Acc=0.926324
epoch 373 test: acc=0.781621, f1=0.460585, auc=0.929000, bac=0.558502, sens=0.558502, spec=0.961221
epoch 373 val: acc=0.788035, f1=0.472605, auc=0.950233, bac=0.559316, sens=0.559316, spec=0.961668
Epoch [373/500] Loss=0.233260 Acc=0.926371
epoch 374 test: acc=0.781363, f1=0.463405, auc=0.929032, bac=0.563759, sens=0.563759, spec=0.961137
epoch 374 val: acc=0.787519, f1=0.473047, auc=0.950656, bac=0.568085, sens=0.568085, spec=0.961365
Epoch [374/500] Loss=0.233610 Acc=0.926653
epoch 375 test: acc=0.786784, f1=0.467691, auc=0.929275, bac=0.564184, sens=0.564184, spec=0.961823
epoch 375 val: acc=0.789067, f1=0.479203, auc=0.950677, bac=0.569028, sens=0.569028, spec=0.961656
Epoch [375/500] Loss=0.234111 Acc=0.927148
epoch 376 test: acc=0.784461, f1=0.465979, auc=0.928936, bac=0.562324, sens=0.562324, spec=0.961475
epoch 376 val: acc=0.789582, f1=0.479726, auc=0.950785, bac=0.570069, sens=0.570069, spec=0.961500
Epoch [376/500] Loss=0.233390 Acc=0.926808
epoch 377 test: acc=0.786526, f1=0.473747, auc=0.929630, bac=0.584757, sens=0.584757, spec=0.961678
epoch 377 val: acc=0.785972, f1=0.471531, auc=0.951334, bac=0.557183, sens=0.557183, spec=0.960762
Epoch [377/500] Loss=0.230226 Acc=0.927758
epoch 378 test: acc=0.784461, f1=0.477816, auc=0.929276, bac=0.603563, sens=0.603563, spec=0.961507
epoch 378 val: acc=0.787004, f1=0.493824, auc=0.951108, bac=0.604128, sens=0.604128, spec=0.961018
Epoch [378/500] Loss=0.229403 Acc=0.928213
epoch 379 test: acc=0.780330, f1=0.459364, auc=0.929339, bac=0.561646, sens=0.561646, spec=0.960934
epoch 379 val: acc=0.785972, f1=0.478275, auc=0.951136, bac=0.568690, sens=0.568690, spec=0.960975
Epoch [379/500] Loss=0.231956 Acc=0.927243
epoch 380 test: acc=0.786267, f1=0.466718, auc=0.930032, bac=0.560018, sens=0.560018, spec=0.961535
epoch 380 val: acc=0.788551, f1=0.470308, auc=0.951388, bac=0.562802, sens=0.562802, spec=0.961246
Epoch [380/500] Loss=0.232288 Acc=0.927991
epoch 381 test: acc=0.782395, f1=0.459061, auc=0.928820, bac=0.556733, sens=0.556733, spec=0.961311
epoch 381 val: acc=0.787519, f1=0.470013, auc=0.950210, bac=0.555542, sens=0.555542, spec=0.961601
Epoch [381/500] Loss=0.232668 Acc=0.927238
epoch 382 test: acc=0.778265, f1=0.459335, auc=0.928188, bac=0.559440, sens=0.559440, spec=0.960829
epoch 382 val: acc=0.787519, f1=0.472444, auc=0.950095, bac=0.559793, sens=0.559793, spec=0.961586
Epoch [382/500] Loss=0.232940 Acc=0.926911
epoch 383 test: acc=0.783428, f1=0.473215, auc=0.929944, bac=0.587534, sens=0.587534, spec=0.961237
epoch 383 val: acc=0.787519, f1=0.469432, auc=0.951103, bac=0.555212, sens=0.555212, spec=0.961475
Epoch [383/500] Loss=0.229791 Acc=0.928155
epoch 384 test: acc=0.783428, f1=0.463486, auc=0.929025, bac=0.558818, sens=0.558818, spec=0.961344
epoch 384 val: acc=0.787519, f1=0.473456, auc=0.950670, bac=0.560076, sens=0.560076, spec=0.961455
Epoch [384/500] Loss=0.230989 Acc=0.927941
epoch 385 test: acc=0.783170, f1=0.462164, auc=0.928900, bac=0.562081, sens=0.562081, spec=0.961260
epoch 385 val: acc=0.788035, f1=0.478492, auc=0.950803, bac=0.569400, sens=0.569400, spec=0.961511
Epoch [385/500] Loss=0.232984 Acc=0.927341
epoch 386 test: acc=0.786009, f1=0.471763, auc=0.930198, bac=0.583378, sens=0.583378, spec=0.961734
epoch 386 val: acc=0.787519, f1=0.472492, auc=0.951402, bac=0.558040, sens=0.558040, spec=0.961219
Epoch [386/500] Loss=0.230565 Acc=0.928033
epoch 387 test: acc=0.782912, f1=0.465432, auc=0.928902, bac=0.563786, sens=0.563786, spec=0.961356
epoch 387 val: acc=0.790098, f1=0.480828, auc=0.951076, bac=0.570731, sens=0.570731, spec=0.961775
Epoch [387/500] Loss=0.229141 Acc=0.928245
epoch 388 test: acc=0.785493, f1=0.464739, auc=0.929950, bac=0.558329, sens=0.558329, spec=0.961511
epoch 388 val: acc=0.788551, f1=0.476782, auc=0.951888, bac=0.563702, sens=0.563702, spec=0.961473
Epoch [388/500] Loss=0.230286 Acc=0.927836
epoch 389 test: acc=0.782395, f1=0.468738, auc=0.928875, bac=0.581991, sens=0.581991, spec=0.961116
epoch 389 val: acc=0.788551, f1=0.469847, auc=0.951208, bac=0.554322, sens=0.554322, spec=0.961393
Epoch [389/500] Loss=0.227042 Acc=0.928648
epoch 390 test: acc=0.783428, f1=0.464246, auc=0.929204, bac=0.563892, sens=0.563892, spec=0.961431
epoch 390 val: acc=0.786488, f1=0.473783, auc=0.951006, bac=0.566335, sens=0.566335, spec=0.961227
Epoch [390/500] Loss=0.229003 Acc=0.928083
epoch 391 test: acc=0.785493, f1=0.465220, auc=0.929363, bac=0.559776, sens=0.559776, spec=0.961618
epoch 391 val: acc=0.790098, f1=0.476482, auc=0.950939, bac=0.569835, sens=0.569835, spec=0.961683
Epoch [391/500] Loss=0.229081 Acc=0.928198
epoch 392 test: acc=0.786267, f1=0.465079, auc=0.929257, bac=0.559229, sens=0.559229, spec=0.961630
epoch 392 val: acc=0.790614, f1=0.474881, auc=0.951668, bac=0.560414, sens=0.560414, spec=0.961909
Epoch [392/500] Loss=0.228050 Acc=0.928730
epoch 393 test: acc=0.789107, f1=0.477304, auc=0.930499, bac=0.586588, sens=0.586588, spec=0.962044
epoch 393 val: acc=0.790098, f1=0.477517, auc=0.951682, bac=0.565412, sens=0.565412, spec=0.961545
Epoch [393/500] Loss=0.229493 Acc=0.928630
epoch 394 test: acc=0.785493, f1=0.473186, auc=0.930154, bac=0.583851, sens=0.583851, spec=0.961700
epoch 394 val: acc=0.788551, f1=0.465351, auc=0.951426, bac=0.553811, sens=0.553811, spec=0.961503
Epoch [394/500] Loss=0.226773 Acc=0.929240
epoch 395 test: acc=0.780330, f1=0.470657, auc=0.928278, bac=0.588398, sens=0.588398, spec=0.961138
epoch 395 val: acc=0.787004, f1=0.471532, auc=0.950697, bac=0.559452, sens=0.559452, spec=0.961669
Epoch [395/500] Loss=0.229988 Acc=0.927801
epoch 396 test: acc=0.782395, f1=0.462339, auc=0.928697, bac=0.559071, sens=0.559071, spec=0.961294
epoch 396 val: acc=0.788035, f1=0.479542, auc=0.950790, bac=0.569777, sens=0.569777, spec=0.961383
Epoch [396/500] Loss=0.229137 Acc=0.927951
epoch 397 test: acc=0.785493, f1=0.479384, auc=0.929404, bac=0.605157, sens=0.605157, spec=0.961589
epoch 397 val: acc=0.788035, f1=0.473547, auc=0.950957, bac=0.566994, sens=0.566994, spec=0.961286
Epoch [397/500] Loss=0.228153 Acc=0.929148
epoch 398 test: acc=0.782654, f1=0.468794, auc=0.928923, bac=0.582770, sens=0.582770, spec=0.961319
epoch 398 val: acc=0.789067, f1=0.474366, auc=0.950888, bac=0.560406, sens=0.560406, spec=0.961665
Epoch [398/500] Loss=0.230181 Acc=0.927911
epoch 399 test: acc=0.784719, f1=0.460316, auc=0.929314, bac=0.555175, sens=0.555175, spec=0.961391
epoch 399 val: acc=0.790098, f1=0.479647, auc=0.950548, bac=0.569222, sens=0.569222, spec=0.961689
Epoch [399/500] Loss=0.227343 Acc=0.928215
epoch 400 test: acc=0.785751, f1=0.468391, auc=0.929153, bac=0.564754, sens=0.564754, spec=0.961571
epoch 400 val: acc=0.789067, f1=0.478908, auc=0.951132, bac=0.568745, sens=0.568745, spec=0.961302
Epoch [400/500] Loss=0.231478 Acc=0.927606
epoch 401 test: acc=0.785493, f1=0.474598, auc=0.929342, bac=0.600565, sens=0.600565, spec=0.961538
epoch 401 val: acc=0.789582, f1=0.495615, auc=0.951339, bac=0.604480, sens=0.604480, spec=0.961531
Epoch [401/500] Loss=0.227230 Acc=0.928923
epoch 402 test: acc=0.777749, f1=0.460393, auc=0.928242, bac=0.562372, sens=0.562372, spec=0.960651
epoch 402 val: acc=0.787519, f1=0.472751, auc=0.950495, bac=0.559879, sens=0.559879, spec=0.961590
Epoch [402/500] Loss=0.229404 Acc=0.927813
epoch 403 test: acc=0.786784, f1=0.465522, auc=0.929601, bac=0.559044, sens=0.559044, spec=0.961629
epoch 403 val: acc=0.791645, f1=0.481564, auc=0.951260, bac=0.569844, sens=0.569844, spec=0.961652
Epoch [403/500] Loss=0.227131 Acc=0.928628
epoch 404 test: acc=0.788074, f1=0.465816, auc=0.929448, bac=0.560238, sens=0.560238, spec=0.962003
epoch 404 val: acc=0.788551, f1=0.472250, auc=0.950815, bac=0.557903, sens=0.557903, spec=0.961506
Epoch [404/500] Loss=0.228256 Acc=0.928468
epoch 405 test: acc=0.786009, f1=0.467362, auc=0.929506, bac=0.564364, sens=0.564364, spec=0.961837
epoch 405 val: acc=0.790098, f1=0.481564, auc=0.950966, bac=0.571542, sens=0.571542, spec=0.961804
Epoch [405/500] Loss=0.225281 Acc=0.929300
epoch 406 test: acc=0.784719, f1=0.468408, auc=0.929342, bac=0.564838, sens=0.564838, spec=0.961455
epoch 406 val: acc=0.792161, f1=0.481948, auc=0.951155, bac=0.571977, sens=0.571977, spec=0.962114
Epoch [406/500] Loss=0.224705 Acc=0.929710
epoch 407 test: acc=0.783170, f1=0.465534, auc=0.928822, bac=0.562038, sens=0.562038, spec=0.961306
epoch 407 val: acc=0.790614, f1=0.481918, auc=0.951062, bac=0.571686, sens=0.571686, spec=0.961741
Epoch [407/500] Loss=0.227328 Acc=0.928858
epoch 408 test: acc=0.781621, f1=0.461151, auc=0.928387, bac=0.559687, sens=0.559687, spec=0.961064
epoch 408 val: acc=0.790098, f1=0.479369, auc=0.950760, bac=0.571259, sens=0.571259, spec=0.961840
Epoch [408/500] Loss=0.227390 Acc=0.928670
epoch 409 test: acc=0.786526, f1=0.476318, auc=0.929812, bac=0.588926, sens=0.588926, spec=0.961676
epoch 409 val: acc=0.789067, f1=0.465865, auc=0.951322, bac=0.554607, sens=0.554607, spec=0.961586
Epoch [409/500] Loss=0.227215 Acc=0.929105
epoch 410 test: acc=0.785751, f1=0.464937, auc=0.929727, bac=0.559660, sens=0.559660, spec=0.961632
epoch 410 val: acc=0.787004, f1=0.471899, auc=0.951268, bac=0.558508, sens=0.558508, spec=0.961262
Epoch [410/500] Loss=0.228318 Acc=0.928500
epoch 411 test: acc=0.787042, f1=0.477455, auc=0.929689, bac=0.590301, sens=0.590301, spec=0.961843
epoch 411 val: acc=0.787519, f1=0.476895, auc=0.951777, bac=0.565060, sens=0.565060, spec=0.961165
Epoch [411/500] Loss=0.226120 Acc=0.929115
epoch 412 test: acc=0.784461, f1=0.472831, auc=0.929295, bac=0.580083, sens=0.580083, spec=0.961450
epoch 412 val: acc=0.788035, f1=0.478686, auc=0.951347, bac=0.568268, sens=0.568268, spec=0.961388
Epoch [412/500] Loss=0.226007 Acc=0.929028
epoch 413 test: acc=0.785751, f1=0.464705, auc=0.929256, bac=0.556840, sens=0.556840, spec=0.961542
epoch 413 val: acc=0.791129, f1=0.476317, auc=0.951234, bac=0.561077, sens=0.561077, spec=0.961826
Epoch [413/500] Loss=0.227912 Acc=0.928978
epoch 414 test: acc=0.782654, f1=0.464605, auc=0.928367, bac=0.564595, sens=0.564595, spec=0.961246
epoch 414 val: acc=0.789067, f1=0.479045, auc=0.950758, bac=0.570734, sens=0.570734, spec=0.961793
Epoch [414/500] Loss=0.228858 Acc=0.927843
epoch 415 test: acc=0.784461, f1=0.471363, auc=0.928134, bac=0.580224, sens=0.580224, spec=0.961454
epoch 415 val: acc=0.789067, f1=0.479460, auc=0.950579, bac=0.569406, sens=0.569406, spec=0.961563
Epoch [415/500] Loss=0.225583 Acc=0.928763
epoch 416 test: acc=0.789365, f1=0.479195, auc=0.930230, bac=0.599844, sens=0.599844, spec=0.962176
epoch 416 val: acc=0.788035, f1=0.466281, auc=0.951360, bac=0.554940, sens=0.554940, spec=0.961300
Epoch [416/500] Loss=0.223427 Acc=0.929448
epoch 417 test: acc=0.787300, f1=0.474067, auc=0.929541, bac=0.584092, sens=0.584092, spec=0.961821
epoch 417 val: acc=0.789582, f1=0.475150, auc=0.951425, bac=0.560220, sens=0.560220, spec=0.961607
Epoch [417/500] Loss=0.226495 Acc=0.928863
epoch 418 test: acc=0.784202, f1=0.465219, auc=0.928693, bac=0.562393, sens=0.562393, spec=0.961477
epoch 418 val: acc=0.791129, f1=0.482849, auc=0.950866, bac=0.572066, sens=0.572066, spec=0.961927
Epoch [418/500] Loss=0.225817 Acc=0.928940
epoch 419 test: acc=0.783170, f1=0.465468, auc=0.928361, bac=0.562982, sens=0.562982, spec=0.961218
epoch 419 val: acc=0.789067, f1=0.479361, auc=0.950894, bac=0.569358, sens=0.569358, spec=0.961537
Epoch [419/500] Loss=0.223441 Acc=0.930112
epoch 420 test: acc=0.787558, f1=0.465225, auc=0.929092, bac=0.559496, sens=0.559496, spec=0.961802
epoch 420 val: acc=0.789067, f1=0.469742, auc=0.951218, bac=0.554607, sens=0.554607, spec=0.961693
Epoch [420/500] Loss=0.224996 Acc=0.929585
epoch 421 test: acc=0.786784, f1=0.469889, auc=0.929082, bac=0.564656, sens=0.564656, spec=0.961743
epoch 421 val: acc=0.789582, f1=0.480635, auc=0.951005, bac=0.570266, sens=0.570266, spec=0.961597
Epoch [421/500] Loss=0.223390 Acc=0.929697
epoch 422 test: acc=0.783686, f1=0.461485, auc=0.928199, bac=0.558583, sens=0.558583, spec=0.961239
epoch 422 val: acc=0.789067, f1=0.475906, auc=0.951543, bac=0.561019, sens=0.561019, spec=0.961531
Epoch [422/500] Loss=0.227779 Acc=0.928785
epoch 423 test: acc=0.784461, f1=0.467471, auc=0.928383, bac=0.563531, sens=0.563531, spec=0.961420
epoch 423 val: acc=0.789067, f1=0.479919, auc=0.951150, bac=0.569075, sens=0.569075, spec=0.961300
Epoch [423/500] Loss=0.224669 Acc=0.928730
epoch 424 test: acc=0.780589, f1=0.462847, auc=0.927796, bac=0.563802, sens=0.563802, spec=0.961020
epoch 424 val: acc=0.787004, f1=0.479659, auc=0.950536, bac=0.569215, sens=0.569215, spec=0.961225
Epoch [424/500] Loss=0.227772 Acc=0.928173
epoch 425 test: acc=0.789881, f1=0.469536, auc=0.929549, bac=0.560050, sens=0.560050, spec=0.961846
epoch 425 val: acc=0.791129, f1=0.477087, auc=0.951885, bac=0.564758, sens=0.564758, spec=0.961603
Epoch [425/500] Loss=0.223855 Acc=0.929518
epoch 426 test: acc=0.788849, f1=0.465622, auc=0.929765, bac=0.557069, sens=0.557069, spec=0.961906
epoch 426 val: acc=0.790098, f1=0.471489, auc=0.951210, bac=0.555941, sens=0.555941, spec=0.961487
Epoch [426/500] Loss=0.224881 Acc=0.929388
epoch 427 test: acc=0.782395, f1=0.465188, auc=0.928635, bac=0.562124, sens=0.562124, spec=0.961132
epoch 427 val: acc=0.789067, f1=0.479452, auc=0.950640, bac=0.570169, sens=0.570169, spec=0.961661
Epoch [427/500] Loss=0.224598 Acc=0.929105
epoch 428 test: acc=0.784461, f1=0.478846, auc=0.928266, bac=0.598706, sens=0.598706, spec=0.961361
epoch 428 val: acc=0.789067, f1=0.475817, auc=0.950981, bac=0.560084, sens=0.560084, spec=0.961286
Epoch [428/500] Loss=0.224457 Acc=0.929368
epoch 429 test: acc=0.782912, f1=0.470501, auc=0.929087, bac=0.585332, sens=0.585332, spec=0.961421
epoch 429 val: acc=0.789582, f1=0.474776, auc=0.950747, bac=0.560786, sens=0.560786, spec=0.961972
Epoch [429/500] Loss=0.223674 Acc=0.929525
epoch 430 test: acc=0.785751, f1=0.468491, auc=0.928826, bac=0.564886, sens=0.564886, spec=0.961548
epoch 430 val: acc=0.793192, f1=0.482492, auc=0.951144, bac=0.571511, sens=0.571511, spec=0.962362
Epoch [430/500] Loss=0.224028 Acc=0.929732
epoch 431 test: acc=0.782912, f1=0.470293, auc=0.928293, bac=0.583125, sens=0.583125, spec=0.961354
epoch 431 val: acc=0.789067, f1=0.473864, auc=0.950820, bac=0.560406, sens=0.560406, spec=0.961801
Epoch [431/500] Loss=0.225739 Acc=0.929118
epoch 432 test: acc=0.786526, f1=0.467934, auc=0.929097, bac=0.564037, sens=0.564037, spec=0.961715
epoch 432 val: acc=0.790614, f1=0.480467, auc=0.951118, bac=0.570498, sens=0.570498, spec=0.961770
Epoch [432/500] Loss=0.223501 Acc=0.929817
epoch 433 test: acc=0.788074, f1=0.474118, auc=0.929384, bac=0.584478, sens=0.584478, spec=0.961873
epoch 433 val: acc=0.791129, f1=0.473193, auc=0.951459, bac=0.556504, sens=0.556504, spec=0.961712
Epoch [433/500] Loss=0.223859 Acc=0.930050
epoch 434 test: acc=0.783944, f1=0.471663, auc=0.928994, bac=0.583154, sens=0.583154, spec=0.961233
epoch 434 val: acc=0.788551, f1=0.470286, auc=0.951072, bac=0.555358, sens=0.555358, spec=0.961712
Epoch [434/500] Loss=0.220623 Acc=0.930777
epoch 435 test: acc=0.790139, f1=0.467941, auc=0.929723, bac=0.557925, sens=0.557925, spec=0.962027
epoch 435 val: acc=0.791129, f1=0.506730, auc=0.951732, bac=0.612041, sens=0.612041, spec=0.961827
Epoch [435/500] Loss=0.224002 Acc=0.929897
epoch 436 test: acc=0.783686, f1=0.464296, auc=0.928346, bac=0.562277, sens=0.562277, spec=0.961393
epoch 436 val: acc=0.789582, f1=0.484184, auc=0.950919, bac=0.575499, sens=0.575499, spec=0.961487
Epoch [436/500] Loss=0.220678 Acc=0.930720
epoch 437 test: acc=0.783944, f1=0.462487, auc=0.928829, bac=0.562656, sens=0.562656, spec=0.961320
epoch 437 val: acc=0.789067, f1=0.477317, auc=0.951049, bac=0.570499, sens=0.570499, spec=0.961542
Epoch [437/500] Loss=0.222090 Acc=0.929837
epoch 438 test: acc=0.785235, f1=0.475687, auc=0.928863, bac=0.603997, sens=0.603997, spec=0.961368
epoch 438 val: acc=0.788551, f1=0.471551, auc=0.951116, bac=0.563698, sens=0.563698, spec=0.961458
Epoch [438/500] Loss=0.223186 Acc=0.929538
epoch 439 test: acc=0.783686, f1=0.462986, auc=0.928772, bac=0.558965, sens=0.558965, spec=0.961324
epoch 439 val: acc=0.790098, f1=0.480905, auc=0.950982, bac=0.570684, sens=0.570684, spec=0.961796
Epoch [439/500] Loss=0.225185 Acc=0.929383
epoch 440 test: acc=0.780072, f1=0.461958, auc=0.928109, bac=0.562852, sens=0.562852, spec=0.961031
epoch 440 val: acc=0.788035, f1=0.477046, auc=0.950819, bac=0.568513, sens=0.568513, spec=0.961547
Epoch [440/500] Loss=0.223932 Acc=0.929275
epoch 441 test: acc=0.786267, f1=0.465628, auc=0.929189, bac=0.558592, sens=0.558592, spec=0.961611
epoch 441 val: acc=0.790098, f1=0.480562, auc=0.951542, bac=0.570684, sens=0.570684, spec=0.961778
Epoch [441/500] Loss=0.222880 Acc=0.929775
epoch 442 test: acc=0.785235, f1=0.466284, auc=0.929048, bac=0.564039, sens=0.564039, spec=0.961544
epoch 442 val: acc=0.789067, f1=0.480398, auc=0.951761, bac=0.569924, sens=0.569924, spec=0.961400
Epoch [442/500] Loss=0.222858 Acc=0.930087
epoch 443 test: acc=0.786784, f1=0.482337, auc=0.928959, bac=0.601728, sens=0.601728, spec=0.961731
epoch 443 val: acc=0.791645, f1=0.504020, auc=0.951519, bac=0.612789, sens=0.612789, spec=0.961999
Epoch [443/500] Loss=0.223600 Acc=0.929600
epoch 444 test: acc=0.787042, f1=0.474211, auc=0.928923, bac=0.584350, sens=0.584350, spec=0.961609
epoch 444 val: acc=0.790098, f1=0.501299, auc=0.951086, bac=0.602414, sens=0.602414, spec=0.961562
Epoch [444/500] Loss=0.223982 Acc=0.929847
epoch 445 test: acc=0.780330, f1=0.458959, auc=0.927944, bac=0.556812, sens=0.556812, spec=0.960878
epoch 445 val: acc=0.789067, f1=0.483735, auc=0.950554, bac=0.576015, sens=0.576015, spec=0.961673
Epoch [445/500] Loss=0.221957 Acc=0.929528
epoch 446 test: acc=0.785235, f1=0.469921, auc=0.927973, bac=0.583845, sens=0.583845, spec=0.961501
epoch 446 val: acc=0.792161, f1=0.483112, auc=0.951214, bac=0.571733, sens=0.571733, spec=0.961952
Epoch [446/500] Loss=0.223336 Acc=0.929942
epoch 447 test: acc=0.788849, f1=0.468216, auc=0.929212, bac=0.559530, sens=0.559530, spec=0.961950
epoch 447 val: acc=0.792161, f1=0.479382, auc=0.952327, bac=0.562373, sens=0.562373, spec=0.961592
Epoch [447/500] Loss=0.221841 Acc=0.930480
epoch 448 test: acc=0.788332, f1=0.465586, auc=0.928905, bac=0.559924, sens=0.559924, spec=0.961861
epoch 448 val: acc=0.792161, f1=0.474674, auc=0.950764, bac=0.558122, sens=0.558122, spec=0.962206
Epoch [448/500] Loss=0.222466 Acc=0.930572
epoch 449 test: acc=0.781621, f1=0.460893, auc=0.927934, bac=0.558765, sens=0.558765, spec=0.961052
epoch 449 val: acc=0.788551, f1=0.474085, auc=0.950796, bac=0.559743, sens=0.559743, spec=0.961595
Epoch [449/500] Loss=0.224430 Acc=0.929205
epoch 450 test: acc=0.784719, f1=0.466193, auc=0.928470, bac=0.563796, sens=0.563796, spec=0.961536
epoch 450 val: acc=0.791645, f1=0.481997, auc=0.951139, bac=0.571833, sens=0.571833, spec=0.962032
Epoch [450/500] Loss=0.222136 Acc=0.929812
epoch 451 test: acc=0.786526, f1=0.468836, auc=0.928839, bac=0.563970, sens=0.563970, spec=0.961527
epoch 451 val: acc=0.788551, f1=0.473403, auc=0.951656, bac=0.558997, sens=0.558997, spec=0.961602
Epoch [451/500] Loss=0.222849 Acc=0.929985
epoch 452 test: acc=0.785235, f1=0.467871, auc=0.928910, bac=0.564774, sens=0.564774, spec=0.961548
epoch 452 val: acc=0.788035, f1=0.476386, auc=0.951398, bac=0.564874, sens=0.564874, spec=0.961153
Epoch [452/500] Loss=0.220977 Acc=0.930537
epoch 453 test: acc=0.787042, f1=0.477358, auc=0.928393, bac=0.580875, sens=0.580875, spec=0.961545
epoch 453 val: acc=0.790098, f1=0.477050, auc=0.950661, bac=0.566073, sens=0.566073, spec=0.961812
Epoch [453/500] Loss=0.222620 Acc=0.929345
epoch 454 test: acc=0.788591, f1=0.467296, auc=0.929071, bac=0.559930, sens=0.559930, spec=0.961955
epoch 454 val: acc=0.793708, f1=0.486907, auc=0.951516, bac=0.576314, sens=0.576314, spec=0.962188
Epoch [454/500] Loss=0.219577 Acc=0.930657
epoch 455 test: acc=0.788332, f1=0.480803, auc=0.929378, bac=0.588955, sens=0.588955, spec=0.961883
epoch 455 val: acc=0.789582, f1=0.466709, auc=0.951427, bac=0.554656, sens=0.554656, spec=0.961632
Epoch [455/500] Loss=0.220514 Acc=0.930982
epoch 456 test: acc=0.781879, f1=0.463559, auc=0.927832, bac=0.563451, sens=0.563451, spec=0.961190
epoch 456 val: acc=0.790614, f1=0.482475, auc=0.950605, bac=0.572582, sens=0.572582, spec=0.961993
Epoch [456/500] Loss=0.222732 Acc=0.929143
epoch 457 test: acc=0.789365, f1=0.475421, auc=0.929750, bac=0.584886, sens=0.584886, spec=0.961939
epoch 457 val: acc=0.790614, f1=0.471554, auc=0.951607, bac=0.559518, sens=0.559518, spec=0.961669
Epoch [457/500] Loss=0.218767 Acc=0.930890
epoch 458 test: acc=0.786526, f1=0.475418, auc=0.929213, bac=0.588663, sens=0.588663, spec=0.961658
epoch 458 val: acc=0.790098, f1=0.474496, auc=0.951584, bac=0.566308, sens=0.566308, spec=0.961682
Epoch [458/500] Loss=0.220892 Acc=0.930357
epoch 459 test: acc=0.785493, f1=0.465843, auc=0.928724, bac=0.562215, sens=0.562215, spec=0.961539
epoch 459 val: acc=0.790098, f1=0.502871, auc=0.951072, bac=0.612781, sens=0.612781, spec=0.961890
Epoch [459/500] Loss=0.220440 Acc=0.930575
epoch 460 test: acc=0.788332, f1=0.466589, auc=0.929269, bac=0.559316, sens=0.559316, spec=0.961860
epoch 460 val: acc=0.790614, f1=0.472584, auc=0.951238, bac=0.556038, sens=0.556038, spec=0.961662
Epoch [460/500] Loss=0.218409 Acc=0.931532
epoch 461 test: acc=0.786267, f1=0.462644, auc=0.928736, bac=0.558970, sens=0.558970, spec=0.961636
epoch 461 val: acc=0.791645, f1=0.474016, auc=0.951285, bac=0.557742, sens=0.557742, spec=0.962043
Epoch [461/500] Loss=0.218757 Acc=0.931324
epoch 462 test: acc=0.788849, f1=0.477241, auc=0.928826, bac=0.580479, sens=0.580479, spec=0.962047
epoch 462 val: acc=0.791645, f1=0.474620, auc=0.951469, bac=0.568201, sens=0.568201, spec=0.962079
Epoch [462/500] Loss=0.220013 Acc=0.930595
epoch 463 test: acc=0.783428, f1=0.479481, auc=0.927814, bac=0.601667, sens=0.601667, spec=0.961285
epoch 463 val: acc=0.786488, f1=0.465399, auc=0.950862, bac=0.555309, sens=0.555309, spec=0.961346
Epoch [463/500] Loss=0.222131 Acc=0.930062
epoch 464 test: acc=0.781621, f1=0.464236, auc=0.927311, bac=0.561837, sens=0.561837, spec=0.960939
epoch 464 val: acc=0.792677, f1=0.481290, auc=0.950405, bac=0.572735, sens=0.572735, spec=0.962084
Epoch [464/500] Loss=0.222390 Acc=0.929263
epoch 465 test: acc=0.791172, f1=0.477743, auc=0.929592, bac=0.585485, sens=0.585485, spec=0.962243
epoch 465 val: acc=0.795255, f1=0.480351, auc=0.952114, bac=0.563607, sens=0.563607, spec=0.962273
Epoch [465/500] Loss=0.219693 Acc=0.931007
epoch 466 test: acc=0.785493, f1=0.476471, auc=0.929295, bac=0.588874, sens=0.588874, spec=0.961626
epoch 466 val: acc=0.790098, f1=0.481380, auc=0.951465, bac=0.571259, sens=0.571259, spec=0.961901
Epoch [466/500] Loss=0.218980 Acc=0.930562
epoch 467 test: acc=0.788849, f1=0.481959, auc=0.929273, bac=0.599960, sens=0.599960, spec=0.961869
epoch 467 val: acc=0.792161, f1=0.481288, auc=0.951668, bac=0.571120, sens=0.571120, spec=0.961977
Epoch [467/500] Loss=0.217398 Acc=0.931202
epoch 468 test: acc=0.787300, f1=0.467833, auc=0.929216, bac=0.560281, sens=0.560281, spec=0.961701
epoch 468 val: acc=0.792677, f1=0.476915, auc=0.950979, bac=0.561895, sens=0.561895, spec=0.962190
Epoch [468/500] Loss=0.218496 Acc=0.931307
epoch 469 test: acc=0.791688, f1=0.488929, auc=0.929658, bac=0.601913, sens=0.601913, spec=0.962325
epoch 469 val: acc=0.793192, f1=0.476470, auc=0.952126, bac=0.557741, sens=0.557741, spec=0.962088
Epoch [469/500] Loss=0.215230 Acc=0.932582
epoch 470 test: acc=0.791430, f1=0.477467, auc=0.929559, bac=0.578883, sens=0.578883, spec=0.962092
epoch 470 val: acc=0.789582, f1=0.471766, auc=0.951615, bac=0.555514, sens=0.555514, spec=0.961624
Epoch [470/500] Loss=0.218120 Acc=0.931754
epoch 471 test: acc=0.790914, f1=0.480243, auc=0.929343, bac=0.581009, sens=0.581009, spec=0.962070
epoch 471 val: acc=0.791645, f1=0.471420, auc=0.951864, bac=0.555289, sens=0.555289, spec=0.961829
Epoch [471/500] Loss=0.218042 Acc=0.931377
epoch 472 test: acc=0.778523, f1=0.459771, auc=0.926600, bac=0.558372, sens=0.558372, spec=0.960617
epoch 472 val: acc=0.787004, f1=0.478697, auc=0.950448, bac=0.570244, sens=0.570244, spec=0.961143
Epoch [472/500] Loss=0.221572 Acc=0.930005
epoch 473 test: acc=0.785493, f1=0.468667, auc=0.928300, bac=0.564535, sens=0.564535, spec=0.961498
epoch 473 val: acc=0.792161, f1=0.474233, auc=0.951071, bac=0.557791, sens=0.557791, spec=0.961967
Epoch [473/500] Loss=0.220402 Acc=0.930522
epoch 474 test: acc=0.787042, f1=0.470035, auc=0.928420, bac=0.565133, sens=0.565133, spec=0.961658
epoch 474 val: acc=0.790614, f1=0.477555, auc=0.951194, bac=0.566453, sens=0.566453, spec=0.961644
Epoch [474/500] Loss=0.219947 Acc=0.930447
epoch 475 test: acc=0.787042, f1=0.471989, auc=0.927814, bac=0.580144, sens=0.580144, spec=0.961645
epoch 475 val: acc=0.790614, f1=0.475239, auc=0.951542, bac=0.563765, sens=0.563765, spec=0.961577
Epoch [475/500] Loss=0.219235 Acc=0.930810
epoch 476 test: acc=0.789881, f1=0.484794, auc=0.929589, bac=0.600658, sens=0.600658, spec=0.961919
epoch 476 val: acc=0.792677, f1=0.468996, auc=0.951688, bac=0.556096, sens=0.556096, spec=0.962085
Epoch [476/500] Loss=0.219144 Acc=0.930470
epoch 477 test: acc=0.787558, f1=0.474829, auc=0.928519, bac=0.585018, sens=0.585018, spec=0.961771
epoch 477 val: acc=0.790098, f1=0.471534, auc=0.951646, bac=0.555461, sens=0.555461, spec=0.961489
Epoch [477/500] Loss=0.219820 Acc=0.930682
epoch 478 test: acc=0.786526, f1=0.466983, auc=0.929269, bac=0.561795, sens=0.561795, spec=0.961638
epoch 478 val: acc=0.789582, f1=0.477452, auc=0.951448, bac=0.560775, sens=0.560775, spec=0.961674
Epoch [478/500] Loss=0.218180 Acc=0.930887
epoch 479 test: acc=0.788332, f1=0.478334, auc=0.929044, bac=0.585851, sens=0.585851, spec=0.961943
epoch 479 val: acc=0.791129, f1=0.472543, auc=0.951542, bac=0.560464, sens=0.560464, spec=0.961825
Epoch [479/500] Loss=0.219030 Acc=0.930950
epoch 480 test: acc=0.790914, f1=0.481890, auc=0.929689, bac=0.589483, sens=0.589483, spec=0.962125
epoch 480 val: acc=0.790614, f1=0.472812, auc=0.952715, bac=0.555708, sens=0.555708, spec=0.961402
Epoch [480/500] Loss=0.218614 Acc=0.931222
epoch 481 test: acc=0.787300, f1=0.466599, auc=0.929089, bac=0.560832, sens=0.560832, spec=0.961793
epoch 481 val: acc=0.792161, f1=0.475439, auc=0.951559, bac=0.559545, sens=0.559545, spec=0.961861
Epoch [481/500] Loss=0.218892 Acc=0.931087
epoch 482 test: acc=0.785751, f1=0.469408, auc=0.927908, bac=0.564706, sens=0.564706, spec=0.961505
epoch 482 val: acc=0.789067, f1=0.474221, auc=0.951073, bac=0.560603, sens=0.560603, spec=0.961685
Epoch [482/500] Loss=0.218754 Acc=0.931432
epoch 483 test: acc=0.783170, f1=0.462707, auc=0.927928, bac=0.559524, sens=0.559524, spec=0.961374
epoch 483 val: acc=0.789067, f1=0.476275, auc=0.950726, bac=0.562734, sens=0.562734, spec=0.961677
Epoch [483/500] Loss=0.219193 Acc=0.931344
epoch 484 test: acc=0.787816, f1=0.471404, auc=0.928213, bac=0.566033, sens=0.566033, spec=0.961858
epoch 484 val: acc=0.790614, f1=0.478714, auc=0.951182, bac=0.567876, sens=0.567876, spec=0.961530
Epoch [484/500] Loss=0.218560 Acc=0.931052
epoch 485 test: acc=0.788332, f1=0.480779, auc=0.929427, bac=0.589549, sens=0.589549, spec=0.961837
epoch 485 val: acc=0.793192, f1=0.470024, auc=0.951815, bac=0.557938, sens=0.557938, spec=0.962259
Epoch [485/500] Loss=0.215124 Acc=0.932374
epoch 486 test: acc=0.788849, f1=0.465799, auc=0.928967, bac=0.558965, sens=0.558965, spec=0.961681
epoch 486 val: acc=0.791129, f1=0.469691, auc=0.951818, bac=0.556418, sens=0.556418, spec=0.961610
Epoch [486/500] Loss=0.216955 Acc=0.931717
epoch 487 test: acc=0.782654, f1=0.467133, auc=0.927568, bac=0.574622, sens=0.574622, spec=0.961113
epoch 487 val: acc=0.788035, f1=0.471154, auc=0.951896, bac=0.555356, sens=0.555356, spec=0.961293
Epoch [487/500] Loss=0.218754 Acc=0.930642
epoch 488 test: acc=0.788591, f1=0.483615, auc=0.929297, bac=0.605004, sens=0.605004, spec=0.962003
epoch 488 val: acc=0.789067, f1=0.472303, auc=0.952247, bac=0.563709, sens=0.563709, spec=0.961419
Epoch [488/500] Loss=0.216270 Acc=0.932062
epoch 489 test: acc=0.779814, f1=0.464347, auc=0.927742, bac=0.562689, sens=0.562689, spec=0.960908
epoch 489 val: acc=0.791645, f1=0.481183, auc=0.951048, bac=0.573587, sens=0.573587, spec=0.962073
Epoch [489/500] Loss=0.220517 Acc=0.930670
epoch 490 test: acc=0.790139, f1=0.484044, auc=0.929253, bac=0.600466, sens=0.600466, spec=0.961811
epoch 490 val: acc=0.791645, f1=0.468344, auc=0.951951, bac=0.554723, sens=0.554723, spec=0.961603
Epoch [490/500] Loss=0.215860 Acc=0.931532
epoch 491 test: acc=0.785751, f1=0.475589, auc=0.928345, bac=0.584838, sens=0.584838, spec=0.961647
epoch 491 val: acc=0.789582, f1=0.472490, auc=0.951144, bac=0.557023, sens=0.557023, spec=0.961645
Epoch [491/500] Loss=0.218510 Acc=0.931559
epoch 492 test: acc=0.790914, f1=0.471749, auc=0.929150, bac=0.565739, sens=0.565739, spec=0.962147
epoch 492 val: acc=0.793192, f1=0.479739, auc=0.951293, bac=0.566608, sens=0.566608, spec=0.961876
Epoch [492/500] Loss=0.216853 Acc=0.931532
epoch 493 test: acc=0.789881, f1=0.479564, auc=0.929030, bac=0.586875, sens=0.586875, spec=0.961866
epoch 493 val: acc=0.794224, f1=0.479684, auc=0.951797, bac=0.563130, sens=0.563130, spec=0.961921
Epoch [493/500] Loss=0.216942 Acc=0.931872
epoch 494 test: acc=0.786784, f1=0.468390, auc=0.929241, bac=0.559099, sens=0.559099, spec=0.961541
epoch 494 val: acc=0.790614, f1=0.478015, auc=0.951689, bac=0.563016, sens=0.563016, spec=0.961750
Epoch [494/500] Loss=0.215854 Acc=0.932284
epoch 495 test: acc=0.787300, f1=0.471255, auc=0.927770, bac=0.564753, sens=0.564753, spec=0.961797
epoch 495 val: acc=0.789067, f1=0.471358, auc=0.951381, bac=0.562616, sens=0.562616, spec=0.961220
Epoch [495/500] Loss=0.217339 Acc=0.931082
epoch 496 test: acc=0.787558, f1=0.474485, auc=0.928151, bac=0.576397, sens=0.576397, spec=0.961818
epoch 496 val: acc=0.792677, f1=0.477239, auc=0.951287, bac=0.562556, sens=0.562556, spec=0.962201
Epoch [496/500] Loss=0.216840 Acc=0.931377
epoch 497 test: acc=0.787300, f1=0.466004, auc=0.929271, bac=0.559220, sens=0.559220, spec=0.961722
epoch 497 val: acc=0.792161, f1=0.474312, auc=0.951785, bac=0.557264, sens=0.557264, spec=0.961961
Epoch [497/500] Loss=0.213247 Acc=0.932577
epoch 498 test: acc=0.783170, f1=0.463177, auc=0.928225, bac=0.558651, sens=0.558651, spec=0.961108
epoch 498 val: acc=0.789067, f1=0.471622, auc=0.951049, bac=0.556069, sens=0.556069, spec=0.961769
Epoch [498/500] Loss=0.215979 Acc=0.931747
epoch 499 test: acc=0.791430, f1=0.471844, auc=0.928657, bac=0.565482, sens=0.565482, spec=0.962322
epoch 499 val: acc=0.793192, f1=0.480893, auc=0.951869, bac=0.567504, sens=0.567504, spec=0.962089
Epoch [499/500] Loss=0.217262 Acc=0.931632
Best val acc=0.795255, best test acc=0.791688
