Stage2 start: 2026-02-05 10:20:24
epoch 0 test: acc=0.676045, f1=0.316972, auc=0.850801, bac=0.431848, sens=0.431848, spec=0.941500
epoch 0 val: acc=0.681279, f1=0.322613, auc=0.835628, bac=0.497581, sens=0.497581, spec=0.942514
Epoch [0/500] Loss=1.831497 Acc=0.367780
epoch 1 test: acc=0.701342, f1=0.351315, auc=0.893284, bac=0.474014, sens=0.474014, spec=0.948216
epoch 1 val: acc=0.709644, f1=0.378232, auc=0.894015, bac=0.510655, sens=0.510655, spec=0.948391
Epoch [1/500] Loss=1.448648 Acc=0.609890
epoch 2 test: acc=0.705731, f1=0.370493, auc=0.906307, bac=0.545902, sens=0.545902, spec=0.950112
epoch 2 val: acc=0.711707, f1=0.395382, auc=0.908584, bac=0.549132, sens=0.549132, spec=0.950765
Epoch [2/500] Loss=1.237927 Acc=0.696842
epoch 3 test: acc=0.706763, f1=0.379034, auc=0.912635, bac=0.567096, sens=0.567096, spec=0.950781
epoch 3 val: acc=0.714286, f1=0.397804, auc=0.915899, bac=0.549301, sens=0.549301, spec=0.951959
Epoch [3/500] Loss=1.106365 Acc=0.734805
epoch 4 test: acc=0.706505, f1=0.380687, auc=0.916924, bac=0.573946, sens=0.573946, spec=0.951070
epoch 4 val: acc=0.717896, f1=0.405205, auc=0.919352, bac=0.563533, sens=0.563533, spec=0.952498
Epoch [4/500] Loss=1.007171 Acc=0.754391
epoch 5 test: acc=0.703924, f1=0.381294, auc=0.918723, bac=0.575272, sens=0.575272, spec=0.950894
epoch 5 val: acc=0.717896, f1=0.409513, auc=0.922093, bac=0.606848, sens=0.606848, spec=0.953094
Epoch [5/500] Loss=0.939802 Acc=0.766510
epoch 6 test: acc=0.705472, f1=0.383261, auc=0.921063, bac=0.576440, sens=0.576440, spec=0.951161
epoch 6 val: acc=0.722537, f1=0.410500, auc=0.924638, bac=0.607702, sens=0.607702, spec=0.953589
Epoch [6/500] Loss=0.882392 Acc=0.775894
epoch 7 test: acc=0.707279, f1=0.381179, auc=0.922153, bac=0.570459, sens=0.570459, spec=0.951383
epoch 7 val: acc=0.723569, f1=0.414116, auc=0.926298, bac=0.610177, sens=0.610177, spec=0.953701
Epoch [7/500] Loss=0.842354 Acc=0.783289
epoch 8 test: acc=0.712442, f1=0.385547, auc=0.924263, bac=0.573584, sens=0.573584, spec=0.952325
epoch 8 val: acc=0.728726, f1=0.417423, auc=0.928926, bac=0.613098, sens=0.613098, spec=0.954509
Epoch [8/500] Loss=0.809935 Acc=0.789212
epoch 9 test: acc=0.710893, f1=0.385981, auc=0.924649, bac=0.576241, sens=0.576241, spec=0.951929
epoch 9 val: acc=0.731305, f1=0.422083, auc=0.929921, bac=0.620892, sens=0.620892, spec=0.955305
Epoch [9/500] Loss=0.778877 Acc=0.794583
epoch 10 test: acc=0.715539, f1=0.388167, auc=0.925920, bac=0.574677, sens=0.574677, spec=0.952508
epoch 10 val: acc=0.732336, f1=0.421920, auc=0.930629, bac=0.620803, sens=0.620803, spec=0.955340
Epoch [10/500] Loss=0.753459 Acc=0.799099
epoch 11 test: acc=0.717605, f1=0.393115, auc=0.926754, bac=0.582669, sens=0.582669, spec=0.953007
epoch 11 val: acc=0.732336, f1=0.423064, auc=0.931647, bac=0.621699, sens=0.621699, spec=0.955321
Epoch [11/500] Loss=0.726302 Acc=0.805297
epoch 12 test: acc=0.716572, f1=0.395273, auc=0.926860, bac=0.583989, sens=0.583989, spec=0.952991
epoch 12 val: acc=0.732336, f1=0.422954, auc=0.931705, bac=0.625749, sens=0.625749, spec=0.955441
Epoch [12/500] Loss=0.712499 Acc=0.806962
epoch 13 test: acc=0.724574, f1=0.401577, auc=0.928010, bac=0.588403, sens=0.588403, spec=0.954268
epoch 13 val: acc=0.733883, f1=0.425171, auc=0.933243, bac=0.626936, sens=0.626936, spec=0.955287
Epoch [13/500] Loss=0.695487 Acc=0.811355
epoch 14 test: acc=0.723542, f1=0.401335, auc=0.928486, bac=0.589184, sens=0.589184, spec=0.954160
epoch 14 val: acc=0.733368, f1=0.425159, auc=0.933393, bac=0.627122, sens=0.627122, spec=0.955085
Epoch [14/500] Loss=0.675000 Acc=0.815114
epoch 15 test: acc=0.724058, f1=0.402828, auc=0.928789, bac=0.589540, sens=0.589540, spec=0.954189
epoch 15 val: acc=0.736978, f1=0.428466, auc=0.933992, bac=0.629790, sens=0.629790, spec=0.955774
Epoch [15/500] Loss=0.658757 Acc=0.818328
epoch 16 test: acc=0.726897, f1=0.404711, auc=0.929784, bac=0.590762, sens=0.590762, spec=0.954637
epoch 16 val: acc=0.733883, f1=0.428128, auc=0.934726, bac=0.629500, sens=0.629500, spec=0.954832
Epoch [16/500] Loss=0.646665 Acc=0.820210
epoch 17 test: acc=0.726123, f1=0.405623, auc=0.929817, bac=0.592365, sens=0.592365, spec=0.954564
epoch 17 val: acc=0.733883, f1=0.425891, auc=0.935099, bac=0.627502, sens=0.627502, spec=0.954972
Epoch [17/500] Loss=0.632564 Acc=0.822079
epoch 18 test: acc=0.727414, f1=0.405815, auc=0.930358, bac=0.591166, sens=0.591166, spec=0.954597
epoch 18 val: acc=0.734915, f1=0.428066, auc=0.935250, bac=0.629364, sens=0.629364, spec=0.955085
Epoch [18/500] Loss=0.622120 Acc=0.826521
epoch 19 test: acc=0.728704, f1=0.407592, auc=0.930072, bac=0.592894, sens=0.592894, spec=0.954849
epoch 19 val: acc=0.736462, f1=0.427929, auc=0.936045, bac=0.631974, sens=0.631974, spec=0.955562
Epoch [19/500] Loss=0.612428 Acc=0.827770
epoch 20 test: acc=0.731802, f1=0.410886, auc=0.931276, bac=0.594193, sens=0.594193, spec=0.955153
epoch 20 val: acc=0.737494, f1=0.430662, auc=0.936457, bac=0.631320, sens=0.631320, spec=0.955425
Epoch [20/500] Loss=0.602776 Acc=0.831059
epoch 21 test: acc=0.732576, f1=0.409899, auc=0.931569, bac=0.594381, sens=0.594381, spec=0.955253
epoch 21 val: acc=0.738009, f1=0.434660, auc=0.937110, bac=0.641501, sens=0.641501, spec=0.955482
Epoch [21/500] Loss=0.595480 Acc=0.833278
epoch 22 test: acc=0.731544, f1=0.409976, auc=0.931325, bac=0.595327, sens=0.595327, spec=0.955175
epoch 22 val: acc=0.738009, f1=0.435253, auc=0.937235, bac=0.642397, sens=0.642397, spec=0.955476
Epoch [22/500] Loss=0.586966 Acc=0.834041
epoch 23 test: acc=0.732060, f1=0.412008, auc=0.931720, bac=0.598852, sens=0.598852, spec=0.955343
epoch 23 val: acc=0.740588, f1=0.438166, auc=0.937270, bac=0.644872, sens=0.644872, spec=0.955933
Epoch [23/500] Loss=0.575092 Acc=0.837287
epoch 24 test: acc=0.731544, f1=0.412412, auc=0.931662, bac=0.598472, sens=0.598472, spec=0.955221
epoch 24 val: acc=0.739556, f1=0.439969, auc=0.937154, bac=0.645818, sens=0.645818, spec=0.955932
Epoch [24/500] Loss=0.571166 Acc=0.836717
epoch 25 test: acc=0.732834, f1=0.413844, auc=0.931811, bac=0.598857, sens=0.598857, spec=0.955337
epoch 25 val: acc=0.744198, f1=0.440839, auc=0.937568, bac=0.647257, sens=0.647257, spec=0.956554
Epoch [25/500] Loss=0.561916 Acc=0.838127
epoch 26 test: acc=0.731544, f1=0.412188, auc=0.932363, bac=0.597836, sens=0.597836, spec=0.955149
epoch 26 val: acc=0.742135, f1=0.442084, auc=0.938157, bac=0.645973, sens=0.645973, spec=0.956110
Epoch [26/500] Loss=0.556824 Acc=0.840181
epoch 27 test: acc=0.735416, f1=0.416065, auc=0.932635, bac=0.603409, sens=0.603409, spec=0.955675
epoch 27 val: acc=0.748324, f1=0.447539, auc=0.938594, bac=0.649543, sens=0.649543, spec=0.957066
Epoch [27/500] Loss=0.551693 Acc=0.841316
epoch 28 test: acc=0.737997, f1=0.416511, auc=0.933456, bac=0.598970, sens=0.598970, spec=0.955911
epoch 28 val: acc=0.747808, f1=0.447453, auc=0.938945, bac=0.648880, sens=0.648880, spec=0.956740
Epoch [28/500] Loss=0.540185 Acc=0.846127
epoch 29 test: acc=0.737739, f1=0.417316, auc=0.933381, bac=0.604109, sens=0.604109, spec=0.955922
epoch 29 val: acc=0.747292, f1=0.447296, auc=0.939160, bac=0.649066, sens=0.649066, spec=0.956780
Epoch [29/500] Loss=0.538076 Acc=0.846322
epoch 30 test: acc=0.736448, f1=0.417804, auc=0.932955, bac=0.604597, sens=0.604597, spec=0.955860
epoch 30 val: acc=0.744198, f1=0.443969, auc=0.938932, bac=0.647013, sens=0.647013, spec=0.956385
Epoch [30/500] Loss=0.531819 Acc=0.845507
epoch 31 test: acc=0.739029, f1=0.420788, auc=0.933666, bac=0.605248, sens=0.605248, spec=0.955926
epoch 31 val: acc=0.749871, f1=0.449393, auc=0.939848, bac=0.650117, sens=0.650117, spec=0.957377
Epoch [31/500] Loss=0.527686 Acc=0.848084
epoch 32 test: acc=0.737223, f1=0.419563, auc=0.933352, bac=0.606025, sens=0.606025, spec=0.955882
epoch 32 val: acc=0.746777, f1=0.447496, auc=0.939790, bac=0.649770, sens=0.649770, spec=0.956935
Epoch [32/500] Loss=0.523067 Acc=0.848833
epoch 33 test: acc=0.739546, f1=0.416879, auc=0.933705, bac=0.592903, sens=0.592903, spec=0.956267
epoch 33 val: acc=0.749355, f1=0.449954, auc=0.939912, bac=0.650869, sens=0.650869, spec=0.957258
Epoch [33/500] Loss=0.517361 Acc=0.849471
epoch 34 test: acc=0.740578, f1=0.422733, auc=0.933608, bac=0.608980, sens=0.608980, spec=0.956390
epoch 34 val: acc=0.752450, f1=0.452780, auc=0.939544, bac=0.652677, sens=0.652677, spec=0.957574
Epoch [34/500] Loss=0.513804 Acc=0.850855
epoch 35 test: acc=0.739029, f1=0.416135, auc=0.934282, bac=0.591905, sens=0.591905, spec=0.956045
epoch 35 val: acc=0.751418, f1=0.451398, auc=0.940284, bac=0.651587, sens=0.651587, spec=0.957431
Epoch [35/500] Loss=0.509119 Acc=0.852257
epoch 36 test: acc=0.742127, f1=0.424486, auc=0.934522, bac=0.610510, sens=0.610510, spec=0.956428
epoch 36 val: acc=0.751418, f1=0.453470, auc=0.940500, bac=0.652531, sens=0.652531, spec=0.957151
Epoch [36/500] Loss=0.500253 Acc=0.855114
epoch 37 test: acc=0.740062, f1=0.418962, auc=0.933833, bac=0.595588, sens=0.595588, spec=0.956318
epoch 37 val: acc=0.750903, f1=0.452025, auc=0.940137, bac=0.651859, sens=0.651859, spec=0.957458
Epoch [37/500] Loss=0.501312 Acc=0.853617
epoch 38 test: acc=0.740836, f1=0.423265, auc=0.933953, bac=0.609529, sens=0.609529, spec=0.956087
epoch 38 val: acc=0.751418, f1=0.451526, auc=0.940469, bac=0.652200, sens=0.652200, spec=0.957572
Epoch [38/500] Loss=0.496938 Acc=0.854329
epoch 39 test: acc=0.742643, f1=0.419924, auc=0.934441, bac=0.595338, sens=0.595338, spec=0.956612
epoch 39 val: acc=0.753481, f1=0.458814, auc=0.940592, bac=0.653437, sens=0.653437, spec=0.957518
Epoch [39/500] Loss=0.490306 Acc=0.856563
epoch 40 test: acc=0.747548, f1=0.427453, auc=0.934833, bac=0.611714, sens=0.611714, spec=0.956929
epoch 40 val: acc=0.753997, f1=0.455903, auc=0.941146, bac=0.653817, sens=0.653817, spec=0.957720
Epoch [40/500] Loss=0.488275 Acc=0.858555
epoch 41 test: acc=0.745741, f1=0.428183, auc=0.934806, bac=0.614948, sens=0.614948, spec=0.956970
epoch 41 val: acc=0.753997, f1=0.454896, auc=0.941070, bac=0.654147, sens=0.654147, spec=0.957868
Epoch [41/500] Loss=0.481257 Acc=0.858745
epoch 42 test: acc=0.740836, f1=0.423349, auc=0.933854, bac=0.610622, sens=0.610622, spec=0.956492
epoch 42 val: acc=0.758638, f1=0.460209, auc=0.940414, bac=0.656474, sens=0.656474, spec=0.958561
Epoch [42/500] Loss=0.480208 Acc=0.858303
epoch 43 test: acc=0.747548, f1=0.424127, auc=0.935302, bac=0.596255, sens=0.596255, spec=0.957010
epoch 43 val: acc=0.758123, f1=0.462010, auc=0.941509, bac=0.656386, sens=0.656386, spec=0.958114
Epoch [43/500] Loss=0.477065 Acc=0.860702
epoch 44 test: acc=0.745225, f1=0.423152, auc=0.935116, bac=0.596743, sens=0.596743, spec=0.956822
epoch 44 val: acc=0.759670, f1=0.461205, auc=0.941320, bac=0.657243, sens=0.657243, spec=0.958600
Epoch [44/500] Loss=0.471423 Acc=0.861822
epoch 45 test: acc=0.748064, f1=0.423980, auc=0.935323, bac=0.596414, sens=0.596414, spec=0.957162
epoch 45 val: acc=0.759154, f1=0.466111, auc=0.941443, bac=0.657711, sens=0.657711, spec=0.958224
Epoch [45/500] Loss=0.469451 Acc=0.862656
epoch 46 test: acc=0.748322, f1=0.425470, auc=0.934879, bac=0.598423, sens=0.598423, spec=0.957401
epoch 46 val: acc=0.758123, f1=0.464652, auc=0.941554, bac=0.656103, sens=0.656103, spec=0.958385
Epoch [46/500] Loss=0.469726 Acc=0.861939
epoch 47 test: acc=0.750129, f1=0.424805, auc=0.936119, bac=0.597495, sens=0.597495, spec=0.957315
epoch 47 val: acc=0.761733, f1=0.468447, auc=0.942295, bac=0.658810, sens=0.658810, spec=0.958577
Epoch [47/500] Loss=0.465005 Acc=0.863786
epoch 48 test: acc=0.749097, f1=0.425804, auc=0.935221, bac=0.600152, sens=0.600152, spec=0.957660
epoch 48 val: acc=0.759670, f1=0.462835, auc=0.941429, bac=0.658100, sens=0.658100, spec=0.958689
Epoch [48/500] Loss=0.461710 Acc=0.864278
epoch 49 test: acc=0.749097, f1=0.425305, auc=0.935624, bac=0.598851, sens=0.598851, spec=0.957487
epoch 49 val: acc=0.760701, f1=0.464508, auc=0.942309, bac=0.658097, sens=0.658097, spec=0.958459
Epoch [49/500] Loss=0.458646 Acc=0.865436
epoch 50 test: acc=0.750129, f1=0.426851, auc=0.935832, bac=0.599815, sens=0.599815, spec=0.957521
epoch 50 val: acc=0.760701, f1=0.465174, auc=0.942513, bac=0.658333, sens=0.658333, spec=0.958440
Epoch [50/500] Loss=0.456800 Acc=0.865543
epoch 51 test: acc=0.749097, f1=0.423582, auc=0.936015, bac=0.574343, sens=0.574343, spec=0.957030
epoch 51 val: acc=0.761217, f1=0.466403, auc=0.942251, bac=0.658382, sens=0.658382, spec=0.958485
Epoch [51/500] Loss=0.456862 Acc=0.865501
epoch 52 test: acc=0.749871, f1=0.428423, auc=0.935322, bac=0.602052, sens=0.602052, spec=0.957566
epoch 52 val: acc=0.762764, f1=0.471025, auc=0.941647, bac=0.660993, sens=0.660993, spec=0.958928
Epoch [52/500] Loss=0.448841 Acc=0.867847
epoch 53 test: acc=0.752452, f1=0.430807, auc=0.936107, bac=0.602812, sens=0.602812, spec=0.957595
epoch 53 val: acc=0.761733, f1=0.470251, auc=0.942494, bac=0.659140, sens=0.659140, spec=0.958559
Epoch [53/500] Loss=0.446803 Acc=0.868989
epoch 54 test: acc=0.748838, f1=0.427346, auc=0.935169, bac=0.601697, sens=0.601697, spec=0.957546
epoch 54 val: acc=0.761733, f1=0.470052, auc=0.941572, bac=0.659753, sens=0.659753, spec=0.958562
Epoch [54/500] Loss=0.449935 Acc=0.866573
epoch 55 test: acc=0.752194, f1=0.429290, auc=0.935827, bac=0.602960, sens=0.602960, spec=0.957767
epoch 55 val: acc=0.766890, f1=0.469939, auc=0.942180, bac=0.661242, sens=0.661242, spec=0.959289
Epoch [55/500] Loss=0.446804 Acc=0.867395
epoch 56 test: acc=0.753227, f1=0.429349, auc=0.936240, bac=0.601542, sens=0.601542, spec=0.957859
epoch 56 val: acc=0.764312, f1=0.469931, auc=0.942949, bac=0.660144, sens=0.660144, spec=0.959184
Epoch [56/500] Loss=0.440822 Acc=0.870069
epoch 57 test: acc=0.755550, f1=0.432072, auc=0.936677, bac=0.603587, sens=0.603587, spec=0.958147
epoch 57 val: acc=0.764827, f1=0.469272, auc=0.942903, bac=0.659958, sens=0.659958, spec=0.959159
Epoch [57/500] Loss=0.440005 Acc=0.869954
epoch 58 test: acc=0.752969, f1=0.432535, auc=0.935830, bac=0.606350, sens=0.606350, spec=0.957993
epoch 58 val: acc=0.765859, f1=0.473440, auc=0.942424, bac=0.662179, sens=0.662179, spec=0.959582
Epoch [58/500] Loss=0.438203 Acc=0.870192
epoch 59 test: acc=0.757099, f1=0.436376, auc=0.936644, bac=0.608113, sens=0.608113, spec=0.958184
epoch 59 val: acc=0.765343, f1=0.472954, auc=0.943169, bac=0.660621, sens=0.660621, spec=0.959065
Epoch [59/500] Loss=0.431438 Acc=0.873431
epoch 60 test: acc=0.752969, f1=0.433956, auc=0.935753, bac=0.607557, sens=0.607557, spec=0.958022
epoch 60 val: acc=0.765859, f1=0.473626, auc=0.942571, bac=0.663037, sens=0.663037, spec=0.959700
Epoch [60/500] Loss=0.432077 Acc=0.872223
epoch 61 test: acc=0.757615, f1=0.435789, auc=0.936964, bac=0.607389, sens=0.607389, spec=0.958300
epoch 61 val: acc=0.767922, f1=0.474859, auc=0.943160, bac=0.662529, sens=0.662529, spec=0.959526
Epoch [61/500] Loss=0.428343 Acc=0.873823
epoch 62 test: acc=0.752710, f1=0.431675, auc=0.935477, bac=0.606589, sens=0.606589, spec=0.958252
epoch 62 val: acc=0.765859, f1=0.468901, auc=0.942764, bac=0.661566, sens=0.661566, spec=0.959623
Epoch [62/500] Loss=0.425771 Acc=0.872511
epoch 63 test: acc=0.755292, f1=0.432863, auc=0.936585, bac=0.582499, sens=0.582499, spec=0.958142
epoch 63 val: acc=0.767406, f1=0.478136, auc=0.943232, bac=0.663611, sens=0.663611, spec=0.959406
Epoch [63/500] Loss=0.425941 Acc=0.873191
epoch 64 test: acc=0.756066, f1=0.435827, auc=0.936568, bac=0.607899, sens=0.607899, spec=0.958300
epoch 64 val: acc=0.768437, f1=0.473146, auc=0.943893, bac=0.662099, sens=0.662099, spec=0.959738
Epoch [64/500] Loss=0.423829 Acc=0.874210
epoch 65 test: acc=0.754775, f1=0.436489, auc=0.936070, bac=0.608627, sens=0.608627, spec=0.958307
epoch 65 val: acc=0.766374, f1=0.474288, auc=0.943031, bac=0.663087, sens=0.663087, spec=0.959640
Epoch [65/500] Loss=0.424499 Acc=0.873535
epoch 66 test: acc=0.758131, f1=0.437421, auc=0.937080, bac=0.609235, sens=0.609235, spec=0.958717
epoch 66 val: acc=0.768953, f1=0.476052, auc=0.943774, bac=0.663855, sens=0.663855, spec=0.959898
Epoch [66/500] Loss=0.417685 Acc=0.875727
epoch 67 test: acc=0.755808, f1=0.436122, auc=0.936539, bac=0.608982, sens=0.608982, spec=0.958450
epoch 67 val: acc=0.767406, f1=0.476463, auc=0.943656, bac=0.664422, sens=0.664422, spec=0.959666
Epoch [67/500] Loss=0.418467 Acc=0.874170
epoch 68 test: acc=0.755034, f1=0.437048, auc=0.936571, bac=0.608700, sens=0.608700, spec=0.958081
epoch 68 val: acc=0.768953, f1=0.478124, auc=0.943533, bac=0.664468, sens=0.664468, spec=0.959859
Epoch [68/500] Loss=0.416279 Acc=0.876512
epoch 69 test: acc=0.759680, f1=0.439673, auc=0.936531, bac=0.611346, sens=0.611346, spec=0.958855
epoch 69 val: acc=0.768437, f1=0.476320, auc=0.943769, bac=0.664333, sens=0.664333, spec=0.959702
Epoch [69/500] Loss=0.414901 Acc=0.875875
epoch 70 test: acc=0.758131, f1=0.437563, auc=0.936884, bac=0.608123, sens=0.608123, spec=0.958621
epoch 70 val: acc=0.770500, f1=0.480499, auc=0.944117, bac=0.665004, sens=0.665004, spec=0.959978
Epoch [70/500] Loss=0.414954 Acc=0.876382
epoch 71 test: acc=0.757357, f1=0.436868, auc=0.936719, bac=0.608967, sens=0.608967, spec=0.958584
epoch 71 val: acc=0.771016, f1=0.480618, auc=0.944048, bac=0.666280, sens=0.666280, spec=0.960007
Epoch [71/500] Loss=0.410880 Acc=0.877089
epoch 72 test: acc=0.758647, f1=0.435047, auc=0.937004, bac=0.585465, sens=0.585465, spec=0.958645
epoch 72 val: acc=0.771532, f1=0.479921, auc=0.943767, bac=0.667187, sens=0.667187, spec=0.960228
Epoch [72/500] Loss=0.410654 Acc=0.877867
epoch 73 test: acc=0.757615, f1=0.438061, auc=0.936425, bac=0.610081, sens=0.610081, spec=0.958734
epoch 73 val: acc=0.768953, f1=0.477543, auc=0.943715, bac=0.665694, sens=0.665694, spec=0.959980
Epoch [73/500] Loss=0.406324 Acc=0.878241
epoch 74 test: acc=0.760454, f1=0.436468, auc=0.937197, bac=0.586069, sens=0.586069, spec=0.958870
epoch 74 val: acc=0.771532, f1=0.480964, auc=0.944268, bac=0.666338, sens=0.666338, spec=0.960096
Epoch [74/500] Loss=0.403270 Acc=0.880461
epoch 75 test: acc=0.759680, f1=0.438611, auc=0.937289, bac=0.610064, sens=0.610064, spec=0.958788
epoch 75 val: acc=0.772047, f1=0.480508, auc=0.944926, bac=0.667001, sens=0.667001, spec=0.960293
Epoch [75/500] Loss=0.403413 Acc=0.879853
epoch 76 test: acc=0.757099, f1=0.434266, auc=0.936650, bac=0.583114, sens=0.583114, spec=0.958335
epoch 76 val: acc=0.771016, f1=0.479368, auc=0.944345, bac=0.665752, sens=0.665752, spec=0.960137
Epoch [76/500] Loss=0.402710 Acc=0.879149
epoch 77 test: acc=0.759938, f1=0.441663, auc=0.937543, bac=0.610089, sens=0.610089, spec=0.958698
epoch 77 val: acc=0.773079, f1=0.484296, auc=0.944799, bac=0.666715, sens=0.666715, spec=0.960153
Epoch [77/500] Loss=0.401483 Acc=0.879836
epoch 78 test: acc=0.759422, f1=0.441656, auc=0.937242, bac=0.610850, sens=0.610850, spec=0.958682
epoch 78 val: acc=0.774626, f1=0.485915, auc=0.944273, bac=0.668751, sens=0.668751, spec=0.960473
Epoch [78/500] Loss=0.404443 Acc=0.879286
epoch 79 test: acc=0.758906, f1=0.441039, auc=0.936719, bac=0.611201, sens=0.611201, spec=0.958754
epoch 79 val: acc=0.771532, f1=0.481411, auc=0.943607, bac=0.667603, sens=0.667603, spec=0.960438
Epoch [79/500] Loss=0.399023 Acc=0.881013
epoch 80 test: acc=0.762003, f1=0.443269, auc=0.938088, bac=0.610981, sens=0.610981, spec=0.959133
epoch 80 val: acc=0.774626, f1=0.487137, auc=0.945002, bac=0.668948, sens=0.668948, spec=0.960648
Epoch [80/500] Loss=0.396208 Acc=0.880956
epoch 81 test: acc=0.762003, f1=0.439712, auc=0.937514, bac=0.586096, sens=0.586096, spec=0.959173
epoch 81 val: acc=0.774110, f1=0.484425, auc=0.944710, bac=0.667523, sens=0.667523, spec=0.960430
Epoch [81/500] Loss=0.393529 Acc=0.881828
epoch 82 test: acc=0.760196, f1=0.438421, auc=0.937144, bac=0.609874, sens=0.609874, spec=0.958972
epoch 82 val: acc=0.771532, f1=0.480078, auc=0.944262, bac=0.666132, sens=0.666132, spec=0.960442
Epoch [82/500] Loss=0.394025 Acc=0.881513
epoch 83 test: acc=0.763810, f1=0.441234, auc=0.938091, bac=0.586436, sens=0.586436, spec=0.959184
epoch 83 val: acc=0.777205, f1=0.488914, auc=0.945635, bac=0.668906, sens=0.668906, spec=0.960826
Epoch [83/500] Loss=0.393829 Acc=0.882255
epoch 84 test: acc=0.757357, f1=0.438862, auc=0.936613, bac=0.586816, sens=0.586816, spec=0.958574
epoch 84 val: acc=0.773079, f1=0.484021, auc=0.944012, bac=0.669365, sens=0.669365, spec=0.960543
Epoch [84/500] Loss=0.391894 Acc=0.882598
epoch 85 test: acc=0.762003, f1=0.439570, auc=0.937832, bac=0.586667, sens=0.586667, spec=0.959055
epoch 85 val: acc=0.773595, f1=0.484415, auc=0.944946, bac=0.668274, sens=0.668274, spec=0.960364
Epoch [85/500] Loss=0.386926 Acc=0.884742
epoch 86 test: acc=0.758906, f1=0.439714, auc=0.937238, bac=0.609608, sens=0.609608, spec=0.958928
epoch 86 val: acc=0.772563, f1=0.482886, auc=0.944765, bac=0.666609, sens=0.666609, spec=0.960700
Epoch [86/500] Loss=0.384276 Acc=0.884802
epoch 87 test: acc=0.762777, f1=0.439992, auc=0.937970, bac=0.586788, sens=0.586788, spec=0.959327
epoch 87 val: acc=0.775142, f1=0.486547, auc=0.945222, bac=0.669414, sens=0.669414, spec=0.960796
Epoch [87/500] Loss=0.383586 Acc=0.885189
epoch 88 test: acc=0.758647, f1=0.438759, auc=0.937297, bac=0.586153, sens=0.586153, spec=0.958851
epoch 88 val: acc=0.773595, f1=0.483982, auc=0.944930, bac=0.668840, sens=0.668840, spec=0.960839
Epoch [88/500] Loss=0.386693 Acc=0.883637
epoch 89 test: acc=0.762519, f1=0.441002, auc=0.938118, bac=0.586579, sens=0.586579, spec=0.959040
epoch 89 val: acc=0.776173, f1=0.486209, auc=0.945913, bac=0.668137, sens=0.668137, spec=0.960938
Epoch [89/500] Loss=0.383887 Acc=0.884619
epoch 90 test: acc=0.758906, f1=0.437456, auc=0.937157, bac=0.587900, sens=0.587900, spec=0.958908
epoch 90 val: acc=0.774110, f1=0.485929, auc=0.944529, bac=0.669550, sens=0.669550, spec=0.960897
Epoch [90/500] Loss=0.384059 Acc=0.884527
epoch 91 test: acc=0.759422, f1=0.440109, auc=0.937169, bac=0.587204, sens=0.587204, spec=0.958665
epoch 91 val: acc=0.775142, f1=0.484213, auc=0.945136, bac=0.666764, sens=0.666764, spec=0.961045
Epoch [91/500] Loss=0.381992 Acc=0.885237
epoch 92 test: acc=0.758647, f1=0.439501, auc=0.937107, bac=0.586649, sens=0.586649, spec=0.958611
epoch 92 val: acc=0.774626, f1=0.485217, auc=0.944863, bac=0.667894, sens=0.667894, spec=0.961099
Epoch [92/500] Loss=0.381704 Acc=0.884627
epoch 93 test: acc=0.762519, f1=0.442361, auc=0.937955, bac=0.588050, sens=0.588050, spec=0.959022
epoch 93 val: acc=0.777720, f1=0.488569, auc=0.945436, bac=0.671323, sens=0.671323, spec=0.961413
Epoch [93/500] Loss=0.377316 Acc=0.886716
epoch 94 test: acc=0.765359, f1=0.445657, auc=0.939098, bac=0.589268, sens=0.589268, spec=0.959347
epoch 94 val: acc=0.780815, f1=0.499049, auc=0.946437, bac=0.672801, sens=0.672801, spec=0.961510
Epoch [94/500] Loss=0.381349 Acc=0.885532
epoch 95 test: acc=0.760454, f1=0.443861, auc=0.937288, bac=0.613147, sens=0.613147, spec=0.959140
epoch 95 val: acc=0.774626, f1=0.484845, auc=0.944682, bac=0.668459, sens=0.668459, spec=0.961098
Epoch [95/500] Loss=0.378299 Acc=0.885514
epoch 96 test: acc=0.759938, f1=0.443150, auc=0.937312, bac=0.611824, sens=0.611824, spec=0.959002
epoch 96 val: acc=0.775142, f1=0.484441, auc=0.944840, bac=0.667943, sens=0.667943, spec=0.961190
Epoch [96/500] Loss=0.376942 Acc=0.885457
epoch 97 test: acc=0.765875, f1=0.444914, auc=0.938781, bac=0.588677, sens=0.588677, spec=0.959295
epoch 97 val: acc=0.779268, f1=0.493115, auc=0.946832, bac=0.669247, sens=0.669247, spec=0.961225
Epoch [97/500] Loss=0.375172 Acc=0.887613
epoch 98 test: acc=0.759938, f1=0.442631, auc=0.937193, bac=0.588984, sens=0.588984, spec=0.959053
epoch 98 val: acc=0.776173, f1=0.490606, auc=0.944878, bac=0.672172, sens=0.672172, spec=0.961266
Epoch [98/500] Loss=0.377324 Acc=0.885712
epoch 99 test: acc=0.764843, f1=0.443451, auc=0.937912, bac=0.589426, sens=0.589426, spec=0.959382
epoch 99 val: acc=0.776689, f1=0.486689, auc=0.945994, bac=0.668282, sens=0.668282, spec=0.961140
Epoch [99/500] Loss=0.370604 Acc=0.887928
epoch 100 test: acc=0.764843, f1=0.444002, auc=0.938462, bac=0.588935, sens=0.588935, spec=0.959227
epoch 100 val: acc=0.780815, f1=0.496750, auc=0.946234, bac=0.673414, sens=0.673414, spec=0.961778
Epoch [100/500] Loss=0.369842 Acc=0.889113
epoch 101 test: acc=0.761487, f1=0.442209, auc=0.937463, bac=0.589101, sens=0.589101, spec=0.959184
epoch 101 val: acc=0.778752, f1=0.492178, auc=0.945398, bac=0.672499, sens=0.672499, spec=0.961618
Epoch [101/500] Loss=0.369838 Acc=0.888906
epoch 102 test: acc=0.763294, f1=0.444346, auc=0.938203, bac=0.589969, sens=0.589969, spec=0.959110
epoch 102 val: acc=0.779783, f1=0.493386, auc=0.945941, bac=0.670609, sens=0.670609, spec=0.961789
Epoch [102/500] Loss=0.367711 Acc=0.889023
epoch 103 test: acc=0.760712, f1=0.439990, auc=0.937233, bac=0.586349, sens=0.586349, spec=0.958789
epoch 103 val: acc=0.774626, f1=0.485215, auc=0.945916, bac=0.667941, sens=0.667941, spec=0.960984
Epoch [103/500] Loss=0.366415 Acc=0.888466
epoch 104 test: acc=0.766133, f1=0.445093, auc=0.939059, bac=0.589602, sens=0.589602, spec=0.959580
epoch 104 val: acc=0.779783, f1=0.494085, auc=0.946620, bac=0.671947, sens=0.671947, spec=0.961437
Epoch [104/500] Loss=0.365728 Acc=0.889375
epoch 105 test: acc=0.763810, f1=0.443178, auc=0.938140, bac=0.588925, sens=0.588925, spec=0.959379
epoch 105 val: acc=0.778236, f1=0.490304, auc=0.945337, bac=0.670648, sens=0.670648, spec=0.961589
Epoch [105/500] Loss=0.365907 Acc=0.889380
epoch 106 test: acc=0.760712, f1=0.443037, auc=0.937139, bac=0.591397, sens=0.591397, spec=0.959182
epoch 106 val: acc=0.775658, f1=0.488794, auc=0.945025, bac=0.668984, sens=0.668984, spec=0.961324
Epoch [106/500] Loss=0.367410 Acc=0.887344
epoch 107 test: acc=0.766391, f1=0.445774, auc=0.938722, bac=0.588609, sens=0.588609, spec=0.959598
epoch 107 val: acc=0.782878, f1=0.501150, auc=0.946699, bac=0.672246, sens=0.672246, spec=0.961957
Epoch [107/500] Loss=0.364134 Acc=0.890225
epoch 108 test: acc=0.765101, f1=0.446118, auc=0.938288, bac=0.589408, sens=0.589408, spec=0.959330
epoch 108 val: acc=0.781331, f1=0.496988, auc=0.946184, bac=0.672285, sens=0.672285, spec=0.961848
Epoch [108/500] Loss=0.364006 Acc=0.890190
epoch 109 test: acc=0.764326, f1=0.445993, auc=0.938186, bac=0.590611, sens=0.590611, spec=0.959425
epoch 109 val: acc=0.778752, f1=0.491181, auc=0.945603, bac=0.672782, sens=0.672782, spec=0.961770
Epoch [109/500] Loss=0.361954 Acc=0.890405
epoch 110 test: acc=0.761745, f1=0.442567, auc=0.937885, bac=0.588230, sens=0.588230, spec=0.959099
epoch 110 val: acc=0.779268, f1=0.494558, auc=0.946357, bac=0.672840, sens=0.672840, spec=0.961831
Epoch [110/500] Loss=0.359984 Acc=0.890997
epoch 111 test: acc=0.765101, f1=0.443991, auc=0.938297, bac=0.588291, sens=0.588291, spec=0.959367
epoch 111 val: acc=0.779783, f1=0.495670, auc=0.946527, bac=0.671428, sens=0.671428, spec=0.961299
Epoch [111/500] Loss=0.361302 Acc=0.890170
epoch 112 test: acc=0.766133, f1=0.445713, auc=0.938669, bac=0.589338, sens=0.589338, spec=0.959630
epoch 112 val: acc=0.781331, f1=0.495627, auc=0.946566, bac=0.672606, sens=0.672606, spec=0.961990
Epoch [112/500] Loss=0.357411 Acc=0.892105
epoch 113 test: acc=0.764584, f1=0.445989, auc=0.938287, bac=0.589335, sens=0.589335, spec=0.959431
epoch 113 val: acc=0.778752, f1=0.494185, auc=0.946447, bac=0.672083, sens=0.672083, spec=0.961480
Epoch [113/500] Loss=0.360362 Acc=0.890410
epoch 114 test: acc=0.767940, f1=0.446341, auc=0.938719, bac=0.590763, sens=0.590763, spec=0.959828
epoch 114 val: acc=0.780299, f1=0.494971, auc=0.946489, bac=0.672129, sens=0.672129, spec=0.961850
Epoch [114/500] Loss=0.357749 Acc=0.891637
epoch 115 test: acc=0.762519, f1=0.444028, auc=0.937380, bac=0.589984, sens=0.589984, spec=0.959363
epoch 115 val: acc=0.777205, f1=0.492357, auc=0.945514, bac=0.672452, sens=0.672452, spec=0.961534
Epoch [115/500] Loss=0.357726 Acc=0.890670
epoch 116 test: acc=0.767424, f1=0.446225, auc=0.938892, bac=0.590317, sens=0.590317, spec=0.959754
epoch 116 val: acc=0.780815, f1=0.495341, auc=0.946691, bac=0.672226, sens=0.672226, spec=0.961919
Epoch [116/500] Loss=0.354438 Acc=0.892594
epoch 117 test: acc=0.768198, f1=0.447666, auc=0.939276, bac=0.589849, sens=0.589849, spec=0.959721
epoch 117 val: acc=0.781846, f1=0.500935, auc=0.946987, bac=0.673891, sens=0.673891, spec=0.961650
Epoch [117/500] Loss=0.355507 Acc=0.892562
epoch 118 test: acc=0.765875, f1=0.447945, auc=0.938390, bac=0.592529, sens=0.592529, spec=0.959940
epoch 118 val: acc=0.779783, f1=0.496791, auc=0.946163, bac=0.673259, sens=0.673259, spec=0.961883
Epoch [118/500] Loss=0.353073 Acc=0.892684
epoch 119 test: acc=0.766133, f1=0.446826, auc=0.938690, bac=0.590215, sens=0.590215, spec=0.959671
epoch 119 val: acc=0.780299, f1=0.496317, auc=0.946562, bac=0.672704, sens=0.672704, spec=0.961844
Epoch [119/500] Loss=0.354994 Acc=0.892764
epoch 120 test: acc=0.765101, f1=0.446373, auc=0.937964, bac=0.592467, sens=0.592467, spec=0.959602
epoch 120 val: acc=0.777720, f1=0.493144, auc=0.945700, bac=0.671691, sens=0.671691, spec=0.961593
Epoch [120/500] Loss=0.349565 Acc=0.893744
epoch 121 test: acc=0.765359, f1=0.443792, auc=0.938274, bac=0.588929, sens=0.588929, spec=0.959534
epoch 121 val: acc=0.779783, f1=0.492557, auc=0.946420, bac=0.672976, sens=0.672976, spec=0.961652
Epoch [121/500] Loss=0.351410 Acc=0.893047
epoch 122 test: acc=0.765359, f1=0.446655, auc=0.938500, bac=0.590781, sens=0.590781, spec=0.959627
epoch 122 val: acc=0.780299, f1=0.497477, auc=0.946349, bac=0.674261, sens=0.674261, spec=0.961870
Epoch [122/500] Loss=0.350628 Acc=0.892792
epoch 123 test: acc=0.766391, f1=0.448405, auc=0.937694, bac=0.592423, sens=0.592423, spec=0.959760
epoch 123 val: acc=0.778752, f1=0.495429, auc=0.946256, bac=0.671933, sens=0.671933, spec=0.961631
Epoch [123/500] Loss=0.350143 Acc=0.893052
epoch 124 test: acc=0.768456, f1=0.451168, auc=0.938942, bac=0.597062, sens=0.597062, spec=0.959990
epoch 124 val: acc=0.781846, f1=0.497722, auc=0.946719, bac=0.673647, sens=0.673647, spec=0.962170
Epoch [124/500] Loss=0.349743 Acc=0.893409
epoch 125 test: acc=0.767424, f1=0.447481, auc=0.938646, bac=0.591598, sens=0.591598, spec=0.959722
epoch 125 val: acc=0.782878, f1=0.500733, auc=0.946366, bac=0.674368, sens=0.674368, spec=0.962070
Epoch [125/500] Loss=0.346581 Acc=0.893712
epoch 126 test: acc=0.767682, f1=0.447865, auc=0.938901, bac=0.592236, sens=0.592236, spec=0.959766
epoch 126 val: acc=0.783394, f1=0.500777, auc=0.947191, bac=0.674748, sens=0.674748, spec=0.962389
Epoch [126/500] Loss=0.345818 Acc=0.895229
epoch 127 test: acc=0.765617, f1=0.447295, auc=0.938638, bac=0.592965, sens=0.592965, spec=0.959715
epoch 127 val: acc=0.781331, f1=0.498764, auc=0.946534, bac=0.674163, sens=0.674163, spec=0.962115
Epoch [127/500] Loss=0.346405 Acc=0.894094
epoch 128 test: acc=0.767682, f1=0.449209, auc=0.939132, bac=0.591911, sens=0.591911, spec=0.959803
epoch 128 val: acc=0.782878, f1=0.501846, auc=0.947210, bac=0.674934, sens=0.674934, spec=0.962175
Epoch [128/500] Loss=0.346555 Acc=0.894494
epoch 129 test: acc=0.767940, f1=0.451108, auc=0.938545, bac=0.593572, sens=0.593572, spec=0.959781
epoch 129 val: acc=0.782362, f1=0.501904, auc=0.946902, bac=0.675498, sens=0.675498, spec=0.962212
Epoch [129/500] Loss=0.348631 Acc=0.893612
epoch 130 test: acc=0.767682, f1=0.449134, auc=0.938682, bac=0.591930, sens=0.591930, spec=0.959892
epoch 130 val: acc=0.782878, f1=0.501940, auc=0.946533, bac=0.674651, sens=0.674651, spec=0.962177
Epoch [130/500] Loss=0.342535 Acc=0.895191
epoch 131 test: acc=0.765617, f1=0.448881, auc=0.937757, bac=0.592174, sens=0.592174, spec=0.959646
epoch 131 val: acc=0.781846, f1=0.498110, auc=0.946825, bac=0.674552, sens=0.674552, spec=0.962203
Epoch [131/500] Loss=0.343110 Acc=0.895703
epoch 132 test: acc=0.768198, f1=0.452044, auc=0.939358, bac=0.593088, sens=0.593088, spec=0.959932
epoch 132 val: acc=0.781846, f1=0.503912, auc=0.947005, bac=0.674740, sens=0.674740, spec=0.961885
Epoch [132/500] Loss=0.342433 Acc=0.895718
epoch 133 test: acc=0.764584, f1=0.446339, auc=0.937516, bac=0.593714, sens=0.593714, spec=0.959940
epoch 133 val: acc=0.778236, f1=0.490876, auc=0.945650, bac=0.672732, sens=0.672732, spec=0.961729
Epoch [133/500] Loss=0.342060 Acc=0.895468
epoch 134 test: acc=0.767166, f1=0.448912, auc=0.938436, bac=0.593280, sens=0.593280, spec=0.959934
epoch 134 val: acc=0.781331, f1=0.498806, auc=0.946676, bac=0.674407, sens=0.674407, spec=0.961983
Epoch [134/500] Loss=0.340353 Acc=0.895413
epoch 135 test: acc=0.769231, f1=0.449568, auc=0.938812, bac=0.592858, sens=0.592858, spec=0.959849
epoch 135 val: acc=0.783909, f1=0.503264, auc=0.947087, bac=0.674845, sens=0.674845, spec=0.962078
Epoch [135/500] Loss=0.341835 Acc=0.896261
epoch 136 test: acc=0.766908, f1=0.449301, auc=0.938250, bac=0.593109, sens=0.593109, spec=0.959813
epoch 136 val: acc=0.782878, f1=0.500805, auc=0.946901, bac=0.675595, sens=0.675595, spec=0.962199
Epoch [136/500] Loss=0.340169 Acc=0.896166
epoch 137 test: acc=0.770780, f1=0.453181, auc=0.939545, bac=0.593531, sens=0.593531, spec=0.960035
epoch 137 val: acc=0.785456, f1=0.504353, auc=0.947238, bac=0.676315, sens=0.676315, spec=0.962419
Epoch [137/500] Loss=0.337998 Acc=0.897993
epoch 138 test: acc=0.766908, f1=0.451233, auc=0.937558, bac=0.595457, sens=0.595457, spec=0.960012
epoch 138 val: acc=0.778752, f1=0.496071, auc=0.946191, bac=0.673356, sens=0.673356, spec=0.961650
Epoch [138/500] Loss=0.341585 Acc=0.894761
epoch 139 test: acc=0.768715, f1=0.452203, auc=0.938945, bac=0.593449, sens=0.593449, spec=0.960041
epoch 139 val: acc=0.782362, f1=0.503837, auc=0.946876, bac=0.675082, sens=0.675082, spec=0.961839
Epoch [139/500] Loss=0.340896 Acc=0.895733
epoch 140 test: acc=0.767424, f1=0.450384, auc=0.938349, bac=0.594285, sens=0.594285, spec=0.959879
epoch 140 val: acc=0.781331, f1=0.501938, auc=0.946645, bac=0.675304, sens=0.675304, spec=0.961954
Epoch [140/500] Loss=0.338082 Acc=0.896351
epoch 141 test: acc=0.766391, f1=0.451313, auc=0.937759, bac=0.597917, sens=0.597917, spec=0.959760
epoch 141 val: acc=0.780299, f1=0.500203, auc=0.946465, bac=0.674213, sens=0.674213, spec=0.961587
Epoch [141/500] Loss=0.336290 Acc=0.896728
epoch 142 test: acc=0.768198, f1=0.452270, auc=0.939030, bac=0.593738, sens=0.593738, spec=0.959729
epoch 142 val: acc=0.782878, f1=0.502978, auc=0.947648, bac=0.675462, sens=0.675462, spec=0.961926
Epoch [142/500] Loss=0.335827 Acc=0.897188
epoch 143 test: acc=0.768973, f1=0.451847, auc=0.938729, bac=0.594355, sens=0.594355, spec=0.959935
epoch 143 val: acc=0.782878, f1=0.502874, auc=0.946653, bac=0.675350, sens=0.675350, spec=0.962054
Epoch [143/500] Loss=0.332398 Acc=0.898487
epoch 144 test: acc=0.767940, f1=0.450692, auc=0.938488, bac=0.594731, sens=0.594731, spec=0.959960
epoch 144 val: acc=0.781331, f1=0.501061, auc=0.947468, bac=0.674690, sens=0.674690, spec=0.961847
Epoch [144/500] Loss=0.336985 Acc=0.896521
epoch 145 test: acc=0.768973, f1=0.452364, auc=0.938672, bac=0.594314, sens=0.594314, spec=0.960184
epoch 145 val: acc=0.782878, f1=0.503847, auc=0.947309, bac=0.674407, sens=0.674407, spec=0.962200
Epoch [145/500] Loss=0.334296 Acc=0.897363
epoch 146 test: acc=0.769747, f1=0.452818, auc=0.939251, bac=0.592790, sens=0.592790, spec=0.959877
epoch 146 val: acc=0.785972, f1=0.506592, auc=0.947734, bac=0.678363, sens=0.678363, spec=0.962336
Epoch [146/500] Loss=0.331965 Acc=0.898547
epoch 147 test: acc=0.767166, f1=0.450927, auc=0.938645, bac=0.593200, sens=0.593200, spec=0.959775
epoch 147 val: acc=0.782362, f1=0.502807, auc=0.947017, bac=0.676394, sens=0.676394, spec=0.962090
Epoch [147/500] Loss=0.333685 Acc=0.897375
epoch 148 test: acc=0.769747, f1=0.454077, auc=0.939086, bac=0.593973, sens=0.593973, spec=0.959963
epoch 148 val: acc=0.786488, f1=0.510790, auc=0.947237, bac=0.679356, sens=0.679356, spec=0.962663
Epoch [148/500] Loss=0.330680 Acc=0.898695
epoch 149 test: acc=0.768715, f1=0.452138, auc=0.938036, bac=0.595651, sens=0.595651, spec=0.960290
epoch 149 val: acc=0.782878, f1=0.504052, auc=0.946866, bac=0.677348, sens=0.677348, spec=0.962159
Epoch [149/500] Loss=0.332563 Acc=0.898015
epoch 150 test: acc=0.769231, f1=0.453987, auc=0.938659, bac=0.593490, sens=0.593490, spec=0.959890
epoch 150 val: acc=0.785456, f1=0.504855, auc=0.947159, bac=0.677456, sens=0.677456, spec=0.962424
Epoch [150/500] Loss=0.332727 Acc=0.897943
epoch 151 test: acc=0.771038, f1=0.454789, auc=0.938905, bac=0.593929, sens=0.593929, spec=0.960225
epoch 151 val: acc=0.784425, f1=0.504827, auc=0.947019, bac=0.677545, sens=0.677545, spec=0.962490
Epoch [151/500] Loss=0.330746 Acc=0.899037
epoch 152 test: acc=0.769747, f1=0.455001, auc=0.939331, bac=0.599200, sens=0.599200, spec=0.959941
epoch 152 val: acc=0.784941, f1=0.505821, auc=0.947479, bac=0.678782, sens=0.678782, spec=0.962344
Epoch [152/500] Loss=0.328287 Acc=0.899775
epoch 153 test: acc=0.766649, f1=0.449424, auc=0.938156, bac=0.593207, sens=0.593207, spec=0.959782
epoch 153 val: acc=0.782878, f1=0.502782, auc=0.947146, bac=0.676735, sens=0.676735, spec=0.962061
Epoch [153/500] Loss=0.330186 Acc=0.899257
epoch 154 test: acc=0.770521, f1=0.453850, auc=0.939584, bac=0.593501, sens=0.593501, spec=0.959854
epoch 154 val: acc=0.787004, f1=0.497306, auc=0.948416, bac=0.637601, sens=0.637601, spec=0.962746
Epoch [154/500] Loss=0.328120 Acc=0.899920
epoch 155 test: acc=0.767940, f1=0.453660, auc=0.938693, bac=0.595033, sens=0.595033, spec=0.959929
epoch 155 val: acc=0.784941, f1=0.506489, auc=0.947409, bac=0.679726, sens=0.679726, spec=0.962447
Epoch [155/500] Loss=0.327553 Acc=0.899552
epoch 156 test: acc=0.770263, f1=0.453499, auc=0.938483, bac=0.596414, sens=0.596414, spec=0.960271
epoch 156 val: acc=0.784425, f1=0.492814, auc=0.946867, bac=0.638059, sens=0.638059, spec=0.962397
Epoch [156/500] Loss=0.328513 Acc=0.898877
epoch 157 test: acc=0.770005, f1=0.453972, auc=0.939407, bac=0.595016, sens=0.595016, spec=0.960094
epoch 157 val: acc=0.786488, f1=0.507801, auc=0.947779, bac=0.679970, sens=0.679970, spec=0.962659
Epoch [157/500] Loss=0.325063 Acc=0.900142
epoch 158 test: acc=0.770521, f1=0.455857, auc=0.938661, bac=0.595844, sens=0.595844, spec=0.960328
epoch 158 val: acc=0.785456, f1=0.494081, auc=0.947446, bac=0.637923, sens=0.637923, spec=0.962511
Epoch [158/500] Loss=0.325403 Acc=0.899497
epoch 159 test: acc=0.772070, f1=0.455347, auc=0.939533, bac=0.595381, sens=0.595381, spec=0.960259
epoch 159 val: acc=0.788551, f1=0.514555, auc=0.947836, bac=0.680028, sens=0.680028, spec=0.962798
Epoch [159/500] Loss=0.326637 Acc=0.900022
epoch 160 test: acc=0.769231, f1=0.453791, auc=0.938716, bac=0.595154, sens=0.595154, spec=0.960158
epoch 160 val: acc=0.784941, f1=0.506723, auc=0.947858, bac=0.679726, sens=0.679726, spec=0.962443
Epoch [160/500] Loss=0.324153 Acc=0.900362
epoch 161 test: acc=0.767682, f1=0.452443, auc=0.938423, bac=0.594033, sens=0.594033, spec=0.959961
epoch 161 val: acc=0.784941, f1=0.505713, auc=0.947331, bac=0.679113, sens=0.679113, spec=0.962459
Epoch [161/500] Loss=0.326900 Acc=0.899825
epoch 162 test: acc=0.768973, f1=0.457279, auc=0.937968, bac=0.601335, sens=0.601335, spec=0.960254
epoch 162 val: acc=0.781331, f1=0.488577, auc=0.946993, bac=0.633820, sens=0.633820, spec=0.961963
Epoch [162/500] Loss=0.322081 Acc=0.900659
epoch 163 test: acc=0.773619, f1=0.458769, auc=0.940082, bac=0.596168, sens=0.596168, spec=0.960154
epoch 163 val: acc=0.788035, f1=0.504464, auc=0.948474, bac=0.637512, sens=0.637512, spec=0.962491
Epoch [163/500] Loss=0.322422 Acc=0.901189
epoch 164 test: acc=0.770780, f1=0.455225, auc=0.938971, bac=0.595488, sens=0.595488, spec=0.960267
epoch 164 val: acc=0.785972, f1=0.507942, auc=0.947781, bac=0.679110, sens=0.679110, spec=0.962721
Epoch [164/500] Loss=0.323771 Acc=0.900034
epoch 165 test: acc=0.769489, f1=0.454736, auc=0.938601, bac=0.595552, sens=0.595552, spec=0.960141
epoch 165 val: acc=0.785456, f1=0.506321, auc=0.947186, bac=0.679870, sens=0.679870, spec=0.962543
Epoch [165/500] Loss=0.318947 Acc=0.902914
epoch 166 test: acc=0.771296, f1=0.459488, auc=0.938682, bac=0.601079, sens=0.601079, spec=0.960313
epoch 166 val: acc=0.785972, f1=0.493539, auc=0.947408, bac=0.637454, sens=0.637454, spec=0.962487
Epoch [166/500] Loss=0.321350 Acc=0.901664
epoch 167 test: acc=0.770521, f1=0.454910, auc=0.939759, bac=0.593280, sens=0.593280, spec=0.959904
epoch 167 val: acc=0.785972, f1=0.511888, auc=0.948268, bac=0.678694, sens=0.678694, spec=0.962452
Epoch [167/500] Loss=0.322602 Acc=0.901474
epoch 168 test: acc=0.770521, f1=0.456622, auc=0.939006, bac=0.596156, sens=0.596156, spec=0.960087
epoch 168 val: acc=0.787004, f1=0.510990, auc=0.947727, bac=0.679784, sens=0.679784, spec=0.962735
Epoch [168/500] Loss=0.320472 Acc=0.901809
epoch 169 test: acc=0.769231, f1=0.452722, auc=0.938558, bac=0.594135, sens=0.594135, spec=0.960001
epoch 169 val: acc=0.785456, f1=0.506513, auc=0.948032, bac=0.679540, sens=0.679540, spec=0.962412
Epoch [169/500] Loss=0.320857 Acc=0.900897
epoch 170 test: acc=0.768198, f1=0.454070, auc=0.937720, bac=0.596426, sens=0.596426, spec=0.960275
epoch 170 val: acc=0.783394, f1=0.505067, auc=0.946787, bac=0.679482, sens=0.679482, spec=0.962376
Epoch [170/500] Loss=0.323762 Acc=0.899905
epoch 171 test: acc=0.772845, f1=0.457546, auc=0.939418, bac=0.594590, sens=0.594590, spec=0.960460
epoch 171 val: acc=0.785456, f1=0.514116, auc=0.948145, bac=0.676315, sens=0.676315, spec=0.962357
Epoch [171/500] Loss=0.317716 Acc=0.902989
epoch 172 test: acc=0.769231, f1=0.455124, auc=0.939055, bac=0.594226, sens=0.594226, spec=0.959554
epoch 172 val: acc=0.785972, f1=0.494429, auc=0.947716, bac=0.638398, sens=0.638398, spec=0.962369
Epoch [172/500] Loss=0.315275 Acc=0.903586
epoch 173 test: acc=0.770005, f1=0.455572, auc=0.939228, bac=0.594422, sens=0.594422, spec=0.959944
epoch 173 val: acc=0.786488, f1=0.493712, auc=0.948188, bac=0.637834, sens=0.637834, spec=0.962565
Epoch [173/500] Loss=0.318860 Acc=0.901152
epoch 174 test: acc=0.772586, f1=0.457332, auc=0.939885, bac=0.594498, sens=0.594498, spec=0.960338
epoch 174 val: acc=0.788035, f1=0.517705, auc=0.948695, bac=0.679695, sens=0.679695, spec=0.962708
Epoch [174/500] Loss=0.316662 Acc=0.903046
epoch 175 test: acc=0.770005, f1=0.456035, auc=0.938880, bac=0.596341, sens=0.596341, spec=0.960205
epoch 175 val: acc=0.785456, f1=0.507408, auc=0.947364, bac=0.679823, sens=0.679823, spec=0.962515
Epoch [175/500] Loss=0.318976 Acc=0.901122
epoch 176 test: acc=0.770521, f1=0.457533, auc=0.939097, bac=0.599302, sens=0.599302, spec=0.959981
epoch 176 val: acc=0.785456, f1=0.492193, auc=0.947944, bac=0.637688, sens=0.637688, spec=0.962444
Epoch [176/500] Loss=0.316855 Acc=0.901846
epoch 177 test: acc=0.772328, f1=0.457617, auc=0.939540, bac=0.596774, sens=0.596774, spec=0.960401
epoch 177 val: acc=0.784941, f1=0.510367, auc=0.948490, bac=0.679443, sens=0.679443, spec=0.962570
Epoch [177/500] Loss=0.314509 Acc=0.903213
epoch 178 test: acc=0.768973, f1=0.456600, auc=0.937688, bac=0.598632, sens=0.598632, spec=0.960515
epoch 178 val: acc=0.781331, f1=0.490147, auc=0.947148, bac=0.635440, sens=0.635440, spec=0.962060
Epoch [178/500] Loss=0.320095 Acc=0.901174
epoch 179 test: acc=0.772845, f1=0.459903, auc=0.939134, bac=0.601488, sens=0.601488, spec=0.960444
epoch 179 val: acc=0.788035, f1=0.498670, auc=0.948105, bac=0.639021, sens=0.639021, spec=0.962883
Epoch [179/500] Loss=0.316101 Acc=0.902416
epoch 180 test: acc=0.773103, f1=0.459008, auc=0.939824, bac=0.596354, sens=0.596354, spec=0.960292
epoch 180 val: acc=0.788035, f1=0.498839, auc=0.948681, bac=0.637512, sens=0.637512, spec=0.962536
Epoch [180/500] Loss=0.313801 Acc=0.903976
epoch 181 test: acc=0.769747, f1=0.459078, auc=0.938429, bac=0.602420, sens=0.602420, spec=0.960331
epoch 181 val: acc=0.784425, f1=0.505920, auc=0.947301, bac=0.680242, sens=0.680242, spec=0.962633
Epoch [181/500] Loss=0.315837 Acc=0.902041
epoch 182 test: acc=0.770780, f1=0.456085, auc=0.939478, bac=0.595040, sens=0.595040, spec=0.960236
epoch 182 val: acc=0.785456, f1=0.493394, auc=0.948468, bac=0.637027, sens=0.637027, spec=0.962287
Epoch [182/500] Loss=0.313752 Acc=0.903121
epoch 183 test: acc=0.773619, f1=0.460954, auc=0.939025, bac=0.601634, sens=0.601634, spec=0.960628
epoch 183 val: acc=0.784941, f1=0.498189, auc=0.947868, bac=0.636977, sens=0.636977, spec=0.961957
Epoch [183/500] Loss=0.314059 Acc=0.903608
epoch 184 test: acc=0.772070, f1=0.460744, auc=0.938996, bac=0.601838, sens=0.601838, spec=0.960232
epoch 184 val: acc=0.786488, f1=0.494328, auc=0.948201, bac=0.639343, sens=0.639343, spec=0.962924
Epoch [184/500] Loss=0.312050 Acc=0.903518
epoch 185 test: acc=0.770005, f1=0.456668, auc=0.939011, bac=0.597690, sens=0.597690, spec=0.960147
epoch 185 val: acc=0.784425, f1=0.506035, auc=0.947927, bac=0.679959, sens=0.679959, spec=0.962394
Epoch [185/500] Loss=0.312638 Acc=0.903596
epoch 186 test: acc=0.773877, f1=0.463004, auc=0.939786, bac=0.601127, sens=0.601127, spec=0.960731
epoch 186 val: acc=0.789067, f1=0.518052, auc=0.948219, bac=0.680738, sens=0.680738, spec=0.963228
Epoch [186/500] Loss=0.311749 Acc=0.903393
epoch 187 test: acc=0.770780, f1=0.459424, auc=0.938803, bac=0.600695, sens=0.600695, spec=0.960221
epoch 187 val: acc=0.785972, f1=0.494040, auc=0.948325, bac=0.638681, sens=0.638681, spec=0.962611
Epoch [187/500] Loss=0.310994 Acc=0.903638
epoch 188 test: acc=0.772328, f1=0.460116, auc=0.939729, bac=0.601099, sens=0.601099, spec=0.960604
epoch 188 val: acc=0.788035, f1=0.508601, auc=0.947868, bac=0.680299, sens=0.680299, spec=0.963328
Epoch [188/500] Loss=0.312849 Acc=0.902941
epoch 189 test: acc=0.772586, f1=0.461787, auc=0.938614, bac=0.603402, sens=0.603402, spec=0.960735
epoch 189 val: acc=0.787004, f1=0.495601, auc=0.947153, bac=0.640581, sens=0.640581, spec=0.962995
Epoch [189/500] Loss=0.311908 Acc=0.903668
epoch 190 test: acc=0.771812, f1=0.460879, auc=0.939548, bac=0.601337, sens=0.601337, spec=0.960180
epoch 190 val: acc=0.784941, f1=0.505772, auc=0.948614, bac=0.678500, sens=0.678500, spec=0.962345
Epoch [190/500] Loss=0.307715 Acc=0.905233
epoch 191 test: acc=0.770263, f1=0.456116, auc=0.939261, bac=0.595862, sens=0.595862, spec=0.960055
epoch 191 val: acc=0.785972, f1=0.496963, auc=0.948572, bac=0.638681, sens=0.638681, spec=0.962738
Epoch [191/500] Loss=0.308632 Acc=0.904728
epoch 192 test: acc=0.773361, f1=0.464392, auc=0.939354, bac=0.601887, sens=0.601887, spec=0.960545
epoch 192 val: acc=0.788035, f1=0.504337, auc=0.948383, bac=0.638078, sens=0.638078, spec=0.962835
Epoch [192/500] Loss=0.308511 Acc=0.904735
epoch 193 test: acc=0.770780, f1=0.457303, auc=0.939143, bac=0.597053, sens=0.597053, spec=0.960291
epoch 193 val: acc=0.785972, f1=0.510993, auc=0.948390, bac=0.679062, sens=0.679062, spec=0.962702
Epoch [193/500] Loss=0.308414 Acc=0.904448
epoch 194 test: acc=0.771554, f1=0.456954, auc=0.939538, bac=0.595841, sens=0.595841, spec=0.960175
epoch 194 val: acc=0.785972, f1=0.494334, auc=0.948720, bac=0.638964, sens=0.638964, spec=0.962615
Epoch [194/500] Loss=0.304900 Acc=0.906230
epoch 195 test: acc=0.773619, f1=0.462396, auc=0.939940, bac=0.601389, sens=0.601389, spec=0.960406
epoch 195 val: acc=0.789067, f1=0.500355, auc=0.948306, bac=0.639829, sens=0.639829, spec=0.963139
Epoch [195/500] Loss=0.306379 Acc=0.905880
epoch 196 test: acc=0.772845, f1=0.460176, auc=0.939986, bac=0.596592, sens=0.596592, spec=0.960088
epoch 196 val: acc=0.787519, f1=0.498315, auc=0.949376, bac=0.636275, sens=0.636275, spec=0.962446
Epoch [196/500] Loss=0.305833 Acc=0.906000
epoch 197 test: acc=0.771038, f1=0.458411, auc=0.939079, bac=0.597168, sens=0.597168, spec=0.960504
epoch 197 val: acc=0.785456, f1=0.496423, auc=0.948152, bac=0.638536, sens=0.638536, spec=0.962903
Epoch [197/500] Loss=0.305355 Acc=0.905365
epoch 198 test: acc=0.772586, f1=0.461975, auc=0.939315, bac=0.600987, sens=0.600987, spec=0.960512
epoch 198 val: acc=0.784941, f1=0.492820, auc=0.947935, bac=0.636883, sens=0.636883, spec=0.962332
Epoch [198/500] Loss=0.306437 Acc=0.904723
epoch 199 test: acc=0.768973, f1=0.456634, auc=0.938688, bac=0.598913, sens=0.598913, spec=0.959989
epoch 199 val: acc=0.785456, f1=0.492422, auc=0.948376, bac=0.637970, sens=0.637970, spec=0.962673
Epoch [199/500] Loss=0.304886 Acc=0.905255
epoch 200 test: acc=0.769747, f1=0.456560, auc=0.938478, bac=0.596556, sens=0.596556, spec=0.960155
epoch 200 val: acc=0.783909, f1=0.492598, auc=0.948105, bac=0.636783, sens=0.636783, spec=0.962314
Epoch [200/500] Loss=0.307991 Acc=0.903411
epoch 201 test: acc=0.773361, f1=0.463250, auc=0.939285, bac=0.598599, sens=0.598599, spec=0.960427
epoch 201 val: acc=0.788035, f1=0.500408, auc=0.948610, bac=0.639832, sens=0.639832, spec=0.963001
Epoch [201/500] Loss=0.304584 Acc=0.905850
epoch 202 test: acc=0.776975, f1=0.467536, auc=0.940077, bac=0.602728, sens=0.602728, spec=0.960850
epoch 202 val: acc=0.788551, f1=0.504389, auc=0.948520, bac=0.637562, sens=0.637562, spec=0.962696
Epoch [202/500] Loss=0.305353 Acc=0.906163
epoch 203 test: acc=0.772070, f1=0.458108, auc=0.939477, bac=0.596485, sens=0.596485, spec=0.960394
epoch 203 val: acc=0.788551, f1=0.500412, auc=0.948851, bac=0.640345, sens=0.640345, spec=0.963189
Epoch [203/500] Loss=0.301893 Acc=0.907295
epoch 204 test: acc=0.770780, f1=0.456880, auc=0.939064, bac=0.595488, sens=0.595488, spec=0.960098
epoch 204 val: acc=0.789582, f1=0.499368, auc=0.948769, bac=0.639926, sens=0.639926, spec=0.963237
Epoch [204/500] Loss=0.306092 Acc=0.904850
epoch 205 test: acc=0.773361, f1=0.463395, auc=0.940267, bac=0.601482, sens=0.601482, spec=0.960539
epoch 205 val: acc=0.788035, f1=0.500934, auc=0.949200, bac=0.639587, sens=0.639587, spec=0.962852
Epoch [205/500] Loss=0.302208 Acc=0.907025
epoch 206 test: acc=0.771554, f1=0.460405, auc=0.939001, bac=0.600270, sens=0.600270, spec=0.960241
epoch 206 val: acc=0.788035, f1=0.499660, auc=0.948401, bac=0.638494, sens=0.638494, spec=0.962993
Epoch [206/500] Loss=0.302473 Acc=0.906510
epoch 207 test: acc=0.771296, f1=0.466316, auc=0.939318, bac=0.616392, sens=0.616392, spec=0.960165
epoch 207 val: acc=0.786488, f1=0.493541, auc=0.948260, bac=0.638816, sens=0.638816, spec=0.962935
Epoch [207/500] Loss=0.299889 Acc=0.907090
epoch 208 test: acc=0.772586, f1=0.462752, auc=0.939502, bac=0.601506, sens=0.601506, spec=0.960210
epoch 208 val: acc=0.787519, f1=0.497557, auc=0.948274, bac=0.638924, sens=0.638924, spec=0.962956
Epoch [208/500] Loss=0.300192 Acc=0.907077
epoch 209 test: acc=0.773877, f1=0.460489, auc=0.939829, bac=0.597673, sens=0.597673, spec=0.960735
epoch 209 val: acc=0.788035, f1=0.501290, auc=0.948621, bac=0.638927, sens=0.638927, spec=0.962947
Epoch [209/500] Loss=0.300774 Acc=0.906892
epoch 210 test: acc=0.772845, f1=0.458699, auc=0.939717, bac=0.597225, sens=0.597225, spec=0.960408
epoch 210 val: acc=0.789067, f1=0.500073, auc=0.949085, bac=0.639301, sens=0.639301, spec=0.963159
Epoch [210/500] Loss=0.299491 Acc=0.907737
epoch 211 test: acc=0.772586, f1=0.461819, auc=0.939761, bac=0.601888, sens=0.601888, spec=0.960397
epoch 211 val: acc=0.789582, f1=0.502723, auc=0.948792, bac=0.641877, sens=0.641877, spec=0.963217
Epoch [211/500] Loss=0.299486 Acc=0.907757
epoch 212 test: acc=0.771554, f1=0.458408, auc=0.939185, bac=0.596364, sens=0.596364, spec=0.960301
epoch 212 val: acc=0.788551, f1=0.500996, auc=0.948771, bac=0.639684, sens=0.639684, spec=0.963060
Epoch [212/500] Loss=0.301911 Acc=0.906875
epoch 213 test: acc=0.771812, f1=0.460588, auc=0.939119, bac=0.600889, sens=0.600889, spec=0.960227
epoch 213 val: acc=0.785972, f1=0.492777, auc=0.948267, bac=0.638020, sens=0.638020, spec=0.962741
Epoch [213/500] Loss=0.299995 Acc=0.906892
epoch 214 test: acc=0.775684, f1=0.463724, auc=0.939755, bac=0.602226, sens=0.602226, spec=0.960761
epoch 214 val: acc=0.785972, f1=0.496878, auc=0.948638, bac=0.636219, sens=0.636219, spec=0.962461
Epoch [214/500] Loss=0.299756 Acc=0.907450
epoch 215 test: acc=0.772845, f1=0.461938, auc=0.939195, bac=0.602809, sens=0.602809, spec=0.960731
epoch 215 val: acc=0.789582, f1=0.503824, auc=0.948605, bac=0.641962, sens=0.641962, spec=0.963425
Epoch [215/500] Loss=0.300277 Acc=0.907042
epoch 216 test: acc=0.774135, f1=0.463539, auc=0.939638, bac=0.603405, sens=0.603405, spec=0.960776
epoch 216 val: acc=0.788035, f1=0.499391, auc=0.948968, bac=0.638494, sens=0.638494, spec=0.963122
Epoch [216/500] Loss=0.295579 Acc=0.908282
epoch 217 test: acc=0.772586, f1=0.460350, auc=0.939558, bac=0.598477, sens=0.598477, spec=0.960445
epoch 217 val: acc=0.790098, f1=0.517773, auc=0.948852, bac=0.683016, sens=0.683016, spec=0.963379
Epoch [217/500] Loss=0.302281 Acc=0.906175
epoch 218 test: acc=0.774393, f1=0.464125, auc=0.939373, bac=0.602388, sens=0.602388, spec=0.960573
epoch 218 val: acc=0.789582, f1=0.506308, auc=0.948839, bac=0.639926, sens=0.639926, spec=0.962943
Epoch [218/500] Loss=0.297421 Acc=0.908434
epoch 219 test: acc=0.776458, f1=0.463015, auc=0.940361, bac=0.598753, sens=0.598753, spec=0.960926
epoch 219 val: acc=0.788551, f1=0.505890, auc=0.949101, bac=0.639732, sens=0.639732, spec=0.962804
Epoch [219/500] Loss=0.298261 Acc=0.907824
epoch 220 test: acc=0.772586, f1=0.460888, auc=0.939592, bac=0.601629, sens=0.601629, spec=0.960535
epoch 220 val: acc=0.787519, f1=0.500254, auc=0.948658, bac=0.639538, sens=0.639538, spec=0.962791
Epoch [220/500] Loss=0.297814 Acc=0.907517
epoch 221 test: acc=0.773619, f1=0.461249, auc=0.939397, bac=0.599136, sens=0.599136, spec=0.960790
epoch 221 val: acc=0.786488, f1=0.498847, auc=0.948372, bac=0.638156, sens=0.638156, spec=0.962863
Epoch [221/500] Loss=0.297798 Acc=0.908044
epoch 222 test: acc=0.775168, f1=0.459608, auc=0.939870, bac=0.595832, sens=0.595832, spec=0.960985
epoch 222 val: acc=0.788551, f1=0.500380, auc=0.949316, bac=0.638544, sens=0.638544, spec=0.963054
Epoch [222/500] Loss=0.295832 Acc=0.908669
epoch 223 test: acc=0.772845, f1=0.461601, auc=0.939266, bac=0.602310, sens=0.602310, spec=0.960565
epoch 223 val: acc=0.787519, f1=0.502113, auc=0.948519, bac=0.641819, sens=0.641819, spec=0.962793
Epoch [223/500] Loss=0.296713 Acc=0.908014
epoch 224 test: acc=0.775168, f1=0.464765, auc=0.940042, bac=0.602534, sens=0.602534, spec=0.960531
epoch 224 val: acc=0.790614, f1=0.502767, auc=0.948818, bac=0.638970, sens=0.638970, spec=0.963402
Epoch [224/500] Loss=0.298586 Acc=0.907535
epoch 225 test: acc=0.770780, f1=0.458997, auc=0.939458, bac=0.599866, sens=0.599866, spec=0.960101
epoch 225 val: acc=0.787004, f1=0.498658, auc=0.949075, bac=0.640911, sens=0.640911, spec=0.962989
Epoch [225/500] Loss=0.296292 Acc=0.908287
epoch 226 test: acc=0.776458, f1=0.470429, auc=0.939972, bac=0.618231, sens=0.618231, spec=0.961034
epoch 226 val: acc=0.788551, f1=0.500632, auc=0.948797, bac=0.638874, sens=0.638874, spec=0.963037
Epoch [226/500] Loss=0.294864 Acc=0.908487
epoch 227 test: acc=0.773103, f1=0.461384, auc=0.939973, bac=0.601462, sens=0.601462, spec=0.960535
epoch 227 val: acc=0.790614, f1=0.509105, auc=0.948954, bac=0.643297, sens=0.643297, spec=0.963316
Epoch [227/500] Loss=0.293616 Acc=0.908927
epoch 228 test: acc=0.774910, f1=0.462750, auc=0.939319, bac=0.602556, sens=0.602556, spec=0.960849
epoch 228 val: acc=0.789582, f1=0.501778, auc=0.948667, bac=0.641877, sens=0.641877, spec=0.963110
Epoch [228/500] Loss=0.294941 Acc=0.908719
epoch 229 test: acc=0.773877, f1=0.458687, auc=0.940021, bac=0.594694, sens=0.594694, spec=0.960622
epoch 229 val: acc=0.788035, f1=0.499618, auc=0.949450, bac=0.638974, sens=0.638974, spec=0.962988
Epoch [229/500] Loss=0.293885 Acc=0.908349
epoch 230 test: acc=0.771812, f1=0.463783, auc=0.939080, bac=0.602686, sens=0.602686, spec=0.960586
epoch 230 val: acc=0.787519, f1=0.500326, auc=0.948310, bac=0.640961, sens=0.640961, spec=0.963170
Epoch [230/500] Loss=0.294829 Acc=0.907272
epoch 231 test: acc=0.773103, f1=0.464007, auc=0.939103, bac=0.602763, sens=0.602763, spec=0.960395
epoch 231 val: acc=0.788035, f1=0.504816, auc=0.948409, bac=0.641303, sens=0.641303, spec=0.963110
Epoch [231/500] Loss=0.294665 Acc=0.908422
epoch 232 test: acc=0.774393, f1=0.461230, auc=0.940147, bac=0.594225, sens=0.594225, spec=0.960242
epoch 232 val: acc=0.787519, f1=0.500916, auc=0.949637, bac=0.638397, sens=0.638397, spec=0.962629
Epoch [232/500] Loss=0.292355 Acc=0.909621
epoch 233 test: acc=0.773361, f1=0.461575, auc=0.939821, bac=0.600190, sens=0.600190, spec=0.960662
epoch 233 val: acc=0.789582, f1=0.502828, auc=0.949508, bac=0.640492, sens=0.640492, spec=0.963066
Epoch [233/500] Loss=0.293322 Acc=0.909027
epoch 234 test: acc=0.773103, f1=0.463740, auc=0.938485, bac=0.603966, sens=0.603966, spec=0.960939
epoch 234 val: acc=0.786488, f1=0.496278, auc=0.947639, bac=0.640814, sens=0.640814, spec=0.962923
Epoch [234/500] Loss=0.292655 Acc=0.908539
epoch 235 test: acc=0.776458, f1=0.461391, auc=0.940311, bac=0.595057, sens=0.595057, spec=0.960717
epoch 235 val: acc=0.788551, f1=0.503013, auc=0.950041, bac=0.639401, sens=0.639401, spec=0.962643
Epoch [235/500] Loss=0.291360 Acc=0.909322
epoch 236 test: acc=0.776458, f1=0.463697, auc=0.939940, bac=0.602211, sens=0.602211, spec=0.960769
epoch 236 val: acc=0.787519, f1=0.501096, auc=0.949293, bac=0.638311, sens=0.638311, spec=0.962552
Epoch [236/500] Loss=0.291980 Acc=0.908967
epoch 237 test: acc=0.774393, f1=0.464980, auc=0.939603, bac=0.601657, sens=0.601657, spec=0.960514
epoch 237 val: acc=0.789067, f1=0.502113, auc=0.948789, bac=0.640309, sens=0.640309, spec=0.963013
Epoch [237/500] Loss=0.292650 Acc=0.909576
epoch 238 test: acc=0.776200, f1=0.464259, auc=0.939535, bac=0.603223, sens=0.603223, spec=0.960900
epoch 238 val: acc=0.790614, f1=0.504372, auc=0.949063, bac=0.641874, sens=0.641874, spec=0.963227
Epoch [238/500] Loss=0.291916 Acc=0.909374
epoch 239 test: acc=0.772845, f1=0.468015, auc=0.938836, bac=0.617339, sens=0.617339, spec=0.960546
epoch 239 val: acc=0.787519, f1=0.496984, auc=0.948351, bac=0.641291, sens=0.641291, spec=0.963058
Epoch [239/500] Loss=0.291902 Acc=0.908457
epoch 240 test: acc=0.777749, f1=0.471014, auc=0.939866, bac=0.616606, sens=0.616606, spec=0.961086
epoch 240 val: acc=0.791129, f1=0.517680, auc=0.948686, bac=0.682267, sens=0.682267, spec=0.963262
Epoch [240/500] Loss=0.290636 Acc=0.910006
epoch 241 test: acc=0.775942, f1=0.463531, auc=0.940068, bac=0.601732, sens=0.601732, spec=0.960693
epoch 241 val: acc=0.790098, f1=0.504466, auc=0.949584, bac=0.642917, sens=0.642917, spec=0.963035
Epoch [241/500] Loss=0.288757 Acc=0.910516
epoch 242 test: acc=0.774135, f1=0.465439, auc=0.939338, bac=0.602788, sens=0.602788, spec=0.960934
epoch 242 val: acc=0.788551, f1=0.504282, auc=0.948329, bac=0.641683, sens=0.641683, spec=0.963041
Epoch [242/500] Loss=0.291020 Acc=0.909971
epoch 243 test: acc=0.774393, f1=0.461141, auc=0.940044, bac=0.595404, sens=0.595404, spec=0.960583
epoch 243 val: acc=0.788551, f1=0.502437, auc=0.949815, bac=0.640259, sens=0.640259, spec=0.962805
Epoch [243/500] Loss=0.287908 Acc=0.910269
epoch 244 test: acc=0.771812, f1=0.458685, auc=0.938959, bac=0.596904, sens=0.596904, spec=0.960518
epoch 244 val: acc=0.789582, f1=0.504170, auc=0.948780, bac=0.643386, sens=0.643386, spec=0.963301
Epoch [244/500] Loss=0.289848 Acc=0.910164
epoch 245 test: acc=0.775684, f1=0.463923, auc=0.939653, bac=0.599670, sens=0.599670, spec=0.960847
epoch 245 val: acc=0.788035, f1=0.501644, auc=0.949732, bac=0.639549, sens=0.639549, spec=0.962604
Epoch [245/500] Loss=0.288068 Acc=0.910479
epoch 246 test: acc=0.774652, f1=0.459637, auc=0.940206, bac=0.595377, sens=0.595377, spec=0.960843
epoch 246 val: acc=0.789582, f1=0.502019, auc=0.949553, bac=0.640256, sens=0.640256, spec=0.963198
Epoch [246/500] Loss=0.286950 Acc=0.910459
epoch 247 test: acc=0.778007, f1=0.471381, auc=0.940240, bac=0.616443, sens=0.616443, spec=0.960942
epoch 247 val: acc=0.788035, f1=0.501292, auc=0.949799, bac=0.638456, sens=0.638456, spec=0.962607
Epoch [247/500] Loss=0.288491 Acc=0.910514
epoch 248 test: acc=0.771812, f1=0.461629, auc=0.938747, bac=0.602115, sens=0.602115, spec=0.960519
epoch 248 val: acc=0.785972, f1=0.497433, auc=0.948673, bac=0.640717, sens=0.640717, spec=0.962818
Epoch [248/500] Loss=0.288348 Acc=0.910391
epoch 249 test: acc=0.774135, f1=0.464475, auc=0.938905, bac=0.603118, sens=0.603118, spec=0.960886
epoch 249 val: acc=0.787519, f1=0.501250, auc=0.948088, bac=0.640678, sens=0.640678, spec=0.962905
Epoch [249/500] Loss=0.288658 Acc=0.909546
epoch 250 test: acc=0.781363, f1=0.474903, auc=0.940807, bac=0.617635, sens=0.617635, spec=0.961431
epoch 250 val: acc=0.788035, f1=0.507265, auc=0.949676, bac=0.637833, sens=0.637833, spec=0.962432
Epoch [250/500] Loss=0.285252 Acc=0.911663
epoch 251 test: acc=0.772845, f1=0.461868, auc=0.939011, bac=0.602436, sens=0.602436, spec=0.960542
epoch 251 val: acc=0.788035, f1=0.502041, auc=0.949033, bac=0.640823, sens=0.640823, spec=0.963119
Epoch [251/500] Loss=0.288410 Acc=0.909939
epoch 252 test: acc=0.774135, f1=0.461565, auc=0.939666, bac=0.598502, sens=0.598502, spec=0.960574
epoch 252 val: acc=0.789582, f1=0.505468, auc=0.949654, bac=0.642245, sens=0.642245, spec=0.963031
Epoch [252/500] Loss=0.287938 Acc=0.909854
epoch 253 test: acc=0.772586, f1=0.460505, auc=0.939822, bac=0.598517, sens=0.598517, spec=0.960533
epoch 253 val: acc=0.787004, f1=0.500282, auc=0.949767, bac=0.639676, sens=0.639676, spec=0.963036
Epoch [253/500] Loss=0.282863 Acc=0.912023
epoch 254 test: acc=0.775168, f1=0.463480, auc=0.939669, bac=0.595380, sens=0.595380, spec=0.960754
epoch 254 val: acc=0.789582, f1=0.508353, auc=0.949471, bac=0.639878, sens=0.639878, spec=0.963028
Epoch [254/500] Loss=0.288318 Acc=0.910096
epoch 255 test: acc=0.779298, f1=0.464463, auc=0.940153, bac=0.596817, sens=0.596817, spec=0.961312
epoch 255 val: acc=0.788035, f1=0.503329, auc=0.949208, bac=0.640209, sens=0.640209, spec=0.962609
Epoch [255/500] Loss=0.285019 Acc=0.911558
epoch 256 test: acc=0.775684, f1=0.465062, auc=0.940321, bac=0.600755, sens=0.600755, spec=0.960842
epoch 256 val: acc=0.789067, f1=0.503083, auc=0.949721, bac=0.641535, sens=0.641535, spec=0.963090
Epoch [256/500] Loss=0.284061 Acc=0.911611
epoch 257 test: acc=0.773619, f1=0.461550, auc=0.939613, bac=0.599796, sens=0.599796, spec=0.960628
epoch 257 val: acc=0.789067, f1=0.501186, auc=0.949137, bac=0.641621, sens=0.641621, spec=0.963361
Epoch [257/500] Loss=0.283707 Acc=0.912068
epoch 258 test: acc=0.777233, f1=0.464828, auc=0.940479, bac=0.601286, sens=0.601286, spec=0.960954
epoch 258 val: acc=0.789067, f1=0.502529, auc=0.949891, bac=0.640309, sens=0.640309, spec=0.962976
Epoch [258/500] Loss=0.284590 Acc=0.911268
epoch 259 test: acc=0.773103, f1=0.469868, auc=0.938548, bac=0.619193, sens=0.619193, spec=0.960496
epoch 259 val: acc=0.788035, f1=0.502130, auc=0.948584, bac=0.641341, sens=0.641341, spec=0.963107
Epoch [259/500] Loss=0.284538 Acc=0.911158
epoch 260 test: acc=0.776975, f1=0.465681, auc=0.939609, bac=0.601638, sens=0.601638, spec=0.961130
epoch 260 val: acc=0.788551, f1=0.504515, auc=0.949310, bac=0.640495, sens=0.640495, spec=0.962888
Epoch [260/500] Loss=0.286030 Acc=0.910449
epoch 261 test: acc=0.777233, f1=0.463142, auc=0.940240, bac=0.594778, sens=0.594778, spec=0.960643
epoch 261 val: acc=0.789067, f1=0.505280, auc=0.950287, bac=0.641827, sens=0.641827, spec=0.962735
Epoch [261/500] Loss=0.283516 Acc=0.911873
epoch 262 test: acc=0.774652, f1=0.462370, auc=0.939595, bac=0.599452, sens=0.599452, spec=0.960886
epoch 262 val: acc=0.788551, f1=0.503353, auc=0.948971, bac=0.640580, sens=0.640580, spec=0.963146
Epoch [262/500] Loss=0.284249 Acc=0.911343
epoch 263 test: acc=0.773103, f1=0.459025, auc=0.939916, bac=0.593761, sens=0.593761, spec=0.960234
epoch 263 val: acc=0.789582, f1=0.502324, auc=0.950061, bac=0.639068, sens=0.639068, spec=0.963041
Epoch [263/500] Loss=0.284897 Acc=0.911668
epoch 264 test: acc=0.774135, f1=0.464321, auc=0.940173, bac=0.600011, sens=0.600011, spec=0.960810
epoch 264 val: acc=0.791129, f1=0.505168, auc=0.949437, bac=0.643715, sens=0.643715, spec=0.963741
Epoch [264/500] Loss=0.281660 Acc=0.912081
epoch 265 test: acc=0.772845, f1=0.458543, auc=0.939451, bac=0.594712, sens=0.594712, spec=0.960595
epoch 265 val: acc=0.786488, f1=0.501901, auc=0.949691, bac=0.639343, sens=0.639343, spec=0.962735
Epoch [265/500] Loss=0.284061 Acc=0.911196
epoch 266 test: acc=0.778007, f1=0.466115, auc=0.940581, bac=0.601734, sens=0.601734, spec=0.961036
epoch 266 val: acc=0.788551, f1=0.502954, auc=0.950038, bac=0.641155, sens=0.641155, spec=0.962882
Epoch [266/500] Loss=0.280575 Acc=0.912978
epoch 267 test: acc=0.772586, f1=0.463101, auc=0.939290, bac=0.599272, sens=0.599272, spec=0.960607
epoch 267 val: acc=0.788551, f1=0.503041, auc=0.948877, bac=0.642099, sens=0.642099, spec=0.963286
Epoch [267/500] Loss=0.281663 Acc=0.911836
epoch 268 test: acc=0.776200, f1=0.462325, auc=0.939780, bac=0.599027, sens=0.599027, spec=0.960878
epoch 268 val: acc=0.788551, f1=0.503536, auc=0.949473, bac=0.638827, sens=0.638827, spec=0.962990
Epoch [268/500] Loss=0.281196 Acc=0.912760
epoch 269 test: acc=0.775168, f1=0.459474, auc=0.938617, bac=0.577413, sens=0.577413, spec=0.960896
epoch 269 val: acc=0.788035, f1=0.501444, auc=0.948612, bac=0.641757, sens=0.641757, spec=0.963165
Epoch [269/500] Loss=0.284498 Acc=0.910781
epoch 270 test: acc=0.778265, f1=0.468198, auc=0.940580, bac=0.601641, sens=0.601641, spec=0.961155
epoch 270 val: acc=0.789067, f1=0.502235, auc=0.949904, bac=0.639168, sens=0.639168, spec=0.962731
Epoch [270/500] Loss=0.279093 Acc=0.913095
epoch 271 test: acc=0.775426, f1=0.464290, auc=0.940329, bac=0.596254, sens=0.596254, spec=0.960931
epoch 271 val: acc=0.789067, f1=0.504158, auc=0.949677, bac=0.641913, sens=0.641913, spec=0.963105
Epoch [271/500] Loss=0.281212 Acc=0.912208
epoch 272 test: acc=0.772845, f1=0.464138, auc=0.939636, bac=0.600075, sens=0.600075, spec=0.960554
epoch 272 val: acc=0.788551, f1=0.502792, auc=0.949653, bac=0.641194, sens=0.641194, spec=0.963363
Epoch [272/500] Loss=0.279349 Acc=0.912366
epoch 273 test: acc=0.778523, f1=0.468431, auc=0.940096, bac=0.601972, sens=0.601972, spec=0.961065
epoch 273 val: acc=0.789582, f1=0.506274, auc=0.949905, bac=0.640444, sens=0.640444, spec=0.962869
Epoch [273/500] Loss=0.280939 Acc=0.913123
epoch 274 test: acc=0.776717, f1=0.464218, auc=0.940128, bac=0.600614, sens=0.600614, spec=0.961045
epoch 274 val: acc=0.787004, f1=0.500653, auc=0.949322, bac=0.636499, sens=0.636499, spec=0.962414
Epoch [274/500] Loss=0.280977 Acc=0.912545
epoch 275 test: acc=0.773619, f1=0.468293, auc=0.939295, bac=0.601484, sens=0.601484, spec=0.960597
epoch 275 val: acc=0.787004, f1=0.506921, auc=0.948863, bac=0.640337, sens=0.640337, spec=0.963016
Epoch [275/500] Loss=0.280013 Acc=0.912071
epoch 276 test: acc=0.778523, f1=0.468775, auc=0.940684, bac=0.600219, sens=0.600219, spec=0.960889
epoch 276 val: acc=0.787519, f1=0.502096, auc=0.949764, bac=0.637209, sens=0.637209, spec=0.962469
Epoch [276/500] Loss=0.279281 Acc=0.913520
epoch 277 test: acc=0.774652, f1=0.462811, auc=0.939173, bac=0.601150, sens=0.601150, spec=0.960587
epoch 277 val: acc=0.786488, f1=0.501302, auc=0.948855, bac=0.639061, sens=0.639061, spec=0.962607
Epoch [277/500] Loss=0.281744 Acc=0.911618
epoch 278 test: acc=0.774652, f1=0.464488, auc=0.939525, bac=0.600231, sens=0.600231, spec=0.960851
epoch 278 val: acc=0.787004, f1=0.502674, auc=0.948897, bac=0.641194, sens=0.641194, spec=0.962937
Epoch [278/500] Loss=0.278395 Acc=0.912378
epoch 279 test: acc=0.778782, f1=0.466293, auc=0.940652, bac=0.600574, sens=0.600574, spec=0.961067
epoch 279 val: acc=0.788551, f1=0.503774, auc=0.949759, bac=0.637648, sens=0.637648, spec=0.962629
Epoch [279/500] Loss=0.276780 Acc=0.913905
epoch 280 test: acc=0.773103, f1=0.462405, auc=0.939024, bac=0.600298, sens=0.600298, spec=0.960524
epoch 280 val: acc=0.787519, f1=0.502857, auc=0.949118, bac=0.641622, sens=0.641622, spec=0.963015
Epoch [280/500] Loss=0.279319 Acc=0.912073
epoch 281 test: acc=0.775168, f1=0.461037, auc=0.939743, bac=0.595427, sens=0.595427, spec=0.960820
epoch 281 val: acc=0.788551, f1=0.505942, auc=0.949975, bac=0.641721, sens=0.641721, spec=0.962971
Epoch [281/500] Loss=0.279717 Acc=0.912371
epoch 282 test: acc=0.778782, f1=0.468227, auc=0.940345, bac=0.601734, sens=0.601734, spec=0.961114
epoch 282 val: acc=0.786488, f1=0.503215, auc=0.950195, bac=0.638730, sens=0.638730, spec=0.962334
Epoch [282/500] Loss=0.277569 Acc=0.913283
epoch 283 test: acc=0.779298, f1=0.466752, auc=0.939996, bac=0.601124, sens=0.601124, spec=0.961045
epoch 283 val: acc=0.788551, f1=0.503008, auc=0.949826, bac=0.638261, sens=0.638261, spec=0.962762
Epoch [283/500] Loss=0.276205 Acc=0.913660
epoch 284 test: acc=0.776975, f1=0.466958, auc=0.940009, bac=0.597563, sens=0.597563, spec=0.960893
epoch 284 val: acc=0.788551, f1=0.506283, auc=0.949677, bac=0.639732, sens=0.639732, spec=0.963025
Epoch [284/500] Loss=0.278659 Acc=0.913070
epoch 285 test: acc=0.774393, f1=0.465435, auc=0.939102, bac=0.601262, sens=0.601262, spec=0.960911
epoch 285 val: acc=0.786488, f1=0.501193, auc=0.948824, bac=0.639382, sens=0.639382, spec=0.963072
Epoch [285/500] Loss=0.280090 Acc=0.912153
epoch 286 test: acc=0.778782, f1=0.467899, auc=0.940498, bac=0.599065, sens=0.599065, spec=0.960949
epoch 286 val: acc=0.789582, f1=0.503417, auc=0.950667, bac=0.640209, sens=0.640209, spec=0.963159
Epoch [286/500] Loss=0.277135 Acc=0.913418
epoch 287 test: acc=0.777491, f1=0.466132, auc=0.939905, bac=0.601354, sens=0.601354, spec=0.961216
epoch 287 val: acc=0.788551, f1=0.503893, auc=0.949919, bac=0.640589, sens=0.640589, spec=0.962795
Epoch [287/500] Loss=0.274434 Acc=0.913975
epoch 288 test: acc=0.777749, f1=0.468635, auc=0.940125, bac=0.600974, sens=0.600974, spec=0.960951
epoch 288 val: acc=0.789067, f1=0.508241, auc=0.950153, bac=0.638641, sens=0.638641, spec=0.962826
Epoch [288/500] Loss=0.278435 Acc=0.912853
epoch 289 test: acc=0.776717, f1=0.467273, auc=0.940015, bac=0.601515, sens=0.601515, spec=0.960886
epoch 289 val: acc=0.788551, f1=0.503657, auc=0.949847, bac=0.640628, sens=0.640628, spec=0.963127
Epoch [289/500] Loss=0.274949 Acc=0.914330
epoch 290 test: acc=0.778007, f1=0.464438, auc=0.940449, bac=0.600311, sens=0.600311, spec=0.961232
epoch 290 val: acc=0.791129, f1=0.505032, auc=0.949815, bac=0.642254, sens=0.642254, spec=0.963392
Epoch [290/500] Loss=0.272327 Acc=0.914847
epoch 291 test: acc=0.776458, f1=0.468091, auc=0.940558, bac=0.601490, sens=0.601490, spec=0.960921
epoch 291 val: acc=0.791129, f1=0.507704, auc=0.950263, bac=0.643102, sens=0.643102, spec=0.963592
Epoch [291/500] Loss=0.275152 Acc=0.914482
epoch 292 test: acc=0.778782, f1=0.465842, auc=0.940205, bac=0.596904, sens=0.596904, spec=0.960949
epoch 292 val: acc=0.788551, f1=0.501924, auc=0.950095, bac=0.638921, sens=0.638921, spec=0.962793
Epoch [292/500] Loss=0.277628 Acc=0.913490
epoch 293 test: acc=0.773877, f1=0.464604, auc=0.939096, bac=0.599990, sens=0.599990, spec=0.960657
epoch 293 val: acc=0.787004, f1=0.504084, auc=0.949190, bac=0.641846, sens=0.641846, spec=0.962987
Epoch [293/500] Loss=0.275853 Acc=0.913118
epoch 294 test: acc=0.780847, f1=0.471405, auc=0.940670, bac=0.603164, sens=0.603164, spec=0.961346
epoch 294 val: acc=0.789582, f1=0.504014, auc=0.950056, bac=0.639068, sens=0.639068, spec=0.962930
Epoch [294/500] Loss=0.273259 Acc=0.914707
epoch 295 test: acc=0.775168, f1=0.459732, auc=0.939431, bac=0.577499, sens=0.577499, spec=0.960935
epoch 295 val: acc=0.788551, f1=0.505661, auc=0.949664, bac=0.641524, sens=0.641524, spec=0.963118
Epoch [295/500] Loss=0.276584 Acc=0.913593
epoch 296 test: acc=0.777491, f1=0.469496, auc=0.939722, bac=0.603033, sens=0.603033, spec=0.960903
epoch 296 val: acc=0.788035, f1=0.504500, auc=0.949330, bac=0.639965, sens=0.639965, spec=0.962814
Epoch [296/500] Loss=0.273264 Acc=0.914735
epoch 297 test: acc=0.775942, f1=0.473281, auc=0.939546, bac=0.616781, sens=0.616781, spec=0.960868
epoch 297 val: acc=0.788551, f1=0.501826, auc=0.949207, bac=0.639967, sens=0.639967, spec=0.963255
Epoch [297/500] Loss=0.273658 Acc=0.914240
epoch 298 test: acc=0.778007, f1=0.465166, auc=0.940374, bac=0.595674, sens=0.595674, spec=0.960894
epoch 298 val: acc=0.791129, f1=0.506706, auc=0.950831, bac=0.641066, sens=0.641066, spec=0.963227
Epoch [298/500] Loss=0.274977 Acc=0.913950
epoch 299 test: acc=0.777491, f1=0.466936, auc=0.940349, bac=0.602132, sens=0.602132, spec=0.961003
epoch 299 val: acc=0.791129, f1=0.505790, auc=0.950110, bac=0.640538, sens=0.640538, spec=0.963259
Epoch [299/500] Loss=0.271635 Acc=0.915585
epoch 300 test: acc=0.775684, f1=0.469223, auc=0.939759, bac=0.615592, sens=0.615592, spec=0.960726
epoch 300 val: acc=0.787004, f1=0.503759, auc=0.949446, bac=0.639196, sens=0.639196, spec=0.962870
Epoch [300/500] Loss=0.272800 Acc=0.913913
epoch 301 test: acc=0.775684, f1=0.463596, auc=0.939251, bac=0.601340, sens=0.601340, spec=0.960732
epoch 301 val: acc=0.787519, f1=0.498811, auc=0.949965, bac=0.640764, sens=0.640764, spec=0.963014
Epoch [301/500] Loss=0.272199 Acc=0.914315
epoch 302 test: acc=0.780072, f1=0.472007, auc=0.940450, bac=0.603207, sens=0.603207, spec=0.961354
epoch 302 val: acc=0.792161, f1=0.511359, auc=0.949954, bac=0.641873, sens=0.641873, spec=0.963608
Epoch [302/500] Loss=0.273621 Acc=0.914290
epoch 303 test: acc=0.775684, f1=0.465417, auc=0.939958, bac=0.601651, sens=0.601651, spec=0.961027
epoch 303 val: acc=0.789582, f1=0.506824, auc=0.949498, bac=0.643386, sens=0.643386, spec=0.963271
Epoch [303/500] Loss=0.270399 Acc=0.915115
epoch 304 test: acc=0.780589, f1=0.474205, auc=0.940906, bac=0.603422, sens=0.603422, spec=0.961278
epoch 304 val: acc=0.790098, f1=0.507494, auc=0.950222, bac=0.640589, sens=0.640589, spec=0.963056
Epoch [304/500] Loss=0.273701 Acc=0.914770
epoch 305 test: acc=0.780847, f1=0.472666, auc=0.940319, bac=0.602711, sens=0.602711, spec=0.961513
epoch 305 val: acc=0.786488, f1=0.503127, auc=0.949734, bac=0.636732, sens=0.636732, spec=0.962311
Epoch [305/500] Loss=0.275391 Acc=0.913658
epoch 306 test: acc=0.778007, f1=0.465857, auc=0.939822, bac=0.597875, sens=0.597875, spec=0.960967
epoch 306 val: acc=0.788035, f1=0.502651, auc=0.949699, bac=0.639107, sens=0.639107, spec=0.962933
Epoch [306/500] Loss=0.272836 Acc=0.914295
epoch 307 test: acc=0.779814, f1=0.473218, auc=0.940603, bac=0.616722, sens=0.616722, spec=0.961222
epoch 307 val: acc=0.788551, f1=0.500355, auc=0.950321, bac=0.637120, sens=0.637120, spec=0.962545
Epoch [307/500] Loss=0.270428 Acc=0.915140
epoch 308 test: acc=0.780847, f1=0.472904, auc=0.940712, bac=0.603588, sens=0.603588, spec=0.961487
epoch 308 val: acc=0.789067, f1=0.507882, auc=0.950206, bac=0.638727, sens=0.638727, spec=0.962656
Epoch [308/500] Loss=0.272182 Acc=0.914717
epoch 309 test: acc=0.778265, f1=0.472862, auc=0.939632, bac=0.617666, sens=0.617666, spec=0.960861
epoch 309 val: acc=0.789067, f1=0.502029, auc=0.949678, bac=0.638727, sens=0.638727, spec=0.962971
Epoch [309/500] Loss=0.270729 Acc=0.915362
epoch 310 test: acc=0.777233, f1=0.465141, auc=0.940170, bac=0.597490, sens=0.597490, spec=0.960778
epoch 310 val: acc=0.790098, f1=0.506521, auc=0.950320, bac=0.641485, sens=0.641485, spec=0.963185
Epoch [310/500] Loss=0.266514 Acc=0.916784
epoch 311 test: acc=0.776458, f1=0.470263, auc=0.938708, bac=0.617656, sens=0.617656, spec=0.961086
epoch 311 val: acc=0.784941, f1=0.501406, auc=0.949001, bac=0.638808, sens=0.638808, spec=0.962627
Epoch [311/500] Loss=0.271575 Acc=0.914365
epoch 312 test: acc=0.778007, f1=0.467800, auc=0.940122, bac=0.597301, sens=0.597301, spec=0.960806
epoch 312 val: acc=0.789067, f1=0.505473, auc=0.950597, bac=0.639254, sens=0.639254, spec=0.962923
Epoch [312/500] Loss=0.271949 Acc=0.914920
epoch 313 test: acc=0.778523, f1=0.468687, auc=0.939357, bac=0.603887, sens=0.603887, spec=0.961377
epoch 313 val: acc=0.787004, f1=0.501293, auc=0.949241, bac=0.634859, sens=0.634859, spec=0.962987
Epoch [313/500] Loss=0.273631 Acc=0.913918
epoch 314 test: acc=0.777491, f1=0.473916, auc=0.939293, bac=0.618888, sens=0.618888, spec=0.961072
epoch 314 val: acc=0.788551, f1=0.503114, auc=0.949597, bac=0.639770, sens=0.639770, spec=0.963263
Epoch [314/500] Loss=0.269905 Acc=0.915545
epoch 315 test: acc=0.779298, f1=0.477754, auc=0.939616, bac=0.618591, sens=0.618591, spec=0.961240
epoch 315 val: acc=0.788035, f1=0.504865, auc=0.949821, bac=0.639343, sens=0.639343, spec=0.962777
Epoch [315/500] Loss=0.269136 Acc=0.915552
epoch 316 test: acc=0.778523, f1=0.479052, auc=0.940058, bac=0.618799, sens=0.618799, spec=0.961122
epoch 316 val: acc=0.787519, f1=0.508118, auc=0.949563, bac=0.638350, sens=0.638350, spec=0.962916
Epoch [316/500] Loss=0.270726 Acc=0.915187
epoch 317 test: acc=0.775942, f1=0.471254, auc=0.939780, bac=0.601841, sens=0.601841, spec=0.960652
epoch 317 val: acc=0.788551, f1=0.509246, auc=0.949709, bac=0.639157, sens=0.639157, spec=0.963072
Epoch [317/500] Loss=0.270325 Acc=0.915242
epoch 318 test: acc=0.778265, f1=0.476163, auc=0.939684, bac=0.618114, sens=0.618114, spec=0.960964
epoch 318 val: acc=0.788035, f1=0.504201, auc=0.949488, bac=0.638777, sens=0.638777, spec=0.962794
Epoch [318/500] Loss=0.270099 Acc=0.915090
epoch 319 test: acc=0.779556, f1=0.475736, auc=0.939977, bac=0.617829, sens=0.617829, spec=0.961227
epoch 319 val: acc=0.786488, f1=0.503492, auc=0.949683, bac=0.637920, sens=0.637920, spec=0.962441
Epoch [319/500] Loss=0.269779 Acc=0.915325
epoch 320 test: acc=0.781879, f1=0.472388, auc=0.939964, bac=0.603071, sens=0.603071, spec=0.961438
epoch 320 val: acc=0.789582, f1=0.505845, auc=0.950271, bac=0.639351, sens=0.639351, spec=0.962878
Epoch [320/500] Loss=0.269365 Acc=0.915587
epoch 321 test: acc=0.779040, f1=0.470378, auc=0.939912, bac=0.601830, sens=0.601830, spec=0.960907
epoch 321 val: acc=0.788035, f1=0.502709, auc=0.950388, bac=0.635930, sens=0.635930, spec=0.962316
Epoch [321/500] Loss=0.267321 Acc=0.916369
epoch 322 test: acc=0.781363, f1=0.477607, auc=0.940613, bac=0.618955, sens=0.618955, spec=0.961523
epoch 322 val: acc=0.789067, f1=0.506533, auc=0.950281, bac=0.639254, sens=0.639254, spec=0.962675
Epoch [322/500] Loss=0.265666 Acc=0.916577
epoch 323 test: acc=0.779298, f1=0.471930, auc=0.940155, bac=0.594625, sens=0.594625, spec=0.961229
epoch 323 val: acc=0.786488, f1=0.503922, auc=0.949335, bac=0.637676, sens=0.637676, spec=0.962548
Epoch [323/500] Loss=0.268344 Acc=0.915887
epoch 324 test: acc=0.782395, f1=0.470693, auc=0.940660, bac=0.599168, sens=0.599168, spec=0.961415
epoch 324 val: acc=0.790614, f1=0.507189, auc=0.950465, bac=0.638357, sens=0.638357, spec=0.962638
Epoch [324/500] Loss=0.269231 Acc=0.916194
epoch 325 test: acc=0.775942, f1=0.472310, auc=0.939703, bac=0.617771, sens=0.617771, spec=0.960798
epoch 325 val: acc=0.788035, f1=0.505267, auc=0.949442, bac=0.642332, sens=0.642332, spec=0.962925
Epoch [325/500] Loss=0.265957 Acc=0.916967
epoch 326 test: acc=0.775942, f1=0.461609, auc=0.938497, bac=0.579444, sens=0.579444, spec=0.961254
epoch 326 val: acc=0.784941, f1=0.503467, auc=0.948778, bac=0.639374, sens=0.639374, spec=0.962689
Epoch [326/500] Loss=0.269636 Acc=0.915035
epoch 327 test: acc=0.778265, f1=0.473166, auc=0.939790, bac=0.603560, sens=0.603560, spec=0.961017
epoch 327 val: acc=0.789582, f1=0.509476, auc=0.949992, bac=0.639021, sens=0.639021, spec=0.962988
Epoch [327/500] Loss=0.268027 Acc=0.915849
epoch 328 test: acc=0.780847, f1=0.474491, auc=0.939667, bac=0.603367, sens=0.603367, spec=0.961365
epoch 328 val: acc=0.791129, f1=0.507807, auc=0.950264, bac=0.641151, sens=0.641151, spec=0.963335
Epoch [328/500] Loss=0.268256 Acc=0.915932
epoch 329 test: acc=0.780072, f1=0.470309, auc=0.939847, bac=0.604216, sens=0.604216, spec=0.961317
epoch 329 val: acc=0.788035, f1=0.503290, auc=0.949807, bac=0.637259, sens=0.637259, spec=0.962533
Epoch [329/500] Loss=0.268205 Acc=0.915605
epoch 330 test: acc=0.777491, f1=0.469766, auc=0.938831, bac=0.605560, sens=0.605560, spec=0.961187
epoch 330 val: acc=0.787519, f1=0.505433, auc=0.949352, bac=0.641377, sens=0.641377, spec=0.963092
Epoch [330/500] Loss=0.269140 Acc=0.914650
epoch 331 test: acc=0.783686, f1=0.472953, auc=0.940995, bac=0.604047, sens=0.604047, spec=0.961688
epoch 331 val: acc=0.789582, f1=0.504435, auc=0.950443, bac=0.638699, sens=0.638699, spec=0.962786
Epoch [331/500] Loss=0.264732 Acc=0.916447
epoch 332 test: acc=0.782395, f1=0.481665, auc=0.940459, bac=0.619051, sens=0.619051, spec=0.961282
epoch 332 val: acc=0.790614, f1=0.508272, auc=0.950665, bac=0.640969, sens=0.640969, spec=0.963017
Epoch [332/500] Loss=0.266720 Acc=0.916329
epoch 333 test: acc=0.781363, f1=0.476465, auc=0.939688, bac=0.604322, sens=0.604322, spec=0.961315
epoch 333 val: acc=0.789582, f1=0.508813, auc=0.950038, bac=0.638455, sens=0.638455, spec=0.962988
Epoch [333/500] Loss=0.269169 Acc=0.915385
epoch 334 test: acc=0.782654, f1=0.478304, auc=0.940828, bac=0.619104, sens=0.619104, spec=0.961670
epoch 334 val: acc=0.791129, f1=0.506512, auc=0.950341, bac=0.639925, sens=0.639925, spec=0.963092
Epoch [334/500] Loss=0.265093 Acc=0.916934
epoch 335 test: acc=0.779040, f1=0.472620, auc=0.940000, bac=0.602867, sens=0.602867, spec=0.961076
epoch 335 val: acc=0.788035, f1=0.505662, auc=0.950352, bac=0.639673, sens=0.639673, spec=0.962884
Epoch [335/500] Loss=0.265497 Acc=0.916602
epoch 336 test: acc=0.779040, f1=0.468677, auc=0.939476, bac=0.600642, sens=0.600642, spec=0.961009
epoch 336 val: acc=0.790098, f1=0.507426, auc=0.949866, bac=0.640392, sens=0.640392, spec=0.963175
Epoch [336/500] Loss=0.265548 Acc=0.916599
epoch 337 test: acc=0.779298, f1=0.473357, auc=0.939830, bac=0.604245, sens=0.604245, spec=0.961235
epoch 337 val: acc=0.787519, f1=0.504142, auc=0.949882, bac=0.639820, sens=0.639820, spec=0.962709
Epoch [337/500] Loss=0.264685 Acc=0.916712
epoch 338 test: acc=0.780847, f1=0.472298, auc=0.939916, bac=0.604103, sens=0.604103, spec=0.961312
epoch 338 val: acc=0.788551, f1=0.503894, auc=0.950252, bac=0.637969, sens=0.637969, spec=0.962734
Epoch [338/500] Loss=0.265166 Acc=0.916672
epoch 339 test: acc=0.779814, f1=0.472366, auc=0.940086, bac=0.604805, sens=0.604805, spec=0.961426
epoch 339 val: acc=0.788551, f1=0.503644, auc=0.949551, bac=0.635763, sens=0.635763, spec=0.963196
Epoch [339/500] Loss=0.263751 Acc=0.916907
epoch 340 test: acc=0.779814, f1=0.478021, auc=0.939943, bac=0.619537, sens=0.619537, spec=0.961334
epoch 340 val: acc=0.787519, f1=0.505039, auc=0.949751, bac=0.640811, sens=0.640811, spec=0.962984
Epoch [340/500] Loss=0.261838 Acc=0.917349
epoch 341 test: acc=0.778007, f1=0.468177, auc=0.939767, bac=0.602635, sens=0.602635, spec=0.960829
epoch 341 val: acc=0.789067, f1=0.505941, auc=0.949742, bac=0.640395, sens=0.640395, spec=0.963159
Epoch [341/500] Loss=0.265777 Acc=0.916387
epoch 342 test: acc=0.781621, f1=0.479795, auc=0.940504, bac=0.620003, sens=0.620003, spec=0.961308
epoch 342 val: acc=0.787519, f1=0.505813, auc=0.950278, bac=0.639207, sens=0.639207, spec=0.962198
Epoch [342/500] Loss=0.265453 Acc=0.916854
epoch 343 test: acc=0.782137, f1=0.473302, auc=0.940202, bac=0.581313, sens=0.581313, spec=0.961577
epoch 343 val: acc=0.789067, f1=0.513425, auc=0.950147, bac=0.641716, sens=0.641716, spec=0.962888
Epoch [343/500] Loss=0.266602 Acc=0.916309
epoch 344 test: acc=0.782395, f1=0.473673, auc=0.939656, bac=0.604917, sens=0.604917, spec=0.961612
epoch 344 val: acc=0.787519, f1=0.501304, auc=0.949753, bac=0.633777, sens=0.633777, spec=0.962591
Epoch [344/500] Loss=0.263867 Acc=0.917004
epoch 345 test: acc=0.780072, f1=0.468772, auc=0.939484, bac=0.604551, sens=0.604551, spec=0.961370
epoch 345 val: acc=0.789067, f1=0.504806, auc=0.949728, bac=0.640150, sens=0.640150, spec=0.963183
Epoch [345/500] Loss=0.263411 Acc=0.917456
epoch 346 test: acc=0.783686, f1=0.480730, auc=0.940665, bac=0.616166, sens=0.616166, spec=0.961679
epoch 346 val: acc=0.789582, f1=0.504437, auc=0.950572, bac=0.636740, sens=0.636740, spec=0.962748
Epoch [346/500] Loss=0.263996 Acc=0.917199
epoch 347 test: acc=0.779040, f1=0.464440, auc=0.939546, bac=0.578010, sens=0.578010, spec=0.961186
epoch 347 val: acc=0.789582, f1=0.505011, auc=0.950168, bac=0.638776, sens=0.638776, spec=0.963111
Epoch [347/500] Loss=0.265378 Acc=0.915884
epoch 348 test: acc=0.775684, f1=0.466846, auc=0.939264, bac=0.602283, sens=0.602283, spec=0.960688
epoch 348 val: acc=0.787519, f1=0.504565, auc=0.949378, bac=0.639906, sens=0.639906, spec=0.963056
Epoch [348/500] Loss=0.264769 Acc=0.916247
epoch 349 test: acc=0.781363, f1=0.477161, auc=0.940379, bac=0.619211, sens=0.619211, spec=0.961410
epoch 349 val: acc=0.785456, f1=0.500872, auc=0.949750, bac=0.633719, sens=0.633719, spec=0.962526
Epoch [349/500] Loss=0.265325 Acc=0.916014
epoch 350 test: acc=0.781879, f1=0.470854, auc=0.940742, bac=0.603566, sens=0.603566, spec=0.961499
epoch 350 val: acc=0.790614, f1=0.506083, auc=0.950688, bac=0.639545, sens=0.639545, spec=0.963025
Epoch [350/500] Loss=0.263591 Acc=0.916527
epoch 351 test: acc=0.779556, f1=0.480183, auc=0.939774, bac=0.619606, sens=0.619606, spec=0.961189
epoch 351 val: acc=0.788035, f1=0.506690, auc=0.950054, bac=0.640003, sens=0.640003, spec=0.962866
Epoch [351/500] Loss=0.261673 Acc=0.918046
epoch 352 test: acc=0.781621, f1=0.471908, auc=0.940799, bac=0.601500, sens=0.601500, spec=0.961254
epoch 352 val: acc=0.791129, f1=0.506816, auc=0.950898, bac=0.639642, sens=0.639642, spec=0.962976
Epoch [352/500] Loss=0.259014 Acc=0.918806
epoch 353 test: acc=0.779040, f1=0.474923, auc=0.940147, bac=0.604711, sens=0.604711, spec=0.961204
epoch 353 val: acc=0.790098, f1=0.507546, auc=0.949615, bac=0.641862, sens=0.641862, spec=0.963318
Epoch [353/500] Loss=0.258556 Acc=0.919128
epoch 354 test: acc=0.779040, f1=0.476393, auc=0.939500, bac=0.619603, sens=0.619603, spec=0.961192
epoch 354 val: acc=0.788551, f1=0.505193, auc=0.950246, bac=0.640383, sens=0.640383, spec=0.963208
Epoch [354/500] Loss=0.261553 Acc=0.917751
epoch 355 test: acc=0.781363, f1=0.473502, auc=0.940355, bac=0.605714, sens=0.605714, spec=0.961750
epoch 355 val: acc=0.789067, f1=0.506738, auc=0.950327, bac=0.641376, sens=0.641376, spec=0.963379
Epoch [355/500] Loss=0.260574 Acc=0.917974
epoch 356 test: acc=0.782395, f1=0.483725, auc=0.940009, bac=0.620989, sens=0.620989, spec=0.961577
epoch 356 val: acc=0.786488, f1=0.500381, auc=0.949937, bac=0.633253, sens=0.633253, spec=0.962676
Epoch [356/500] Loss=0.263419 Acc=0.916847
epoch 357 test: acc=0.783428, f1=0.482175, auc=0.940764, bac=0.620448, sens=0.620448, spec=0.961613
epoch 357 val: acc=0.789067, f1=0.504715, auc=0.950579, bac=0.635247, sens=0.635247, spec=0.962902
Epoch [357/500] Loss=0.262318 Acc=0.917251
epoch 358 test: acc=0.780847, f1=0.481033, auc=0.939770, bac=0.620580, sens=0.620580, spec=0.961303
epoch 358 val: acc=0.787519, f1=0.503609, auc=0.949850, bac=0.635569, sens=0.635569, spec=0.962804
Epoch [358/500] Loss=0.263174 Acc=0.917231
epoch 359 test: acc=0.778782, f1=0.470412, auc=0.939277, bac=0.604214, sens=0.604214, spec=0.961070
epoch 359 val: acc=0.789582, f1=0.506130, auc=0.950177, bac=0.641152, sens=0.641152, spec=0.963129
Epoch [359/500] Loss=0.261336 Acc=0.917766
epoch 360 test: acc=0.781363, f1=0.475725, auc=0.940224, bac=0.603347, sens=0.603347, spec=0.961312
epoch 360 val: acc=0.789067, f1=0.504927, auc=0.950193, bac=0.633776, sens=0.633776, spec=0.962772
Epoch [360/500] Loss=0.262767 Acc=0.917521
epoch 361 test: acc=0.781621, f1=0.475105, auc=0.939377, bac=0.605786, sens=0.605786, spec=0.961431
epoch 361 val: acc=0.787519, f1=0.505814, auc=0.949982, bac=0.639954, sens=0.639954, spec=0.962558
Epoch [361/500] Loss=0.263484 Acc=0.916439
epoch 362 test: acc=0.779040, f1=0.476240, auc=0.939226, bac=0.605493, sens=0.605493, spec=0.961157
epoch 362 val: acc=0.787519, f1=0.505360, auc=0.949573, bac=0.639576, sens=0.639576, spec=0.962923
Epoch [362/500] Loss=0.264180 Acc=0.916354
epoch 363 test: acc=0.781105, f1=0.478225, auc=0.939914, bac=0.619464, sens=0.619464, spec=0.961417
epoch 363 val: acc=0.788551, f1=0.504935, auc=0.949810, bac=0.639157, sens=0.639157, spec=0.962849
Epoch [363/500] Loss=0.260001 Acc=0.917729
epoch 364 test: acc=0.782654, f1=0.475028, auc=0.939959, bac=0.595288, sens=0.595288, spec=0.961329
epoch 364 val: acc=0.790614, f1=0.505505, auc=0.950498, bac=0.635538, sens=0.635538, spec=0.963151
Epoch [364/500] Loss=0.260430 Acc=0.917806
epoch 365 test: acc=0.782654, f1=0.481011, auc=0.939945, bac=0.619976, sens=0.619976, spec=0.961582
epoch 365 val: acc=0.788035, f1=0.507303, auc=0.950219, bac=0.638494, sens=0.638494, spec=0.962515
Epoch [365/500] Loss=0.260991 Acc=0.917629
epoch 366 test: acc=0.782137, f1=0.482490, auc=0.939760, bac=0.620634, sens=0.620634, spec=0.961619
epoch 366 val: acc=0.789582, f1=0.505490, auc=0.950022, bac=0.639351, sens=0.639351, spec=0.963119
Epoch [366/500] Loss=0.260129 Acc=0.918161
epoch 367 test: acc=0.779814, f1=0.478044, auc=0.939300, bac=0.619509, sens=0.619509, spec=0.961246
epoch 367 val: acc=0.788035, f1=0.505311, auc=0.950031, bac=0.640239, sens=0.640239, spec=0.963128
Epoch [367/500] Loss=0.261176 Acc=0.917057
epoch 368 test: acc=0.780072, f1=0.473805, auc=0.940024, bac=0.604287, sens=0.604287, spec=0.961196
epoch 368 val: acc=0.789582, f1=0.506727, auc=0.950074, bac=0.639351, sens=0.639351, spec=0.962751
Epoch [368/500] Loss=0.257942 Acc=0.918371
epoch 369 test: acc=0.785235, f1=0.474688, auc=0.940201, bac=0.601683, sens=0.601683, spec=0.961929
epoch 369 val: acc=0.790098, f1=0.504727, auc=0.950831, bac=0.633443, sens=0.633443, spec=0.962666
Epoch [369/500] Loss=0.259529 Acc=0.918241
epoch 370 test: acc=0.779556, f1=0.479357, auc=0.939497, bac=0.620313, sens=0.620313, spec=0.961252
epoch 370 val: acc=0.787004, f1=0.505499, auc=0.949944, bac=0.638583, sens=0.638583, spec=0.962594
Epoch [370/500] Loss=0.260303 Acc=0.917576
epoch 371 test: acc=0.781105, f1=0.482293, auc=0.939850, bac=0.619893, sens=0.619893, spec=0.961350
epoch 371 val: acc=0.788035, f1=0.502098, auc=0.949753, bac=0.634157, sens=0.634157, spec=0.962766
Epoch [371/500] Loss=0.259842 Acc=0.918281
epoch 372 test: acc=0.781879, f1=0.471905, auc=0.939639, bac=0.604438, sens=0.604438, spec=0.961414
epoch 372 val: acc=0.790614, f1=0.504287, auc=0.950106, bac=0.634925, sens=0.634925, spec=0.962788
Epoch [372/500] Loss=0.258250 Acc=0.918561
epoch 373 test: acc=0.785751, f1=0.474310, auc=0.941377, bac=0.599837, sens=0.599837, spec=0.961859
epoch 373 val: acc=0.794740, f1=0.510925, auc=0.951152, bac=0.638936, sens=0.638936, spec=0.963210
Epoch [373/500] Loss=0.257751 Acc=0.919598
epoch 374 test: acc=0.779040, f1=0.479706, auc=0.938975, bac=0.621069, sens=0.621069, spec=0.961350
epoch 374 val: acc=0.790614, f1=0.508425, auc=0.949582, bac=0.642564, sens=0.642564, spec=0.963483
Epoch [374/500] Loss=0.257907 Acc=0.918306
epoch 375 test: acc=0.780072, f1=0.480731, auc=0.940060, bac=0.619821, sens=0.619821, spec=0.961255
epoch 375 val: acc=0.790098, f1=0.509419, auc=0.950324, bac=0.642098, sens=0.642098, spec=0.963031
Epoch [375/500] Loss=0.258973 Acc=0.917876
epoch 376 test: acc=0.779040, f1=0.467439, auc=0.938876, bac=0.579396, sens=0.579396, spec=0.961221
epoch 376 val: acc=0.787519, f1=0.502780, auc=0.949800, bac=0.635852, sens=0.635852, spec=0.963033
Epoch [376/500] Loss=0.260760 Acc=0.916954
epoch 377 test: acc=0.780072, f1=0.466356, auc=0.939096, bac=0.579760, sens=0.579760, spec=0.961083
epoch 377 val: acc=0.787004, f1=0.502757, auc=0.949452, bac=0.635189, sens=0.635189, spec=0.962862
Epoch [377/500] Loss=0.257670 Acc=0.918151
epoch 378 test: acc=0.783944, f1=0.480849, auc=0.939996, bac=0.619323, sens=0.619323, spec=0.961730
epoch 378 val: acc=0.789067, f1=0.503006, auc=0.950708, bac=0.633785, sens=0.633785, spec=0.962712
Epoch [378/500] Loss=0.258168 Acc=0.918491
epoch 379 test: acc=0.782654, f1=0.485638, auc=0.940242, bac=0.621796, sens=0.621796, spec=0.961673
epoch 379 val: acc=0.789582, f1=0.509851, auc=0.950385, bac=0.639634, sens=0.639634, spec=0.962973
Epoch [379/500] Loss=0.256503 Acc=0.919443
epoch 380 test: acc=0.784461, f1=0.476961, auc=0.940027, bac=0.605844, sens=0.605844, spec=0.961758
epoch 380 val: acc=0.789067, f1=0.503752, auc=0.950367, bac=0.635294, sens=0.635294, spec=0.962905
Epoch [380/500] Loss=0.257592 Acc=0.918996
epoch 381 test: acc=0.781363, f1=0.482778, auc=0.939728, bac=0.619886, sens=0.619886, spec=0.961376
epoch 381 val: acc=0.788551, f1=0.505350, auc=0.949489, bac=0.640100, sens=0.640100, spec=0.962863
Epoch [381/500] Loss=0.255307 Acc=0.919568
epoch 382 test: acc=0.781105, f1=0.475205, auc=0.939838, bac=0.604175, sens=0.604175, spec=0.961366
epoch 382 val: acc=0.787519, f1=0.503457, auc=0.950272, bac=0.637256, sens=0.637256, spec=0.962602
Epoch [382/500] Loss=0.257213 Acc=0.918901
epoch 383 test: acc=0.782137, f1=0.483094, auc=0.939808, bac=0.620394, sens=0.620394, spec=0.961547
epoch 383 val: acc=0.788035, f1=0.507380, auc=0.950158, bac=0.638863, sens=0.638863, spec=0.962622
Epoch [383/500] Loss=0.259018 Acc=0.918271
epoch 384 test: acc=0.783686, f1=0.479063, auc=0.940731, bac=0.617700, sens=0.617700, spec=0.961726
epoch 384 val: acc=0.789067, f1=0.505767, auc=0.950705, bac=0.639254, sens=0.639254, spec=0.962804
Epoch [384/500] Loss=0.253814 Acc=0.920078
epoch 385 test: acc=0.780847, f1=0.475019, auc=0.939490, bac=0.605262, sens=0.605262, spec=0.961225
epoch 385 val: acc=0.789582, f1=0.504244, auc=0.950607, bac=0.634769, sens=0.634769, spec=0.962977
Epoch [385/500] Loss=0.255046 Acc=0.919608
epoch 386 test: acc=0.780589, f1=0.471662, auc=0.939447, bac=0.602399, sens=0.602399, spec=0.961234
epoch 386 val: acc=0.791129, f1=0.509843, auc=0.950754, bac=0.641434, sens=0.641434, spec=0.963314
Epoch [386/500] Loss=0.255910 Acc=0.918943
epoch 387 test: acc=0.784202, f1=0.483895, auc=0.940586, bac=0.620353, sens=0.620353, spec=0.961807
epoch 387 val: acc=0.788551, f1=0.507545, auc=0.950835, bac=0.637772, sens=0.637772, spec=0.962554
Epoch [387/500] Loss=0.255865 Acc=0.919491
epoch 388 test: acc=0.782137, f1=0.478764, auc=0.939635, bac=0.606637, sens=0.606637, spec=0.961606
epoch 388 val: acc=0.790614, f1=0.509340, auc=0.950287, bac=0.641140, sens=0.641140, spec=0.963224
Epoch [388/500] Loss=0.254799 Acc=0.919516
epoch 389 test: acc=0.784461, f1=0.487131, auc=0.939574, bac=0.623004, sens=0.623004, spec=0.962013
epoch 389 val: acc=0.786488, f1=0.503878, auc=0.949587, bac=0.634479, sens=0.634479, spec=0.962516
Epoch [389/500] Loss=0.258481 Acc=0.918346
epoch 390 test: acc=0.786267, f1=0.478077, auc=0.940456, bac=0.596667, sens=0.596667, spec=0.961876
epoch 390 val: acc=0.789582, f1=0.506277, auc=0.950790, bac=0.633921, sens=0.633921, spec=0.962477
Epoch [390/500] Loss=0.256305 Acc=0.919003
epoch 391 test: acc=0.783170, f1=0.479396, auc=0.939961, bac=0.606761, sens=0.606761, spec=0.961656
epoch 391 val: acc=0.790098, f1=0.509678, auc=0.950328, bac=0.640100, sens=0.640100, spec=0.962905
Epoch [391/500] Loss=0.254957 Acc=0.919008
epoch 392 test: acc=0.784202, f1=0.486131, auc=0.940577, bac=0.621112, sens=0.621112, spec=0.961779
epoch 392 val: acc=0.790614, f1=0.507243, auc=0.950619, bac=0.640244, sens=0.640244, spec=0.962890
Epoch [392/500] Loss=0.252892 Acc=0.919948
epoch 393 test: acc=0.783686, f1=0.476741, auc=0.940135, bac=0.605745, sens=0.605745, spec=0.961696
epoch 393 val: acc=0.790614, f1=0.510011, auc=0.950769, bac=0.641998, sens=0.641998, spec=0.963107
Epoch [393/500] Loss=0.254156 Acc=0.919198
epoch 394 test: acc=0.784719, f1=0.486452, auc=0.940195, bac=0.622487, sens=0.622487, spec=0.961718
epoch 394 val: acc=0.788551, f1=0.507161, auc=0.950374, bac=0.639157, sens=0.639157, spec=0.962710
Epoch [394/500] Loss=0.255688 Acc=0.919301
epoch 395 test: acc=0.779814, f1=0.476111, auc=0.939312, bac=0.596160, sens=0.596160, spec=0.961365
epoch 395 val: acc=0.788551, f1=0.506216, auc=0.950038, bac=0.641562, sens=0.641562, spec=0.963193
Epoch [395/500] Loss=0.253719 Acc=0.919923
epoch 396 test: acc=0.783428, f1=0.476664, auc=0.940189, bac=0.596684, sens=0.596684, spec=0.961651
epoch 396 val: acc=0.789067, f1=0.507920, auc=0.950584, bac=0.639340, sens=0.639340, spec=0.962641
Epoch [396/500] Loss=0.253904 Acc=0.919991
epoch 397 test: acc=0.779814, f1=0.483261, auc=0.939191, bac=0.620853, sens=0.620853, spec=0.961076
epoch 397 val: acc=0.788551, f1=0.502693, auc=0.949859, bac=0.635150, sens=0.635150, spec=0.963326
Epoch [397/500] Loss=0.256113 Acc=0.918996
epoch 398 test: acc=0.783428, f1=0.483077, auc=0.940442, bac=0.619760, sens=0.619760, spec=0.961589
epoch 398 val: acc=0.791129, f1=0.507521, auc=0.950932, bac=0.639398, sens=0.639398, spec=0.962946
Epoch [398/500] Loss=0.252071 Acc=0.920543
epoch 399 test: acc=0.782137, f1=0.479918, auc=0.940266, bac=0.619375, sens=0.619375, spec=0.961482
epoch 399 val: acc=0.790098, f1=0.507423, auc=0.950448, bac=0.640100, sens=0.640100, spec=0.962926
Epoch [399/500] Loss=0.253844 Acc=0.919908
epoch 400 test: acc=0.784719, f1=0.483525, auc=0.940402, bac=0.620313, sens=0.620313, spec=0.961713
epoch 400 val: acc=0.790098, f1=0.504582, auc=0.950681, bac=0.634348, sens=0.634348, spec=0.963095
Epoch [400/500] Loss=0.255317 Acc=0.919533
epoch 401 test: acc=0.780072, f1=0.474951, auc=0.939386, bac=0.596379, sens=0.596379, spec=0.961300
epoch 401 val: acc=0.788551, f1=0.508784, auc=0.949959, bac=0.641327, sens=0.641327, spec=0.963062
Epoch [401/500] Loss=0.255518 Acc=0.919436
epoch 402 test: acc=0.783170, f1=0.481535, auc=0.940525, bac=0.619565, sens=0.619565, spec=0.961624
epoch 402 val: acc=0.791129, f1=0.506067, auc=0.950936, bac=0.640011, sens=0.640011, spec=0.963213
Epoch [402/500] Loss=0.251405 Acc=0.921048
epoch 403 test: acc=0.784719, f1=0.490874, auc=0.940290, bac=0.622039, sens=0.622039, spec=0.961752
epoch 403 val: acc=0.789067, f1=0.508407, auc=0.950387, bac=0.639781, sens=0.639781, spec=0.962789
Epoch [403/500] Loss=0.253077 Acc=0.920330
epoch 404 test: acc=0.780330, f1=0.477491, auc=0.939650, bac=0.620078, sens=0.620078, spec=0.961394
epoch 404 val: acc=0.789067, f1=0.506954, auc=0.949841, bac=0.641424, sens=0.641424, spec=0.963287
Epoch [404/500] Loss=0.253761 Acc=0.919723
epoch 405 test: acc=0.783944, f1=0.483038, auc=0.939310, bac=0.622011, sens=0.622011, spec=0.961777
epoch 405 val: acc=0.790098, f1=0.506325, auc=0.950227, bac=0.635394, sens=0.635394, spec=0.963038
Epoch [405/500] Loss=0.257401 Acc=0.918689
epoch 406 test: acc=0.783170, f1=0.470636, auc=0.940240, bac=0.576508, sens=0.576508, spec=0.961627
epoch 406 val: acc=0.790098, f1=0.514212, auc=0.950767, bac=0.640430, sens=0.640430, spec=0.962892
Epoch [406/500] Loss=0.253464 Acc=0.919413
epoch 407 test: acc=0.784461, f1=0.474472, auc=0.941123, bac=0.581627, sens=0.581627, spec=0.961978
epoch 407 val: acc=0.794224, f1=0.520218, auc=0.951166, bac=0.642630, sens=0.642630, spec=0.963570
Epoch [407/500] Loss=0.252350 Acc=0.920590
epoch 408 test: acc=0.782654, f1=0.481483, auc=0.939526, bac=0.621981, sens=0.621981, spec=0.961653
epoch 408 val: acc=0.791129, f1=0.510662, auc=0.950251, bac=0.643077, sens=0.643077, spec=0.963547
Epoch [408/500] Loss=0.251785 Acc=0.920153
epoch 409 test: acc=0.781879, f1=0.482650, auc=0.940255, bac=0.619916, sens=0.619916, spec=0.961561
epoch 409 val: acc=0.789067, f1=0.505762, auc=0.950751, bac=0.636143, sens=0.636143, spec=0.963016
Epoch [409/500] Loss=0.253424 Acc=0.919843
epoch 410 test: acc=0.782912, f1=0.475265, auc=0.940107, bac=0.594168, sens=0.594168, spec=0.961746
epoch 410 val: acc=0.791129, f1=0.508799, auc=0.950319, bac=0.635674, sens=0.635674, spec=0.962936
Epoch [410/500] Loss=0.251574 Acc=0.919981
epoch 411 test: acc=0.782912, f1=0.475317, auc=0.940040, bac=0.601957, sens=0.601957, spec=0.961765
epoch 411 val: acc=0.791645, f1=0.509640, auc=0.950916, bac=0.641099, sens=0.641099, spec=0.963132
Epoch [411/500] Loss=0.254961 Acc=0.919468
epoch 412 test: acc=0.782137, f1=0.467839, auc=0.940309, bac=0.579964, sens=0.579964, spec=0.961302
epoch 412 val: acc=0.792161, f1=0.509355, auc=0.951032, bac=0.640158, sens=0.640158, spec=0.963069
Epoch [412/500] Loss=0.251387 Acc=0.920960
epoch 413 test: acc=0.784461, f1=0.483606, auc=0.940065, bac=0.619973, sens=0.619973, spec=0.961685
epoch 413 val: acc=0.787519, f1=0.501959, auc=0.950756, bac=0.628865, sens=0.628865, spec=0.962434
Epoch [413/500] Loss=0.255009 Acc=0.920123
epoch 414 test: acc=0.779814, f1=0.479480, auc=0.938924, bac=0.621762, sens=0.621762, spec=0.961526
epoch 414 val: acc=0.787004, f1=0.505240, auc=0.949778, bac=0.640045, sens=0.640045, spec=0.962848
Epoch [414/500] Loss=0.252642 Acc=0.920186
epoch 415 test: acc=0.782912, f1=0.480939, auc=0.939963, bac=0.620728, sens=0.620728, spec=0.961562
epoch 415 val: acc=0.791645, f1=0.510540, auc=0.950403, bac=0.644511, sens=0.644511, spec=0.963634
Epoch [415/500] Loss=0.250111 Acc=0.921105
epoch 416 test: acc=0.785751, f1=0.481149, auc=0.940730, bac=0.603057, sens=0.603057, spec=0.962015
epoch 416 val: acc=0.790614, f1=0.515617, auc=0.951048, bac=0.639583, sens=0.639583, spec=0.962820
Epoch [416/500] Loss=0.254639 Acc=0.919338
epoch 417 test: acc=0.781621, f1=0.481311, auc=0.939798, bac=0.619891, sens=0.619891, spec=0.961622
epoch 417 val: acc=0.786488, f1=0.500460, auc=0.949917, bac=0.633913, sens=0.633913, spec=0.962807
Epoch [417/500] Loss=0.251168 Acc=0.920423
epoch 418 test: acc=0.783428, f1=0.477638, auc=0.939600, bac=0.597297, sens=0.597297, spec=0.961592
epoch 418 val: acc=0.790098, f1=0.507704, auc=0.950226, bac=0.636054, sens=0.636054, spec=0.963031
Epoch [418/500] Loss=0.253057 Acc=0.919691
epoch 419 test: acc=0.783944, f1=0.482129, auc=0.939859, bac=0.621342, sens=0.621342, spec=0.961792
epoch 419 val: acc=0.790098, f1=0.509461, auc=0.950074, bac=0.641240, sens=0.641240, spec=0.963032
Epoch [419/500] Loss=0.249827 Acc=0.921135
epoch 420 test: acc=0.780330, f1=0.469619, auc=0.939245, bac=0.581445, sens=0.581445, spec=0.961473
epoch 420 val: acc=0.788551, f1=0.507676, auc=0.950055, bac=0.639865, sens=0.639865, spec=0.962961
Epoch [420/500] Loss=0.251032 Acc=0.920403
epoch 421 test: acc=0.781879, f1=0.481448, auc=0.939890, bac=0.620321, sens=0.620321, spec=0.961506
epoch 421 val: acc=0.790614, f1=0.507574, auc=0.950190, bac=0.636190, sens=0.636190, spec=0.963228
Epoch [421/500] Loss=0.249540 Acc=0.920925
epoch 422 test: acc=0.782137, f1=0.480977, auc=0.939654, bac=0.621011, sens=0.621011, spec=0.961511
epoch 422 val: acc=0.792677, f1=0.508526, auc=0.949930, bac=0.642056, sens=0.642056, spec=0.963670
Epoch [422/500] Loss=0.252283 Acc=0.919293
epoch 423 test: acc=0.785235, f1=0.476986, auc=0.940540, bac=0.597019, sens=0.597019, spec=0.961963
epoch 423 val: acc=0.791645, f1=0.510492, auc=0.950848, bac=0.634544, sens=0.634544, spec=0.962866
Epoch [423/500] Loss=0.251410 Acc=0.920838
epoch 424 test: acc=0.786267, f1=0.487414, auc=0.940516, bac=0.622090, sens=0.622090, spec=0.961929
epoch 424 val: acc=0.792677, f1=0.507977, auc=0.951259, bac=0.630252, sens=0.630252, spec=0.963000
Epoch [424/500] Loss=0.251105 Acc=0.920400
epoch 425 test: acc=0.783170, f1=0.480622, auc=0.939925, bac=0.621630, sens=0.621630, spec=0.961649
epoch 425 val: acc=0.788551, f1=0.504961, auc=0.950536, bac=0.639487, sens=0.639487, spec=0.962978
Epoch [425/500] Loss=0.250894 Acc=0.920835
epoch 426 test: acc=0.780847, f1=0.475550, auc=0.939759, bac=0.595506, sens=0.595506, spec=0.961335
epoch 426 val: acc=0.793708, f1=0.516499, auc=0.950203, bac=0.644325, sens=0.644325, spec=0.963631
Epoch [426/500] Loss=0.250728 Acc=0.920685
epoch 427 test: acc=0.786526, f1=0.478224, auc=0.941097, bac=0.602493, sens=0.602493, spec=0.962042
epoch 427 val: acc=0.795255, f1=0.509723, auc=0.951805, bac=0.635357, sens=0.635357, spec=0.963405
Epoch [427/500] Loss=0.247710 Acc=0.921540
epoch 428 test: acc=0.783428, f1=0.479459, auc=0.940293, bac=0.605390, sens=0.605390, spec=0.961524
epoch 428 val: acc=0.790098, f1=0.506114, auc=0.950946, bac=0.635244, sens=0.635244, spec=0.962684
Epoch [428/500] Loss=0.248222 Acc=0.921890
epoch 429 test: acc=0.781879, f1=0.480499, auc=0.939442, bac=0.621222, sens=0.621222, spec=0.961585
epoch 429 val: acc=0.789067, f1=0.505414, auc=0.949629, bac=0.635860, sens=0.635860, spec=0.963042
Epoch [429/500] Loss=0.250141 Acc=0.920550
epoch 430 test: acc=0.785751, f1=0.484659, auc=0.940229, bac=0.620338, sens=0.620338, spec=0.961989
epoch 430 val: acc=0.791129, f1=0.509523, auc=0.950988, bac=0.634853, sens=0.634853, spec=0.962923
Epoch [430/500] Loss=0.250272 Acc=0.920685
epoch 431 test: acc=0.783686, f1=0.477541, auc=0.940575, bac=0.604888, sens=0.604888, spec=0.961747
epoch 431 val: acc=0.791645, f1=0.507006, auc=0.950699, bac=0.636762, sens=0.636762, spec=0.963139
Epoch [431/500] Loss=0.245723 Acc=0.922872
epoch 432 test: acc=0.782654, f1=0.477440, auc=0.939497, bac=0.597025, sens=0.597025, spec=0.961582
epoch 432 val: acc=0.788551, f1=0.503548, auc=0.950086, bac=0.633679, sens=0.633679, spec=0.962827
Epoch [432/500] Loss=0.249204 Acc=0.921275
epoch 433 test: acc=0.783944, f1=0.478745, auc=0.940632, bac=0.595985, sens=0.595985, spec=0.961697
epoch 433 val: acc=0.790614, f1=0.506269, auc=0.950638, bac=0.634633, sens=0.634633, spec=0.963105
Epoch [433/500] Loss=0.246574 Acc=0.922455
epoch 434 test: acc=0.781621, f1=0.481777, auc=0.939926, bac=0.619726, sens=0.619726, spec=0.961443
epoch 434 val: acc=0.790098, f1=0.507911, auc=0.950474, bac=0.641240, sens=0.641240, spec=0.963178
Epoch [434/500] Loss=0.251790 Acc=0.919853
epoch 435 test: acc=0.787042, f1=0.485717, auc=0.940968, bac=0.622928, sens=0.622928, spec=0.961884
epoch 435 val: acc=0.791129, f1=0.504174, auc=0.951346, bac=0.629931, sens=0.629931, spec=0.962746
Epoch [435/500] Loss=0.247006 Acc=0.922167
epoch 436 test: acc=0.780330, f1=0.469268, auc=0.939374, bac=0.580690, sens=0.580690, spec=0.961311
epoch 436 val: acc=0.791645, f1=0.511284, auc=0.950028, bac=0.642852, sens=0.642852, spec=0.963633
Epoch [436/500] Loss=0.249309 Acc=0.920795
epoch 437 test: acc=0.780330, f1=0.485424, auc=0.939477, bac=0.622241, sens=0.622241, spec=0.961345
epoch 437 val: acc=0.791645, f1=0.509923, auc=0.950081, bac=0.643371, sens=0.643371, spec=0.963735
Epoch [437/500] Loss=0.248599 Acc=0.920833
epoch 438 test: acc=0.782137, f1=0.477148, auc=0.940259, bac=0.595847, sens=0.595847, spec=0.961537
epoch 438 val: acc=0.791645, f1=0.509181, auc=0.951514, bac=0.636345, sens=0.636345, spec=0.963140
Epoch [438/500] Loss=0.248652 Acc=0.921218
epoch 439 test: acc=0.782912, f1=0.476802, auc=0.939991, bac=0.597502, sens=0.597502, spec=0.961564
epoch 439 val: acc=0.792161, f1=0.508134, auc=0.950709, bac=0.635537, sens=0.635537, spec=0.963189
Epoch [439/500] Loss=0.249580 Acc=0.920993
epoch 440 test: acc=0.786267, f1=0.483589, auc=0.940318, bac=0.621312, sens=0.621312, spec=0.961972
epoch 440 val: acc=0.790098, f1=0.505404, auc=0.950718, bac=0.635733, sens=0.635733, spec=0.962714
Epoch [440/500] Loss=0.246655 Acc=0.921940
epoch 441 test: acc=0.779556, f1=0.471772, auc=0.939356, bac=0.581723, sens=0.581723, spec=0.961331
epoch 441 val: acc=0.792677, f1=0.512844, auc=0.950173, bac=0.644744, sens=0.644744, spec=0.963868
Epoch [441/500] Loss=0.247625 Acc=0.921550
epoch 442 test: acc=0.780589, f1=0.473268, auc=0.938924, bac=0.595834, sens=0.595834, spec=0.961389
epoch 442 val: acc=0.789582, f1=0.502394, auc=0.949729, bac=0.636523, sens=0.636523, spec=0.963719
Epoch [442/500] Loss=0.250077 Acc=0.920555
epoch 443 test: acc=0.783944, f1=0.479397, auc=0.940656, bac=0.606152, sens=0.606152, spec=0.961766
epoch 443 val: acc=0.792161, f1=0.505949, auc=0.951277, bac=0.630917, sens=0.630917, spec=0.963304
Epoch [443/500] Loss=0.247733 Acc=0.921598
epoch 444 test: acc=0.783428, f1=0.484972, auc=0.940079, bac=0.622395, sens=0.622395, spec=0.961598
epoch 444 val: acc=0.795255, f1=0.513364, auc=0.950893, bac=0.642910, sens=0.642910, spec=0.963640
Epoch [444/500] Loss=0.247566 Acc=0.921535
epoch 445 test: acc=0.781363, f1=0.473547, auc=0.940088, bac=0.581107, sens=0.581107, spec=0.961472
epoch 445 val: acc=0.793192, f1=0.514553, auc=0.950290, bac=0.643370, sens=0.643370, spec=0.963678
Epoch [445/500] Loss=0.245520 Acc=0.922520
epoch 446 test: acc=0.783944, f1=0.487560, auc=0.940220, bac=0.621790, sens=0.621790, spec=0.961750
epoch 446 val: acc=0.790098, f1=0.510817, auc=0.951092, bac=0.636620, sens=0.636620, spec=0.963000
Epoch [446/500] Loss=0.249378 Acc=0.920918
epoch 447 test: acc=0.786526, f1=0.480610, auc=0.940610, bac=0.605587, sens=0.605587, spec=0.961985
epoch 447 val: acc=0.793708, f1=0.509747, auc=0.951404, bac=0.635923, sens=0.635923, spec=0.963061
Epoch [447/500] Loss=0.246797 Acc=0.921413
epoch 448 test: acc=0.782137, f1=0.479173, auc=0.939778, bac=0.617833, sens=0.617833, spec=0.961417
epoch 448 val: acc=0.789582, f1=0.502715, auc=0.950499, bac=0.634156, sens=0.634156, spec=0.963234
Epoch [448/500] Loss=0.248191 Acc=0.921160
epoch 449 test: acc=0.782395, f1=0.477871, auc=0.939452, bac=0.597673, sens=0.597673, spec=0.961601
epoch 449 val: acc=0.791645, f1=0.507763, auc=0.950472, bac=0.638185, sens=0.638185, spec=0.963535
Epoch [449/500] Loss=0.248080 Acc=0.921290
epoch 450 test: acc=0.782395, f1=0.474723, auc=0.939645, bac=0.582705, sens=0.582705, spec=0.961632
epoch 450 val: acc=0.793192, f1=0.517965, auc=0.950536, bac=0.644031, sens=0.644031, spec=0.963681
Epoch [450/500] Loss=0.247236 Acc=0.921113
epoch 451 test: acc=0.784461, f1=0.472914, auc=0.940137, bac=0.580746, sens=0.580746, spec=0.961754
epoch 451 val: acc=0.791645, f1=0.512419, auc=0.951233, bac=0.630868, sens=0.630868, spec=0.962971
Epoch [451/500] Loss=0.247498 Acc=0.921815
epoch 452 test: acc=0.784461, f1=0.484342, auc=0.940767, bac=0.620279, sens=0.620279, spec=0.961850
epoch 452 val: acc=0.793708, f1=0.515261, auc=0.951193, bac=0.643429, sens=0.643429, spec=0.963415
Epoch [452/500] Loss=0.245241 Acc=0.921813
epoch 453 test: acc=0.783428, f1=0.481961, auc=0.939846, bac=0.608445, sens=0.608445, spec=0.961704
epoch 453 val: acc=0.792161, f1=0.511855, auc=0.950986, bac=0.642524, sens=0.642524, spec=0.963309
Epoch [453/500] Loss=0.247598 Acc=0.921950
epoch 454 test: acc=0.782654, f1=0.479236, auc=0.940044, bac=0.596318, sens=0.596318, spec=0.961530
epoch 454 val: acc=0.791645, f1=0.509375, auc=0.950424, bac=0.636479, sens=0.636479, spec=0.963141
Epoch [454/500] Loss=0.246168 Acc=0.922447
epoch 455 test: acc=0.780589, f1=0.477450, auc=0.940082, bac=0.616265, sens=0.616265, spec=0.961279
epoch 455 val: acc=0.791645, f1=0.504506, auc=0.950875, bac=0.634347, sens=0.634347, spec=0.963169
Epoch [455/500] Loss=0.244999 Acc=0.921900
epoch 456 test: acc=0.782395, f1=0.470677, auc=0.939980, bac=0.581381, sens=0.581381, spec=0.961550
epoch 456 val: acc=0.792161, f1=0.514361, auc=0.950690, bac=0.642658, sens=0.642658, spec=0.963185
Epoch [456/500] Loss=0.247058 Acc=0.921605
epoch 457 test: acc=0.785493, f1=0.485287, auc=0.941127, bac=0.621025, sens=0.621025, spec=0.961934
epoch 457 val: acc=0.794224, f1=0.508594, auc=0.951218, bac=0.631439, sens=0.631439, spec=0.963215
Epoch [457/500] Loss=0.243430 Acc=0.923165
epoch 458 test: acc=0.784977, f1=0.486820, auc=0.940475, bac=0.623148, sens=0.623148, spec=0.961910
epoch 458 val: acc=0.792161, f1=0.509082, auc=0.950944, bac=0.635954, sens=0.635954, spec=0.963167
Epoch [458/500] Loss=0.245389 Acc=0.922095
epoch 459 test: acc=0.781363, f1=0.478359, auc=0.939814, bac=0.607015, sens=0.607015, spec=0.961309
epoch 459 val: acc=0.793708, f1=0.518025, auc=0.950544, bac=0.645796, sens=0.645796, spec=0.963639
Epoch [459/500] Loss=0.243400 Acc=0.922692
epoch 460 test: acc=0.783944, f1=0.485398, auc=0.940226, bac=0.622463, sens=0.622463, spec=0.961918
epoch 460 val: acc=0.794740, f1=0.516275, auc=0.950800, bac=0.644236, sens=0.644236, spec=0.963921
Epoch [460/500] Loss=0.244301 Acc=0.921895
epoch 461 test: acc=0.784719, f1=0.484892, auc=0.941046, bac=0.619880, sens=0.619880, spec=0.961658
epoch 461 val: acc=0.797318, f1=0.516114, auc=0.951787, bac=0.638103, sens=0.638103, spec=0.963629
Epoch [461/500] Loss=0.246675 Acc=0.921952
epoch 462 test: acc=0.779298, f1=0.476522, auc=0.939145, bac=0.597562, sens=0.597562, spec=0.961329
epoch 462 val: acc=0.791645, f1=0.513886, auc=0.949776, bac=0.644314, sens=0.644314, spec=0.963605
Epoch [462/500] Loss=0.243583 Acc=0.922552
epoch 463 test: acc=0.782912, f1=0.483764, auc=0.939785, bac=0.621860, sens=0.621860, spec=0.961637
epoch 463 val: acc=0.790614, f1=0.508763, auc=0.950429, bac=0.637283, sens=0.637283, spec=0.963340
Epoch [463/500] Loss=0.244113 Acc=0.922482
epoch 464 test: acc=0.782654, f1=0.476003, auc=0.939652, bac=0.593875, sens=0.593875, spec=0.961518
epoch 464 val: acc=0.793192, f1=0.511151, auc=0.950305, bac=0.638051, sens=0.638051, spec=0.963813
Epoch [464/500] Loss=0.246151 Acc=0.921233
epoch 465 test: acc=0.784461, f1=0.483589, auc=0.940093, bac=0.621420, sens=0.621420, spec=0.961745
epoch 465 val: acc=0.791645, f1=0.505612, auc=0.950881, bac=0.634592, sens=0.634592, spec=0.963040
Epoch [465/500] Loss=0.244894 Acc=0.922307
epoch 466 test: acc=0.785751, f1=0.482023, auc=0.940725, bac=0.599035, sens=0.599035, spec=0.962063
epoch 466 val: acc=0.794740, f1=0.515471, auc=0.950809, bac=0.638193, sens=0.638193, spec=0.963409
Epoch [466/500] Loss=0.242145 Acc=0.923047
epoch 467 test: acc=0.784719, f1=0.479821, auc=0.940438, bac=0.605794, sens=0.605794, spec=0.961714
epoch 467 val: acc=0.791645, f1=0.508295, auc=0.951259, bac=0.636431, sens=0.636431, spec=0.962886
Epoch [467/500] Loss=0.243604 Acc=0.922975
epoch 468 test: acc=0.784977, f1=0.487811, auc=0.940155, bac=0.622724, sens=0.622724, spec=0.961994
epoch 468 val: acc=0.792161, f1=0.515768, auc=0.950986, bac=0.642044, sens=0.642044, spec=0.963062
Epoch [468/500] Loss=0.244590 Acc=0.922262
epoch 469 test: acc=0.784202, f1=0.479245, auc=0.940643, bac=0.595897, sens=0.595897, spec=0.961814
epoch 469 val: acc=0.791645, f1=0.508723, auc=0.950948, bac=0.635865, sens=0.635865, spec=0.962773
Epoch [469/500] Loss=0.241279 Acc=0.924399
epoch 470 test: acc=0.780847, f1=0.473928, auc=0.938634, bac=0.596850, sens=0.596850, spec=0.961475
epoch 470 val: acc=0.792161, f1=0.509546, auc=0.949514, bac=0.640036, sens=0.640036, spec=0.963727
Epoch [470/500] Loss=0.244938 Acc=0.921830
epoch 471 test: acc=0.784977, f1=0.479352, auc=0.940043, bac=0.596278, sens=0.596278, spec=0.961734
epoch 471 val: acc=0.792161, f1=0.505183, auc=0.950999, bac=0.630682, sens=0.630682, spec=0.963204
Epoch [471/500] Loss=0.244366 Acc=0.922287
epoch 472 test: acc=0.781879, f1=0.474174, auc=0.939578, bac=0.595602, sens=0.595602, spec=0.961525
epoch 472 val: acc=0.792677, f1=0.509148, auc=0.949934, bac=0.639275, sens=0.639275, spec=0.963658
Epoch [472/500] Loss=0.244384 Acc=0.921863
epoch 473 test: acc=0.786009, f1=0.487412, auc=0.940410, bac=0.620712, sens=0.620712, spec=0.961860
epoch 473 val: acc=0.789582, f1=0.509094, auc=0.951307, bac=0.633505, sens=0.633505, spec=0.962356
Epoch [473/500] Loss=0.246245 Acc=0.922187
epoch 474 test: acc=0.783170, f1=0.478478, auc=0.940046, bac=0.596844, sens=0.596844, spec=0.961609
epoch 474 val: acc=0.794740, f1=0.513549, auc=0.951229, bac=0.639098, sens=0.639098, spec=0.963668
Epoch [474/500] Loss=0.243171 Acc=0.922662
epoch 475 test: acc=0.779814, f1=0.480895, auc=0.938789, bac=0.621730, sens=0.621730, spec=0.961358
epoch 475 val: acc=0.792677, f1=0.512629, auc=0.949620, bac=0.645074, sens=0.645074, spec=0.964019
Epoch [475/500] Loss=0.246082 Acc=0.920990
epoch 476 test: acc=0.786526, f1=0.476291, auc=0.940576, bac=0.582728, sens=0.582728, spec=0.962117
epoch 476 val: acc=0.795255, f1=0.515517, auc=0.951209, bac=0.637959, sens=0.637959, spec=0.963356
Epoch [476/500] Loss=0.240739 Acc=0.923375
epoch 477 test: acc=0.784977, f1=0.485478, auc=0.939825, bac=0.622087, sens=0.622087, spec=0.961689
epoch 477 val: acc=0.794224, f1=0.509735, auc=0.950863, bac=0.633107, sens=0.633107, spec=0.963615
Epoch [477/500] Loss=0.244351 Acc=0.922727
epoch 478 test: acc=0.787300, f1=0.488914, auc=0.941556, bac=0.621855, sens=0.621855, spec=0.961985
epoch 478 val: acc=0.795255, f1=0.509377, auc=0.951775, bac=0.631217, sens=0.631217, spec=0.963124
Epoch [478/500] Loss=0.239976 Acc=0.924244
epoch 479 test: acc=0.781363, f1=0.476437, auc=0.939060, bac=0.596334, sens=0.596334, spec=0.961459
epoch 479 val: acc=0.789067, f1=0.504035, auc=0.949741, bac=0.635860, sens=0.635860, spec=0.963305
Epoch [479/500] Loss=0.245604 Acc=0.921235
epoch 480 test: acc=0.782654, f1=0.475899, auc=0.938997, bac=0.597434, sens=0.597434, spec=0.961674
epoch 480 val: acc=0.793192, f1=0.509684, auc=0.950371, bac=0.639372, sens=0.639372, spec=0.963734
Epoch [480/500] Loss=0.241039 Acc=0.923382
epoch 481 test: acc=0.786009, f1=0.487951, auc=0.939882, bac=0.622914, sens=0.622914, spec=0.961946
epoch 481 val: acc=0.792677, f1=0.509685, auc=0.950551, bac=0.637388, sens=0.637388, spec=0.963379
Epoch [481/500] Loss=0.240414 Acc=0.923669
epoch 482 test: acc=0.786267, f1=0.485404, auc=0.939804, bac=0.621307, sens=0.621307, spec=0.962106
epoch 482 val: acc=0.794224, f1=0.515136, auc=0.951080, bac=0.638340, sens=0.638340, spec=0.963243
Epoch [482/500] Loss=0.240950 Acc=0.923674
epoch 483 test: acc=0.784719, f1=0.483178, auc=0.940737, bac=0.596989, sens=0.596989, spec=0.961794
epoch 483 val: acc=0.792161, f1=0.514745, auc=0.951450, bac=0.631098, sens=0.631098, spec=0.963050
Epoch [483/500] Loss=0.242262 Acc=0.923607
epoch 484 test: acc=0.780589, f1=0.482195, auc=0.938064, bac=0.622347, sens=0.622347, spec=0.961324
epoch 484 val: acc=0.792161, f1=0.509327, auc=0.949251, bac=0.640602, sens=0.640602, spec=0.963837
Epoch [484/500] Loss=0.246489 Acc=0.920735
epoch 485 test: acc=0.783686, f1=0.475761, auc=0.940026, bac=0.597082, sens=0.597082, spec=0.961573
epoch 485 val: acc=0.792677, f1=0.511172, auc=0.950358, bac=0.637766, sens=0.637766, spec=0.963384
Epoch [485/500] Loss=0.242181 Acc=0.922742
epoch 486 test: acc=0.786009, f1=0.478888, auc=0.940967, bac=0.581773, sens=0.581773, spec=0.961959
epoch 486 val: acc=0.795255, f1=0.522887, auc=0.951654, bac=0.637346, sens=0.637346, spec=0.963334
Epoch [486/500] Loss=0.240458 Acc=0.924047
epoch 487 test: acc=0.787558, f1=0.482986, auc=0.940784, bac=0.597358, sens=0.597358, spec=0.962138
epoch 487 val: acc=0.796287, f1=0.517465, auc=0.951410, bac=0.632723, sens=0.632723, spec=0.963364
Epoch [487/500] Loss=0.243586 Acc=0.922705
epoch 488 test: acc=0.782137, f1=0.482229, auc=0.939440, bac=0.597479, sens=0.597479, spec=0.961628
epoch 488 val: acc=0.792677, f1=0.515799, auc=0.950204, bac=0.645366, sens=0.645366, spec=0.963757
Epoch [488/500] Loss=0.243350 Acc=0.921730
epoch 489 test: acc=0.779556, f1=0.470820, auc=0.938531, bac=0.582176, sens=0.582176, spec=0.961237
epoch 489 val: acc=0.793192, f1=0.509108, auc=0.950077, bac=0.639985, sens=0.639985, spec=0.963963
Epoch [489/500] Loss=0.243852 Acc=0.921880
epoch 490 test: acc=0.784461, f1=0.478980, auc=0.939816, bac=0.597341, sens=0.597341, spec=0.961831
epoch 490 val: acc=0.792677, f1=0.510661, auc=0.950646, bac=0.637671, sens=0.637671, spec=0.963488
Epoch [490/500] Loss=0.242472 Acc=0.922772
epoch 491 test: acc=0.786526, f1=0.483170, auc=0.940628, bac=0.597041, sens=0.597041, spec=0.961924
epoch 491 val: acc=0.798350, f1=0.519378, auc=0.951714, bac=0.641239, sens=0.641239, spec=0.963668
Epoch [491/500] Loss=0.240177 Acc=0.924347
epoch 492 test: acc=0.783686, f1=0.484076, auc=0.940255, bac=0.621180, sens=0.621180, spec=0.961511
epoch 492 val: acc=0.796287, f1=0.516534, auc=0.951022, bac=0.640040, sens=0.640040, spec=0.963878
Epoch [492/500] Loss=0.242685 Acc=0.922750
epoch 493 test: acc=0.784202, f1=0.482877, auc=0.941234, bac=0.603711, sens=0.603711, spec=0.961657
epoch 493 val: acc=0.796802, f1=0.522619, auc=0.951959, bac=0.643767, sens=0.643767, spec=0.963799
Epoch [493/500] Loss=0.239115 Acc=0.923529
epoch 494 test: acc=0.782137, f1=0.484286, auc=0.939701, bac=0.621002, sens=0.621002, spec=0.961692
epoch 494 val: acc=0.795255, f1=0.518230, auc=0.950624, bac=0.646087, sens=0.646087, spec=0.963995
Epoch [494/500] Loss=0.239663 Acc=0.923499
epoch 495 test: acc=0.784719, f1=0.478489, auc=0.940632, bac=0.596560, sens=0.596560, spec=0.961857
epoch 495 val: acc=0.792161, f1=0.511424, auc=0.951033, bac=0.640008, sens=0.640008, spec=0.962955
Epoch [495/500] Loss=0.238549 Acc=0.923984
epoch 496 test: acc=0.785235, f1=0.482206, auc=0.939475, bac=0.598061, sens=0.598061, spec=0.961899
epoch 496 val: acc=0.793708, f1=0.509282, auc=0.950964, bac=0.633623, sens=0.633623, spec=0.963661
Epoch [496/500] Loss=0.242647 Acc=0.922662
epoch 497 test: acc=0.786526, f1=0.486888, auc=0.940352, bac=0.621262, sens=0.621262, spec=0.961952
epoch 497 val: acc=0.793192, f1=0.511222, auc=0.951227, bac=0.635912, sens=0.635912, spec=0.962971
Epoch [497/500] Loss=0.240667 Acc=0.922995
epoch 498 test: acc=0.786784, f1=0.479886, auc=0.939903, bac=0.598065, sens=0.598065, spec=0.962091
epoch 498 val: acc=0.792161, f1=0.511117, auc=0.950709, bac=0.632436, sens=0.632436, spec=0.963314
Epoch [498/500] Loss=0.239576 Acc=0.923902
epoch 499 test: acc=0.783686, f1=0.478016, auc=0.939832, bac=0.596814, sens=0.596814, spec=0.961784
epoch 499 val: acc=0.793708, f1=0.515475, auc=0.950760, bac=0.643845, sens=0.643845, spec=0.963629
Epoch [499/500] Loss=0.240976 Acc=0.923352
Best val acc=0.798350, best test acc=0.787558
