epoch=1 iter=10 train: total=0.947381, prob=0.000000, batch=0.000000, channel=0.000000, cls=0.335308, gauss=0.000000, aux_recon=1.003929, aux_kl=0.001901, kd_logit=0.749720, kd_feat=0.003572, lite_recon=0.866791, lite_kl=0.665184, lite_ce=0.781451, lite_acc=0.734375, mix_alpha=0.0
epoch=1 test: acc=0.835312, f1=0.437951, auc=0.948438, bac=0.408062, sens=0.408062, spec=0.959328
epoch=1 val: acc=0.837545, f1=0.429813, auc=0.955001, bac=0.404279, sens=0.404279, spec=0.958528
epoch=1 mix_test(alpha=0.000): acc=0.835312, f1=0.437951, auc=0.948438, bac=0.408062, sens=0.408062, spec=0.959328
epoch=1 mix_val(alpha=0.000): acc=0.837545, f1=0.429813, auc=0.955001, bac=0.404279, sens=0.404279, spec=0.958528
epoch=1 iter=20 train: total=0.948444, prob=0.000000, batch=0.000000, channel=0.000000, cls=0.428403, gauss=0.000000, aux_recon=0.992936, aux_kl=0.001932, kd_logit=0.660568, kd_feat=0.003574, lite_recon=0.854014, lite_kl=0.691534, lite_ce=0.877310, lite_acc=0.687500, mix_alpha=0.0
epoch=1 test: acc=0.836603, f1=0.444161, auc=0.948841, bac=0.413280, sens=0.413280, spec=0.960088
epoch=1 val: acc=0.837545, f1=0.431798, auc=0.955666, bac=0.406306, sens=0.406306, spec=0.959107
epoch=1 mix_test(alpha=0.000): acc=0.836603, f1=0.444161, auc=0.948841, bac=0.413280, sens=0.413280, spec=0.960088
epoch=1 mix_val(alpha=0.000): acc=0.837545, f1=0.431798, auc=0.955666, bac=0.406306, sens=0.406306, spec=0.959107
epoch=2 iter=4 train: total=1.110062, prob=0.000000, batch=0.000000, channel=0.000000, cls=0.427743, gauss=0.000000, aux_recon=0.986717, aux_kl=0.001990, kd_logit=0.823732, kd_feat=0.003589, lite_recon=0.813363, lite_kl=0.636892, lite_ce=1.054720, lite_acc=0.640625, mix_alpha=0.007216494845360824
epoch=2 test: acc=0.839184, f1=0.446047, auc=0.948817, bac=0.411239, sens=0.411239, spec=0.959180
epoch=2 val: acc=0.839092, f1=0.431763, auc=0.956515, bac=0.402864, sens=0.402864, spec=0.958023
epoch=2 mix_test(alpha=0.007): acc=0.839442, f1=0.446199, auc=0.948806, bac=0.411287, sens=0.411287, spec=0.959216
epoch=2 mix_val(alpha=0.007): acc=0.839092, f1=0.431529, auc=0.956472, bac=0.402864, sens=0.402864, spec=0.958033
epoch=2 iter=14 train: total=0.877051, prob=0.000000, batch=0.000000, channel=0.000000, cls=0.360316, gauss=0.000000, aux_recon=0.941241, aux_kl=0.001801, kd_logit=0.705421, kd_feat=0.003600, lite_recon=0.794129, lite_kl=0.744168, lite_ce=0.712545, lite_acc=0.726562, mix_alpha=0.007216494845360824
epoch=2 test: acc=0.839959, f1=0.451347, auc=0.949047, bac=0.417225, sens=0.417225, spec=0.960191
epoch=2 val: acc=0.838061, f1=0.433288, auc=0.956438, bac=0.405593, sens=0.405593, spec=0.958810
epoch=2 mix_test(alpha=0.007): acc=0.839701, f1=0.450619, auc=0.949064, bac=0.416465, sens=0.416465, spec=0.960098
epoch=2 mix_val(alpha=0.007): acc=0.838061, f1=0.433153, auc=0.956407, bac=0.405310, sens=0.405310, spec=0.958696
epoch=2 iter=24 train: total=0.936538, prob=0.000000, batch=0.000000, channel=0.000000, cls=0.419015, gauss=0.000000, aux_recon=0.959025, aux_kl=0.001893, kd_logit=0.660399, kd_feat=0.003574, lite_recon=0.795516, lite_kl=0.715879, lite_ce=0.876579, lite_acc=0.703125, mix_alpha=0.007216494845360824
epoch=2 test: acc=0.840217, f1=0.451046, auc=0.948947, bac=0.417600, sens=0.417600, spec=0.960474
epoch=2 val: acc=0.840124, f1=0.434993, auc=0.956427, bac=0.407971, sens=0.407971, spec=0.959702
epoch=2 mix_test(alpha=0.007): acc=0.839959, f1=0.449937, auc=0.948959, bac=0.416411, sens=0.416411, spec=0.960434
epoch=2 mix_val(alpha=0.007): acc=0.840124, f1=0.434873, auc=0.956445, bac=0.407971, sens=0.407971, spec=0.959709
epoch=3 iter=8 train: total=0.824969, prob=0.000000, batch=0.000000, channel=0.000000, cls=0.364568, gauss=0.000000, aux_recon=1.015374, aux_kl=0.001942, kd_logit=0.624221, kd_feat=0.003549, lite_recon=0.874751, lite_kl=0.838604, lite_ce=0.655495, lite_acc=0.734375, mix_alpha=0.014432989690721649
epoch=3 test: acc=0.836603, f1=0.444621, auc=0.948879, bac=0.413271, sens=0.413271, spec=0.959990
epoch=3 val: acc=0.838577, f1=0.433722, auc=0.956764, bac=0.408387, sens=0.408387, spec=0.959624
epoch=3 mix_test(alpha=0.014): acc=0.837377, f1=0.444995, auc=0.948868, bac=0.413417, sens=0.413417, spec=0.960101
epoch=3 mix_val(alpha=0.014): acc=0.838061, f1=0.433415, auc=0.956764, bac=0.407677, sens=0.407677, spec=0.959429
epoch=3 iter=18 train: total=0.808116, prob=0.000000, batch=0.000000, channel=0.000000, cls=0.360917, gauss=0.000000, aux_recon=0.961994, aux_kl=0.001878, kd_logit=0.626135, kd_feat=0.003565, lite_recon=0.833573, lite_kl=0.707592, lite_ce=0.638952, lite_acc=0.757812, mix_alpha=0.014432989690721649
epoch=3 test: acc=0.836603, f1=0.443939, auc=0.948805, bac=0.412470, sens=0.412470, spec=0.959647
epoch=3 val: acc=0.837029, f1=0.431545, auc=0.956845, bac=0.404976, sens=0.404976, spec=0.958471
epoch=3 mix_test(alpha=0.014): acc=0.836087, f1=0.443572, auc=0.948911, bac=0.412090, sens=0.412090, spec=0.959578
epoch=3 mix_val(alpha=0.014): acc=0.838061, f1=0.433139, auc=0.956778, bac=0.406310, sens=0.406310, spec=0.958616
epoch=4 iter=2 train: total=0.909628, prob=0.000000, batch=0.000000, channel=0.000000, cls=0.383804, gauss=0.000000, aux_recon=0.985149, aux_kl=0.001868, kd_logit=0.647369, kd_feat=0.003566, lite_recon=0.847937, lite_kl=0.726396, lite_ce=0.814618, lite_acc=0.757812, mix_alpha=0.021649484536082474
epoch=4 test: acc=0.838410, f1=0.445283, auc=0.949301, bac=0.412243, sens=0.412243, spec=0.959930
epoch=4 val: acc=0.838061, f1=0.433961, auc=0.956822, bac=0.405932, sens=0.405932, spec=0.958461
epoch=4 mix_test(alpha=0.022): acc=0.838152, f1=0.445245, auc=0.949403, bac=0.411936, sens=0.411936, spec=0.959600
epoch=4 mix_val(alpha=0.022): acc=0.838061, f1=0.433269, auc=0.956834, bac=0.405319, sens=0.405319, spec=0.958478
epoch=4 iter=12 train: total=0.835739, prob=0.000000, batch=0.000000, channel=0.000000, cls=0.343025, gauss=0.000000, aux_recon=0.990959, aux_kl=0.001941, kd_logit=0.639266, kd_feat=0.003567, lite_recon=0.867541, lite_kl=0.720315, lite_ce=0.667222, lite_acc=0.773438, mix_alpha=0.021649484536082474
epoch=4 test: acc=0.837894, f1=0.441920, auc=0.948949, bac=0.409756, sens=0.409756, spec=0.959797
epoch=4 val: acc=0.837545, f1=0.433126, auc=0.956471, bac=0.405788, sens=0.405788, spec=0.958642
epoch=4 mix_test(alpha=0.022): acc=0.838152, f1=0.442756, auc=0.949058, bac=0.409927, sens=0.409927, spec=0.959645
epoch=4 mix_val(alpha=0.022): acc=0.836514, f1=0.432264, auc=0.956332, bac=0.405028, sens=0.405028, spec=0.958379
epoch=4 iter=22 train: total=0.948754, prob=0.000000, batch=0.000000, channel=0.000000, cls=0.415262, gauss=0.000000, aux_recon=0.990303, aux_kl=0.001921, kd_logit=0.696611, kd_feat=0.003573, lite_recon=0.851491, lite_kl=0.655567, lite_ce=0.843617, lite_acc=0.726562, mix_alpha=0.021649484536082474
epoch=4 test: acc=0.838668, f1=0.450037, auc=0.948689, bac=0.417026, sens=0.417026, spec=0.960144
epoch=4 val: acc=0.838061, f1=0.433677, auc=0.956778, bac=0.406451, sens=0.406451, spec=0.958831
epoch=4 mix_test(alpha=0.022): acc=0.838926, f1=0.450166, auc=0.948624, bac=0.416791, sens=0.416791, spec=0.960061
epoch=4 mix_val(alpha=0.022): acc=0.838577, f1=0.433829, auc=0.956510, bac=0.406265, sens=0.406265, spec=0.958679
epoch=5 iter=6 train: total=0.958797, prob=0.000000, batch=0.000000, channel=0.000000, cls=0.397802, gauss=0.000000, aux_recon=0.983335, aux_kl=0.001950, kd_logit=0.682736, kd_feat=0.003571, lite_recon=0.795905, lite_kl=0.683004, lite_ce=0.899265, lite_acc=0.664062, mix_alpha=0.028865979381443297
epoch=5 test: acc=0.838410, f1=0.448662, auc=0.948708, bac=0.416430, sens=0.416430, spec=0.960062
epoch=5 val: acc=0.838061, f1=0.432661, auc=0.956807, bac=0.405885, sens=0.405885, spec=0.958968
epoch=5 mix_test(alpha=0.029): acc=0.837636, f1=0.456165, auc=0.948632, bac=0.419908, sens=0.419908, spec=0.959728
epoch=5 mix_val(alpha=0.029): acc=0.840124, f1=0.434109, auc=0.956798, bac=0.406886, sens=0.406886, spec=0.959266
epoch=5 iter=16 train: total=0.926859, prob=0.000000, batch=0.000000, channel=0.000000, cls=0.417450, gauss=0.000000, aux_recon=0.986545, aux_kl=0.001889, kd_logit=0.660767, kd_feat=0.003564, lite_recon=0.797392, lite_kl=0.739397, lite_ce=0.855642, lite_acc=0.750000, mix_alpha=0.028865979381443297
epoch=5 test: acc=0.838152, f1=0.452885, auc=0.948947, bac=0.420408, sens=0.420408, spec=0.960159
epoch=5 val: acc=0.836514, f1=0.431403, auc=0.957192, bac=0.405972, sens=0.405972, spec=0.958879
epoch=5 mix_test(alpha=0.029): acc=0.837119, f1=0.456880, auc=0.948903, bac=0.420712, sens=0.420712, spec=0.959720
epoch=5 mix_val(alpha=0.029): acc=0.837545, f1=0.431995, auc=0.957120, bac=0.406166, sens=0.406166, spec=0.958917
epoch=5 iter=26 train: total=0.812815, prob=0.000000, batch=0.000000, channel=0.000000, cls=0.392340, gauss=0.000000, aux_recon=0.999412, aux_kl=0.001981, kd_logit=0.649095, kd_feat=0.003578, lite_recon=0.825818, lite_kl=0.737127, lite_ce=0.627889, lite_acc=0.703125, mix_alpha=0.028865979381443297
epoch=5 test: acc=0.839442, f1=0.448925, auc=0.948671, bac=0.415535, sens=0.415535, spec=0.960239
epoch=5 val: acc=0.839092, f1=0.434061, auc=0.956339, bac=0.406636, sens=0.406636, spec=0.959309
epoch=5 mix_test(alpha=0.029): acc=0.840217, f1=0.450317, auc=0.948743, bac=0.416680, sens=0.416680, spec=0.960345
epoch=5 mix_val(alpha=0.029): acc=0.837545, f1=0.431100, auc=0.956161, bac=0.404883, sens=0.404883, spec=0.958759
epoch=6 iter=10 train: total=0.925239, prob=0.000000, batch=0.000000, channel=0.000000, cls=0.311414, gauss=0.000000, aux_recon=1.013113, aux_kl=0.001903, kd_logit=0.706092, kd_feat=0.003595, lite_recon=0.889720, lite_kl=0.740198, lite_ce=0.770099, lite_acc=0.703125, mix_alpha=0.03608247422680412
epoch=6 test: acc=0.839701, f1=0.447648, auc=0.948730, bac=0.414452, sens=0.414452, spec=0.960386
epoch=6 val: acc=0.837545, f1=0.432688, auc=0.955998, bac=0.405779, sens=0.405779, spec=0.958981
epoch=6 mix_test(alpha=0.036): acc=0.837894, f1=0.441971, auc=0.948904, bac=0.410015, sens=0.410015, spec=0.959835
epoch=6 mix_val(alpha=0.036): acc=0.837029, f1=0.430891, auc=0.955921, bac=0.404503, sens=0.404503, spec=0.958564
epoch=6 iter=20 train: total=0.918323, prob=0.000000, batch=0.000000, channel=0.000000, cls=0.380661, gauss=0.000000, aux_recon=1.007111, aux_kl=0.001983, kd_logit=0.694952, kd_feat=0.003562, lite_recon=0.820434, lite_kl=0.731224, lite_ce=0.795333, lite_acc=0.726562, mix_alpha=0.03608247422680412
epoch=6 test: acc=0.839184, f1=0.447396, auc=0.948443, bac=0.414374, sens=0.414374, spec=0.960479
epoch=6 val: acc=0.837029, f1=0.432817, auc=0.955340, bac=0.405682, sens=0.405682, spec=0.958779
epoch=6 mix_test(alpha=0.036): acc=0.838668, f1=0.447146, auc=0.948430, bac=0.413876, sens=0.413876, spec=0.960111
epoch=6 mix_val(alpha=0.036): acc=0.837029, f1=0.432777, auc=0.955687, bac=0.405116, sens=0.405116, spec=0.958541
epoch=7 iter=4 train: total=0.917856, prob=0.000000, batch=0.000000, channel=0.000000, cls=0.353094, gauss=0.000000, aux_recon=1.039616, aux_kl=0.002023, kd_logit=0.668482, kd_feat=0.003560, lite_recon=0.842305, lite_kl=0.808887, lite_ce=0.810571, lite_acc=0.687500, mix_alpha=0.04329896907216495
epoch=7 test: acc=0.837894, f1=0.437047, auc=0.948570, bac=0.407959, sens=0.407959, spec=0.960394
epoch=7 val: acc=0.837545, f1=0.432585, auc=0.955848, bac=0.406392, sens=0.406392, spec=0.959227
epoch=7 mix_test(alpha=0.043): acc=0.837894, f1=0.440014, auc=0.948703, bac=0.409661, sens=0.409661, spec=0.960219
epoch=7 mix_val(alpha=0.043): acc=0.839092, f1=0.426676, auc=0.955681, bac=0.401545, sens=0.401545, spec=0.959352
epoch=7 iter=14 train: total=0.788569, prob=0.000000, batch=0.000000, channel=0.000000, cls=0.424281, gauss=0.000000, aux_recon=0.957791, aux_kl=0.001886, kd_logit=0.614429, kd_feat=0.003583, lite_recon=0.757094, lite_kl=0.766550, lite_ce=0.640959, lite_acc=0.773438, mix_alpha=0.04329896907216495
epoch=7 test: acc=0.834796, f1=0.440850, auc=0.948373, bac=0.411606, sens=0.411606, spec=0.960294
epoch=7 val: acc=0.838577, f1=0.434121, auc=0.955314, bac=0.408576, sens=0.408576, spec=0.959842
epoch=7 mix_test(alpha=0.043): acc=0.836345, f1=0.438299, auc=0.948189, bac=0.409483, sens=0.409483, spec=0.960468
epoch=7 mix_val(alpha=0.043): acc=0.838061, f1=0.433662, auc=0.955567, bac=0.408243, sens=0.408243, spec=0.959543
epoch=7 iter=24 train: total=1.052032, prob=0.000000, batch=0.000000, channel=0.000000, cls=0.542824, gauss=0.000000, aux_recon=0.995604, aux_kl=0.001966, kd_logit=0.695239, kd_feat=0.003589, lite_recon=0.857293, lite_kl=0.685181, lite_ce=1.048616, lite_acc=0.671875, mix_alpha=0.04329896907216495
epoch=7 test: acc=0.839184, f1=0.447126, auc=0.948861, bac=0.414445, sens=0.414445, spec=0.960272
epoch=7 val: acc=0.836514, f1=0.432252, auc=0.956287, bac=0.405019, sens=0.405019, spec=0.958595
epoch=7 mix_test(alpha=0.043): acc=0.836861, f1=0.436166, auc=0.949068, bac=0.405362, sens=0.405362, spec=0.959530
epoch=7 mix_val(alpha=0.043): acc=0.837545, f1=0.432753, auc=0.956189, bac=0.404412, sens=0.404412, spec=0.958159
epoch=8 iter=8 train: total=0.955984, prob=0.000000, batch=0.000000, channel=0.000000, cls=0.483594, gauss=0.000000, aux_recon=1.029613, aux_kl=0.001950, kd_logit=0.656877, kd_feat=0.003597, lite_recon=0.898453, lite_kl=0.669872, lite_ce=0.878715, lite_acc=0.656250, mix_alpha=0.05051546391752577
epoch=8 test: acc=0.838152, f1=0.451451, auc=0.949144, bac=0.419403, sens=0.419403, spec=0.960105
epoch=8 val: acc=0.837029, f1=0.431818, auc=0.956797, bac=0.404550, sens=0.404550, spec=0.958345
epoch=8 mix_test(alpha=0.051): acc=0.835312, f1=0.446212, auc=0.949333, bac=0.414886, sens=0.414886, spec=0.959064
epoch=8 mix_val(alpha=0.051): acc=0.835998, f1=0.430133, auc=0.956632, bac=0.403555, sens=0.403555, spec=0.958105
epoch=8 iter=18 train: total=0.950577, prob=0.000000, batch=0.000000, channel=0.000000, cls=0.415522, gauss=0.000000, aux_recon=0.994202, aux_kl=0.001846, kd_logit=0.677081, kd_feat=0.003569, lite_recon=0.879709, lite_kl=0.663309, lite_ce=0.855355, lite_acc=0.695312, mix_alpha=0.05051546391752577
epoch=8 test: acc=0.838152, f1=0.447377, auc=0.948865, bac=0.413891, sens=0.413891, spec=0.959535
epoch=8 val: acc=0.838577, f1=0.432571, auc=0.956166, bac=0.404276, sens=0.404276, spec=0.958326
epoch=8 mix_test(alpha=0.051): acc=0.837636, f1=0.443726, auc=0.948832, bac=0.410979, sens=0.410979, spec=0.959234
epoch=8 mix_val(alpha=0.051): acc=0.837545, f1=0.431805, auc=0.955897, bac=0.403516, sens=0.403516, spec=0.958060
epoch=9 iter=2 train: total=0.880162, prob=0.000000, batch=0.000000, channel=0.000000, cls=0.374647, gauss=0.000000, aux_recon=1.003107, aux_kl=0.001962, kd_logit=0.652245, kd_feat=0.003587, lite_recon=0.850784, lite_kl=0.696148, lite_ce=0.750255, lite_acc=0.710938, mix_alpha=0.057731958762886594
epoch=9 test: acc=0.838152, f1=0.446613, auc=0.948762, bac=0.413477, sens=0.413477, spec=0.959884
epoch=9 val: acc=0.837029, f1=0.432746, auc=0.956027, bac=0.405116, sens=0.405116, spec=0.958437
epoch=9 mix_test(alpha=0.058): acc=0.835829, f1=0.437515, auc=0.948880, bac=0.406840, sens=0.406840, spec=0.959162
epoch=9 mix_val(alpha=0.058): acc=0.839092, f1=0.433583, auc=0.955880, bac=0.405269, sens=0.405269, spec=0.958513
epoch=9 iter=12 train: total=0.848260, prob=0.000000, batch=0.000000, channel=0.000000, cls=0.386645, gauss=0.000000, aux_recon=1.036567, aux_kl=0.001996, kd_logit=0.601596, kd_feat=0.003570, lite_recon=0.881751, lite_kl=0.732531, lite_ce=0.724004, lite_acc=0.765625, mix_alpha=0.057731958762886594
epoch=9 test: acc=0.837119, f1=0.448945, auc=0.948808, bac=0.418912, sens=0.418912, spec=0.960536
epoch=9 val: acc=0.838061, f1=0.433324, auc=0.956518, bac=0.408243, sens=0.408243, spec=0.959559
epoch=9 mix_test(alpha=0.058): acc=0.837119, f1=0.448136, auc=0.948817, bac=0.418064, sens=0.418064, spec=0.960327
epoch=9 mix_val(alpha=0.058): acc=0.836514, f1=0.429707, auc=0.956406, bac=0.405397, sens=0.405397, spec=0.958882
epoch=9 iter=22 train: total=1.069948, prob=0.000000, batch=0.000000, channel=0.000000, cls=0.458465, gauss=0.000000, aux_recon=0.999293, aux_kl=0.001989, kd_logit=0.693406, kd_feat=0.003579, lite_recon=0.820865, lite_kl=0.758933, lite_ce=1.099386, lite_acc=0.679688, mix_alpha=0.057731958762886594
epoch=9 test: acc=0.837377, f1=0.448734, auc=0.948954, bac=0.418343, sens=0.418343, spec=0.960622
epoch=9 val: acc=0.838061, f1=0.433927, auc=0.956524, bac=0.409092, sens=0.409092, spec=0.959781
epoch=9 mix_test(alpha=0.058): acc=0.836087, f1=0.446362, auc=0.948709, bac=0.416418, sens=0.416418, spec=0.960043
epoch=9 mix_val(alpha=0.058): acc=0.837029, f1=0.430265, auc=0.956604, bac=0.406060, sens=0.406060, spec=0.959070
epoch=10 iter=6 train: total=0.917758, prob=0.000000, batch=0.000000, channel=0.000000, cls=0.445972, gauss=0.000000, aux_recon=0.951704, aux_kl=0.001868, kd_logit=0.681365, kd_feat=0.003570, lite_recon=0.796364, lite_kl=0.701476, lite_ce=0.818005, lite_acc=0.656250, mix_alpha=0.06494845360824743
epoch=10 test: acc=0.836861, f1=0.458849, auc=0.948479, bac=0.424920, sens=0.424920, spec=0.960348
epoch=10 val: acc=0.836514, f1=0.432185, auc=0.956849, bac=0.407386, sens=0.407386, spec=0.959337
epoch=10 mix_test(alpha=0.065): acc=0.835312, f1=0.453215, auc=0.948395, bac=0.419986, sens=0.419986, spec=0.959908
epoch=10 mix_val(alpha=0.065): acc=0.837545, f1=0.429968, auc=0.956416, bac=0.404978, sens=0.404978, spec=0.958920
epoch=10 iter=16 train: total=0.972718, prob=0.000000, batch=0.000000, channel=0.000000, cls=0.366328, gauss=0.000000, aux_recon=0.937062, aux_kl=0.001816, kd_logit=0.723355, kd_feat=0.003565, lite_recon=0.795330, lite_kl=0.707573, lite_ce=0.886232, lite_acc=0.695312, mix_alpha=0.06494845360824743
epoch=10 test: acc=0.832989, f1=0.446389, auc=0.948701, bac=0.418682, sens=0.418682, spec=0.960362
epoch=10 val: acc=0.838061, f1=0.431776, auc=0.956381, bac=0.409044, sens=0.409044, spec=0.960166
epoch=10 mix_test(alpha=0.065): acc=0.834538, f1=0.445250, auc=0.948355, bac=0.418120, sens=0.418120, spec=0.960439
epoch=10 mix_val(alpha=0.065): acc=0.838577, f1=0.431498, auc=0.956422, bac=0.407765, sens=0.407765, spec=0.959875
epoch=10 iter=26 train: total=0.887715, prob=0.000000, batch=0.000000, channel=0.000000, cls=0.454779, gauss=0.000000, aux_recon=0.968032, aux_kl=0.001916, kd_logit=0.604497, kd_feat=0.003551, lite_recon=0.805214, lite_kl=0.753988, lite_ce=0.830217, lite_acc=0.687500, mix_alpha=0.06494845360824743
epoch=10 test: acc=0.834022, f1=0.446300, auc=0.948803, bac=0.416878, sens=0.416878, spec=0.960196
epoch=10 val: acc=0.839092, f1=0.434352, auc=0.956063, bac=0.409569, sens=0.409569, spec=0.960281
epoch=10 mix_test(alpha=0.065): acc=0.835312, f1=0.442349, auc=0.948971, bac=0.413783, sens=0.413783, spec=0.960229
epoch=10 mix_val(alpha=0.065): acc=0.838061, f1=0.434039, auc=0.956173, bac=0.408809, sens=0.408809, spec=0.959772
epoch=11 iter=10 train: total=1.041660, prob=0.000000, batch=0.000000, channel=0.000000, cls=0.421082, gauss=0.000000, aux_recon=1.000024, aux_kl=0.001911, kd_logit=0.792245, kd_feat=0.003606, lite_recon=0.864655, lite_kl=0.675967, lite_ce=0.928088, lite_acc=0.640625, mix_alpha=0.07216494845360824
epoch=11 test: acc=0.837894, f1=0.441276, auc=0.948613, bac=0.410624, sens=0.410624, spec=0.960316
epoch=11 val: acc=0.837545, f1=0.433554, auc=0.955892, bac=0.405779, sens=0.405779, spec=0.958727
epoch=11 mix_test(alpha=0.072): acc=0.835312, f1=0.440807, auc=0.948386, bac=0.409258, sens=0.409258, spec=0.959478
epoch=11 mix_val(alpha=0.072): acc=0.837029, f1=0.433564, auc=0.956459, bac=0.406343, sens=0.406343, spec=0.958545
epoch=11 iter=20 train: total=0.932554, prob=0.000000, batch=0.000000, channel=0.000000, cls=0.440220, gauss=0.000000, aux_recon=0.990303, aux_kl=0.001989, kd_logit=0.632882, kd_feat=0.003542, lite_recon=0.814327, lite_kl=0.753763, lite_ce=0.887877, lite_acc=0.703125, mix_alpha=0.07216494845360824
epoch=11 test: acc=0.839701, f1=0.449386, auc=0.948587, bac=0.417522, sens=0.417522, spec=0.960578
epoch=11 val: acc=0.838577, f1=0.433533, auc=0.956465, bac=0.406869, sens=0.406869, spec=0.959366
epoch=11 mix_test(alpha=0.072): acc=0.838152, f1=0.442754, auc=0.948528, bac=0.411569, sens=0.411569, spec=0.959841
epoch=11 mix_val(alpha=0.072): acc=0.837029, f1=0.429365, auc=0.956306, bac=0.403448, sens=0.403448, spec=0.958689
epoch=12 iter=4 train: total=0.865211, prob=0.000000, batch=0.000000, channel=0.000000, cls=0.464305, gauss=0.000000, aux_recon=0.990538, aux_kl=0.001943, kd_logit=0.640635, kd_feat=0.003577, lite_recon=0.813825, lite_kl=0.717344, lite_ce=0.746334, lite_acc=0.710938, mix_alpha=0.07938144329896907
epoch=12 test: acc=0.837119, f1=0.445885, auc=0.948744, bac=0.415432, sens=0.415432, spec=0.960444
epoch=12 val: acc=0.839608, f1=0.434631, auc=0.956185, bac=0.408722, sens=0.408722, spec=0.960105
epoch=12 mix_test(alpha=0.079): acc=0.837119, f1=0.442626, auc=0.948683, bac=0.412157, sens=0.412157, spec=0.960276
epoch=12 mix_val(alpha=0.079): acc=0.837029, f1=0.429080, auc=0.955646, bac=0.405069, sens=0.405069, spec=0.959171
epoch=12 iter=14 train: total=0.973927, prob=0.000000, batch=0.000000, channel=0.000000, cls=0.499952, gauss=0.000000, aux_recon=0.958727, aux_kl=0.001900, kd_logit=0.679971, kd_feat=0.003570, lite_recon=0.824853, lite_kl=0.765380, lite_ce=0.919064, lite_acc=0.679688, mix_alpha=0.07938144329896907
epoch=12 test: acc=0.837636, f1=0.445555, auc=0.948546, bac=0.414841, sens=0.414841, spec=0.960352
epoch=12 val: acc=0.837545, f1=0.432796, auc=0.956199, bac=0.406392, sens=0.406392, spec=0.959106
epoch=12 mix_test(alpha=0.079): acc=0.836861, f1=0.444715, auc=0.948524, bac=0.413305, sens=0.413305, spec=0.959712
epoch=12 mix_val(alpha=0.079): acc=0.836514, f1=0.427590, auc=0.956076, bac=0.402785, sens=0.402785, spec=0.958502
epoch=12 iter=24 train: total=0.934953, prob=0.000000, batch=0.000000, channel=0.000000, cls=0.414024, gauss=0.000000, aux_recon=0.949466, aux_kl=0.001843, kd_logit=0.685399, kd_feat=0.003588, lite_recon=0.804830, lite_kl=0.679796, lite_ce=0.845391, lite_acc=0.695312, mix_alpha=0.07938144329896907
epoch=12 test: acc=0.839959, f1=0.451319, auc=0.948728, bac=0.417650, sens=0.417650, spec=0.960374
epoch=12 val: acc=0.838061, f1=0.433288, auc=0.956308, bac=0.405593, sens=0.405593, spec=0.958810
epoch=12 mix_test(alpha=0.079): acc=0.837636, f1=0.443137, auc=0.948250, bac=0.409858, sens=0.409858, spec=0.959394
epoch=12 mix_val(alpha=0.079): acc=0.839092, f1=0.431636, auc=0.956455, bac=0.404090, sens=0.404090, spec=0.958174
epoch=13 iter=8 train: total=0.965006, prob=0.000000, batch=0.000000, channel=0.000000, cls=0.488806, gauss=0.000000, aux_recon=1.044333, aux_kl=0.001954, kd_logit=0.604932, kd_feat=0.003560, lite_recon=0.890132, lite_kl=0.736647, lite_ce=0.950735, lite_acc=0.664062, mix_alpha=0.0865979381443299
epoch=13 test: acc=0.840733, f1=0.449146, auc=0.948729, bac=0.414796, sens=0.414796, spec=0.960166
epoch=13 val: acc=0.838577, f1=0.433370, auc=0.956554, bac=0.404794, sens=0.404794, spec=0.958753
epoch=13 mix_test(alpha=0.087): acc=0.839184, f1=0.445852, auc=0.948874, bac=0.411116, sens=0.411116, spec=0.959179
epoch=13 mix_val(alpha=0.087): acc=0.840124, f1=0.431174, auc=0.956738, bac=0.402813, sens=0.402813, spec=0.958428
epoch=13 iter=18 train: total=0.855908, prob=0.000000, batch=0.000000, channel=0.000000, cls=0.368219, gauss=0.000000, aux_recon=1.054005, aux_kl=0.002026, kd_logit=0.607667, kd_feat=0.003563, lite_recon=0.852451, lite_kl=0.771317, lite_ce=0.744180, lite_acc=0.679688, mix_alpha=0.0865979381443299
epoch=13 test: acc=0.838410, f1=0.445323, auc=0.948265, bac=0.414481, sens=0.414481, spec=0.960613
epoch=13 val: acc=0.838577, f1=0.432158, auc=0.955716, bac=0.407019, sens=0.407019, spec=0.959726
epoch=13 mix_test(alpha=0.087): acc=0.838926, f1=0.448369, auc=0.948458, bac=0.416154, sens=0.416154, spec=0.960221
epoch=13 mix_val(alpha=0.087): acc=0.838061, f1=0.431387, auc=0.955997, bac=0.405838, sens=0.405838, spec=0.959084
epoch=14 iter=2 train: total=0.889897, prob=0.000000, batch=0.000000, channel=0.000000, cls=0.475081, gauss=0.000000, aux_recon=1.004988, aux_kl=0.001929, kd_logit=0.581569, kd_feat=0.003553, lite_recon=0.835987, lite_kl=0.754964, lite_ce=0.845178, lite_acc=0.726562, mix_alpha=0.09381443298969071
epoch=14 test: acc=0.838152, f1=0.449222, auc=0.948691, bac=0.417291, sens=0.417291, spec=0.960240
epoch=14 val: acc=0.838577, f1=0.433597, auc=0.956779, bac=0.406501, sens=0.406501, spec=0.959250
epoch=14 mix_test(alpha=0.094): acc=0.837636, f1=0.447644, auc=0.948573, bac=0.415252, sens=0.415252, spec=0.959650
epoch=14 mix_val(alpha=0.094): acc=0.840124, f1=0.434994, auc=0.956386, bac=0.406359, sens=0.406359, spec=0.958637
epoch=14 iter=12 train: total=1.007068, prob=0.000000, batch=0.000000, channel=0.000000, cls=0.504714, gauss=0.000000, aux_recon=1.000733, aux_kl=0.001972, kd_logit=0.673831, kd_feat=0.003554, lite_recon=0.812005, lite_kl=0.725811, lite_ce=0.997432, lite_acc=0.679688, mix_alpha=0.09381443298969071
epoch=14 test: acc=0.840475, f1=0.442012, auc=0.948553, bac=0.410183, sens=0.410183, spec=0.960321
epoch=14 val: acc=0.838061, f1=0.433017, auc=0.956431, bac=0.404414, sens=0.404414, spec=0.958454
epoch=14 mix_test(alpha=0.094): acc=0.838152, f1=0.441634, auc=0.948441, bac=0.409097, sens=0.409097, spec=0.959118
epoch=14 mix_val(alpha=0.094): acc=0.837545, f1=0.432108, auc=0.956608, bac=0.403233, sens=0.403233, spec=0.957699
epoch=14 iter=22 train: total=0.985900, prob=0.000000, batch=0.000000, channel=0.000000, cls=0.428789, gauss=0.000000, aux_recon=1.017123, aux_kl=0.002020, kd_logit=0.723159, kd_feat=0.003567, lite_recon=0.847108, lite_kl=0.715587, lite_ce=0.891919, lite_acc=0.695312, mix_alpha=0.09381443298969071
epoch=14 test: acc=0.838668, f1=0.448102, auc=0.948515, bac=0.416543, sens=0.416543, spec=0.960330
epoch=14 val: acc=0.839092, f1=0.434006, auc=0.956424, bac=0.407211, sens=0.407211, spec=0.959335
epoch=14 mix_test(alpha=0.094): acc=0.836603, f1=0.446472, auc=0.948382, bac=0.414831, sens=0.414831, spec=0.959157
epoch=14 mix_val(alpha=0.094): acc=0.839092, f1=0.433028, auc=0.955394, bac=0.404656, sens=0.404656, spec=0.958622
epoch=15 iter=6 train: total=0.927011, prob=0.000000, batch=0.000000, channel=0.000000, cls=0.481465, gauss=0.000000, aux_recon=0.995382, aux_kl=0.001947, kd_logit=0.676897, kd_feat=0.003595, lite_recon=0.818374, lite_kl=0.713552, lite_ce=0.831911, lite_acc=0.710938, mix_alpha=0.10103092783505153
epoch=15 test: acc=0.837636, f1=0.449664, auc=0.948829, bac=0.419009, sens=0.419009, spec=0.960613
epoch=15 val: acc=0.837029, f1=0.432718, auc=0.956327, bac=0.407766, sens=0.407766, spec=0.959404
epoch=15 mix_test(alpha=0.101): acc=0.835054, f1=0.444074, auc=0.948963, bac=0.413547, sens=0.413547, spec=0.959607
epoch=15 mix_val(alpha=0.101): acc=0.835998, f1=0.427489, auc=0.956172, bac=0.404121, sens=0.404121, spec=0.958706
epoch=15 iter=16 train: total=0.894453, prob=0.000000, batch=0.000000, channel=0.000000, cls=0.427766, gauss=0.000000, aux_recon=0.991992, aux_kl=0.001904, kd_logit=0.651074, kd_feat=0.003551, lite_recon=0.854056, lite_kl=0.642496, lite_ce=0.779809, lite_acc=0.703125, mix_alpha=0.10103092783505153
epoch=15 test: acc=0.838926, f1=0.447397, auc=0.948804, bac=0.415329, sens=0.415329, spec=0.960344
epoch=15 val: acc=0.836514, f1=0.432250, auc=0.956281, bac=0.404406, sens=0.404406, spec=0.958463
epoch=15 mix_test(alpha=0.101): acc=0.836861, f1=0.446363, auc=0.948339, bac=0.412995, sens=0.412995, spec=0.958944
epoch=15 mix_val(alpha=0.101): acc=0.838061, f1=0.433058, auc=0.956069, bac=0.404509, sens=0.404509, spec=0.958230
epoch=15 iter=26 train: total=0.962900, prob=0.000000, batch=0.000000, channel=0.000000, cls=0.383870, gauss=0.000000, aux_recon=0.998578, aux_kl=0.001971, kd_logit=0.781309, kd_feat=0.003566, lite_recon=0.817516, lite_kl=0.628737, lite_ce=0.801344, lite_acc=0.703125, mix_alpha=0.10103092783505153
epoch=15 test: acc=0.839959, f1=0.450900, auc=0.948859, bac=0.417961, sens=0.417961, spec=0.960328
epoch=15 val: acc=0.837029, f1=0.431289, auc=0.956831, bac=0.405078, sens=0.405078, spec=0.958566
epoch=15 mix_test(alpha=0.101): acc=0.838926, f1=0.460811, auc=0.948977, bac=0.422122, sens=0.422122, spec=0.959290
epoch=15 mix_val(alpha=0.101): acc=0.837029, f1=0.431492, auc=0.956360, bac=0.404229, sens=0.404229, spec=0.957756
epoch=16 iter=10 train: total=0.806280, prob=0.000000, batch=0.000000, channel=0.000000, cls=0.355393, gauss=0.000000, aux_recon=1.041870, aux_kl=0.002030, kd_logit=0.593996, kd_feat=0.003563, lite_recon=0.825307, lite_kl=0.731423, lite_ce=0.670250, lite_acc=0.781250, mix_alpha=0.10824742268041238
epoch=16 test: acc=0.836087, f1=0.449579, auc=0.948480, bac=0.420468, sens=0.420468, spec=0.960368
epoch=16 val: acc=0.838577, f1=0.434128, auc=0.956482, bac=0.409198, sens=0.409198, spec=0.959647
epoch=16 mix_test(alpha=0.108): acc=0.834280, f1=0.444445, auc=0.948081, bac=0.415725, sens=0.415725, spec=0.959579
epoch=16 mix_val(alpha=0.108): acc=0.838577, f1=0.430815, auc=0.956133, bac=0.407822, sens=0.407822, spec=0.959206
epoch=16 iter=20 train: total=1.001697, prob=0.000000, batch=0.000000, channel=0.000000, cls=0.475221, gauss=0.000000, aux_recon=0.975087, aux_kl=0.001907, kd_logit=0.706340, kd_feat=0.003569, lite_recon=0.819404, lite_kl=0.719856, lite_ce=0.951326, lite_acc=0.679688, mix_alpha=0.10824742268041238
epoch=16 test: acc=0.839184, f1=0.446384, auc=0.948138, bac=0.413427, sens=0.413427, spec=0.960201
epoch=16 val: acc=0.837545, f1=0.432514, auc=0.956156, bac=0.405213, sens=0.405213, spec=0.958753
epoch=16 mix_test(alpha=0.108): acc=0.837636, f1=0.440428, auc=0.948235, bac=0.407723, sens=0.407723, spec=0.959119
epoch=16 mix_val(alpha=0.108): acc=0.837545, f1=0.429054, auc=0.956371, bac=0.403516, sens=0.403516, spec=0.958088
epoch=17 iter=4 train: total=0.851708, prob=0.000000, batch=0.000000, channel=0.000000, cls=0.390261, gauss=0.000000, aux_recon=1.022692, aux_kl=0.002003, kd_logit=0.614270, kd_feat=0.003544, lite_recon=0.862073, lite_kl=0.737239, lite_ce=0.726028, lite_acc=0.742188, mix_alpha=0.11546391752577319
epoch=17 test: acc=0.837377, f1=0.459256, auc=0.949144, bac=0.422126, sens=0.422126, spec=0.959637
epoch=17 val: acc=0.837545, f1=0.432131, auc=0.957422, bac=0.404656, sens=0.404656, spec=0.958316
epoch=17 mix_test(alpha=0.115): acc=0.834022, f1=0.447539, auc=0.948906, bac=0.411332, sens=0.411332, spec=0.958272
epoch=17 mix_val(alpha=0.115): acc=0.837029, f1=0.431904, auc=0.957884, bac=0.403758, sens=0.403758, spec=0.957650
epoch=17 iter=14 train: total=0.927640, prob=0.000000, batch=0.000000, channel=0.000000, cls=0.439652, gauss=0.000000, aux_recon=0.966900, aux_kl=0.001889, kd_logit=0.690696, kd_feat=0.003582, lite_recon=0.822375, lite_kl=0.700513, lite_ce=0.818043, lite_acc=0.695312, mix_alpha=0.11546391752577319
epoch=17 test: acc=0.839184, f1=0.448851, auc=0.949241, bac=0.416424, sens=0.416424, spec=0.960325
epoch=17 val: acc=0.835998, f1=0.432352, auc=0.956765, bac=0.405449, sens=0.405449, spec=0.958530
epoch=17 mix_test(alpha=0.115): acc=0.835829, f1=0.437828, auc=0.949040, bac=0.403830, sens=0.403830, spec=0.958790
epoch=17 mix_val(alpha=0.115): acc=0.836514, f1=0.430976, auc=0.956839, bac=0.404179, sens=0.404179, spec=0.957907
epoch=17 iter=24 train: total=0.827024, prob=0.000000, batch=0.000000, channel=0.000000, cls=0.437508, gauss=0.000000, aux_recon=0.966868, aux_kl=0.001855, kd_logit=0.631102, kd_feat=0.003580, lite_recon=0.847758, lite_kl=0.732300, lite_ce=0.665618, lite_acc=0.773438, mix_alpha=0.11546391752577319
epoch=17 test: acc=0.838152, f1=0.446844, auc=0.949215, bac=0.414806, sens=0.414806, spec=0.959847
epoch=17 val: acc=0.837545, f1=0.432687, auc=0.956840, bac=0.406071, sens=0.406071, spec=0.958779
epoch=17 mix_test(alpha=0.115): acc=0.836087, f1=0.438784, auc=0.949037, bac=0.407601, sens=0.407601, spec=0.958996
epoch=17 mix_val(alpha=0.115): acc=0.836514, f1=0.427264, auc=0.956932, bac=0.401333, sens=0.401333, spec=0.957594
epoch=18 iter=8 train: total=0.804430, prob=0.000000, batch=0.000000, channel=0.000000, cls=0.331667, gauss=0.000000, aux_recon=1.008126, aux_kl=0.001941, kd_logit=0.626082, kd_feat=0.003552, lite_recon=0.837756, lite_kl=0.786292, lite_ce=0.628399, lite_acc=0.765625, mix_alpha=0.122680412371134
epoch=18 test: acc=0.835570, f1=0.456202, auc=0.949018, bac=0.422009, sens=0.422009, spec=0.959999
epoch=18 val: acc=0.836514, f1=0.430110, auc=0.956895, bac=0.405641, sens=0.405641, spec=0.958882
epoch=18 mix_test(alpha=0.123): acc=0.835054, f1=0.454270, auc=0.949133, bac=0.418933, sens=0.418933, spec=0.958976
epoch=18 mix_val(alpha=0.123): acc=0.839092, f1=0.432044, auc=0.955341, bac=0.405608, sens=0.405608, spec=0.958814
epoch=18 iter=18 train: total=0.926549, prob=0.000000, batch=0.000000, channel=0.000000, cls=0.484297, gauss=0.000000, aux_recon=1.066280, aux_kl=0.002083, kd_logit=0.635382, kd_feat=0.003562, lite_recon=0.904470, lite_kl=0.798503, lite_ce=0.836396, lite_acc=0.695312, mix_alpha=0.122680412371134
epoch=18 test: acc=0.839442, f1=0.452124, auc=0.948738, bac=0.419409, sens=0.419409, spec=0.960499
epoch=18 val: acc=0.837545, f1=0.433053, auc=0.956350, bac=0.406354, sens=0.406354, spec=0.958880
epoch=18 mix_test(alpha=0.123): acc=0.837377, f1=0.450427, auc=0.949320, bac=0.417382, sens=0.417382, spec=0.959101
epoch=18 mix_val(alpha=0.123): acc=0.836514, f1=0.426005, auc=0.955769, bac=0.400427, sens=0.400427, spec=0.957838
epoch=19 iter=2 train: total=1.011416, prob=0.000000, batch=0.000000, channel=0.000000, cls=0.449681, gauss=0.000000, aux_recon=1.027719, aux_kl=0.001993, kd_logit=0.733697, kd_feat=0.003558, lite_recon=0.880331, lite_kl=0.764850, lite_ce=0.918148, lite_acc=0.695312, mix_alpha=0.12989690721649486
epoch=19 test: acc=0.837119, f1=0.452650, auc=0.949036, bac=0.420020, sens=0.420020, spec=0.959430
epoch=19 val: acc=0.838061, f1=0.433834, auc=0.957069, bac=0.405894, sens=0.405894, spec=0.958252
epoch=19 mix_test(alpha=0.130): acc=0.834280, f1=0.452453, auc=0.948537, bac=0.415600, sens=0.415600, spec=0.958019
epoch=19 mix_val(alpha=0.130): acc=0.838577, f1=0.432754, auc=0.957211, bac=0.404615, sens=0.404615, spec=0.958004
epoch=19 iter=12 train: total=0.818201, prob=0.000000, batch=0.000000, channel=0.000000, cls=0.431662, gauss=0.000000, aux_recon=1.036440, aux_kl=0.001949, kd_logit=0.573054, kd_feat=0.003545, lite_recon=0.910599, lite_kl=0.725760, lite_ce=0.681049, lite_acc=0.781250, mix_alpha=0.12989690721649486
epoch=19 test: acc=0.839701, f1=0.447766, auc=0.948595, bac=0.413749, sens=0.413749, spec=0.959915
epoch=19 val: acc=0.837029, f1=0.432831, auc=0.956404, bac=0.404550, sens=0.404550, spec=0.958188
epoch=19 mix_test(alpha=0.130): acc=0.835829, f1=0.434076, auc=0.948291, bac=0.402484, sens=0.402484, spec=0.958507
epoch=19 mix_val(alpha=0.130): acc=0.836514, f1=0.431498, auc=0.956006, bac=0.402521, sens=0.402521, spec=0.957210
epoch=19 iter=22 train: total=0.785942, prob=0.000000, batch=0.000000, channel=0.000000, cls=0.348199, gauss=0.000000, aux_recon=1.052332, aux_kl=0.001940, kd_logit=0.528618, kd_feat=0.003567, lite_recon=0.927443, lite_kl=0.760372, lite_ce=0.653516, lite_acc=0.765625, mix_alpha=0.12989690721649486
epoch=19 test: acc=0.838668, f1=0.446056, auc=0.948791, bac=0.412575, sens=0.412575, spec=0.959887
epoch=19 val: acc=0.836514, f1=0.432638, auc=0.956598, bac=0.404453, sens=0.404453, spec=0.958114
epoch=19 mix_test(alpha=0.130): acc=0.837377, f1=0.443608, auc=0.948322, bac=0.410131, sens=0.410131, spec=0.958772
epoch=19 mix_val(alpha=0.130): acc=0.836514, f1=0.430021, auc=0.956239, bac=0.401851, sens=0.401851, spec=0.957438
epoch=20 iter=6 train: total=0.785673, prob=0.000000, batch=0.000000, channel=0.000000, cls=0.432211, gauss=0.000000, aux_recon=1.051687, aux_kl=0.002051, kd_logit=0.594470, kd_feat=0.003560, lite_recon=0.826611, lite_kl=0.752517, lite_ce=0.627621, lite_acc=0.742188, mix_alpha=0.13711340206185565
epoch=20 test: acc=0.838926, f1=0.447144, auc=0.948552, bac=0.413929, sens=0.413929, spec=0.960040
epoch=20 val: acc=0.837545, f1=0.433099, auc=0.956501, bac=0.405496, sens=0.405496, spec=0.958733
epoch=20 mix_test(alpha=0.137): acc=0.838152, f1=0.442821, auc=0.948730, bac=0.409400, sens=0.409400, spec=0.959171
epoch=20 mix_val(alpha=0.137): acc=0.839092, f1=0.424592, auc=0.956113, bac=0.397802, sens=0.397802, spec=0.958162
epoch=20 iter=16 train: total=0.789134, prob=0.000000, batch=0.000000, channel=0.000000, cls=0.370118, gauss=0.000000, aux_recon=1.014027, aux_kl=0.002003, kd_logit=0.613506, kd_feat=0.003544, lite_recon=0.801095, lite_kl=0.785136, lite_ce=0.625077, lite_acc=0.812500, mix_alpha=0.13711340206185565
epoch=20 test: acc=0.835312, f1=0.440217, auc=0.948635, bac=0.411274, sens=0.411274, spec=0.960318
epoch=20 val: acc=0.838061, f1=0.433905, auc=0.955995, bac=0.408526, sens=0.408526, spec=0.959654
epoch=20 mix_test(alpha=0.137): acc=0.837377, f1=0.452930, auc=0.948125, bac=0.417323, sens=0.417323, spec=0.959906
epoch=20 mix_val(alpha=0.137): acc=0.838061, f1=0.432485, auc=0.954848, bac=0.406498, sens=0.406498, spec=0.959221
epoch=20 iter=26 train: total=0.981300, prob=0.000000, batch=0.000000, channel=0.000000, cls=0.391115, gauss=0.000000, aux_recon=1.003385, aux_kl=0.001925, kd_logit=0.707816, kd_feat=0.003564, lite_recon=0.861414, lite_kl=0.764759, lite_ce=0.891358, lite_acc=0.718750, mix_alpha=0.13711340206185565
epoch=20 test: acc=0.839184, f1=0.451052, auc=0.948757, bac=0.417811, sens=0.417811, spec=0.960484
epoch=20 val: acc=0.838061, f1=0.433672, auc=0.956293, bac=0.406969, sens=0.406969, spec=0.959401
epoch=20 mix_test(alpha=0.137): acc=0.838668, f1=0.444395, auc=0.949241, bac=0.411407, sens=0.411407, spec=0.959787
epoch=20 mix_val(alpha=0.137): acc=0.839092, f1=0.431558, auc=0.955847, bac=0.404090, sens=0.404090, spec=0.958400
epoch=21 iter=10 train: total=1.037390, prob=0.000000, batch=0.000000, channel=0.000000, cls=0.398671, gauss=0.000000, aux_recon=1.012157, aux_kl=0.001970, kd_logit=0.768321, kd_feat=0.003554, lite_recon=0.829969, lite_kl=0.723230, lite_ce=0.956451, lite_acc=0.656250, mix_alpha=0.14432989690721648
epoch=21 test: acc=0.839701, f1=0.447298, auc=0.948432, bac=0.416450, sens=0.416450, spec=0.960702
epoch=21 val: acc=0.835998, f1=0.430438, auc=0.955939, bac=0.405119, sens=0.405119, spec=0.958773
epoch=21 mix_test(alpha=0.144): acc=0.837119, f1=0.442632, auc=0.948031, bac=0.410323, sens=0.410323, spec=0.959284
epoch=21 mix_val(alpha=0.144): acc=0.839608, f1=0.432990, auc=0.955440, bac=0.406507, sens=0.406507, spec=0.958719
epoch=21 iter=20 train: total=0.897067, prob=0.000000, batch=0.000000, channel=0.000000, cls=0.404307, gauss=0.000000, aux_recon=1.006735, aux_kl=0.001993, kd_logit=0.631385, kd_feat=0.003573, lite_recon=0.813722, lite_kl=0.750638, lite_ce=0.818675, lite_acc=0.734375, mix_alpha=0.14432989690721648
epoch=21 test: acc=0.838152, f1=0.448401, auc=0.948690, bac=0.418144, sens=0.418144, spec=0.960440
epoch=21 val: acc=0.838577, f1=0.433940, auc=0.956220, bac=0.407727, sens=0.407727, spec=0.959378
epoch=21 mix_test(alpha=0.144): acc=0.837119, f1=0.447504, auc=0.948186, bac=0.414797, sens=0.414797, spec=0.959169
epoch=21 mix_val(alpha=0.144): acc=0.837029, f1=0.422693, auc=0.955157, bac=0.397903, sens=0.397903, spec=0.958011
epoch=22 iter=4 train: total=0.876884, prob=0.000000, batch=0.000000, channel=0.000000, cls=0.436528, gauss=0.000000, aux_recon=0.958712, aux_kl=0.001879, kd_logit=0.644296, kd_feat=0.003549, lite_recon=0.810437, lite_kl=0.726859, lite_ce=0.767212, lite_acc=0.757812, mix_alpha=0.1515463917525773
epoch=22 test: acc=0.841507, f1=0.449461, auc=0.948959, bac=0.415884, sens=0.415884, spec=0.960551
epoch=22 val: acc=0.838061, f1=0.433658, auc=0.956079, bac=0.405593, sens=0.405593, spec=0.958790
epoch=22 mix_test(alpha=0.152): acc=0.840217, f1=0.459881, auc=0.949835, bac=0.418730, sens=0.418730, spec=0.958895
epoch=22 mix_val(alpha=0.152): acc=0.839092, f1=0.426452, auc=0.955437, bac=0.399187, sens=0.399187, spec=0.957920
epoch=22 iter=14 train: total=0.848019, prob=0.000000, batch=0.000000, channel=0.000000, cls=0.409800, gauss=0.000000, aux_recon=0.964112, aux_kl=0.001873, kd_logit=0.639993, kd_feat=0.003559, lite_recon=0.804334, lite_kl=0.769698, lite_ce=0.715358, lite_acc=0.718750, mix_alpha=0.1515463917525773
epoch=22 test: acc=0.838152, f1=0.444972, auc=0.948611, bac=0.413335, sens=0.413335, spec=0.960386
epoch=22 val: acc=0.838061, f1=0.433984, auc=0.955649, bac=0.406686, sens=0.406686, spec=0.959156
epoch=22 mix_test(alpha=0.152): acc=0.836603, f1=0.433118, auc=0.947611, bac=0.401960, sens=0.401960, spec=0.958945
epoch=22 mix_val(alpha=0.152): acc=0.841155, f1=0.434785, auc=0.956195, bac=0.405374, sens=0.405374, spec=0.958675
epoch=22 iter=24 train: total=0.853663, prob=0.000000, batch=0.000000, channel=0.000000, cls=0.442934, gauss=0.000000, aux_recon=1.025212, aux_kl=0.001947, kd_logit=0.618107, kd_feat=0.003546, lite_recon=0.888489, lite_kl=0.801877, lite_ce=0.714241, lite_acc=0.734375, mix_alpha=0.1515463917525773
epoch=22 test: acc=0.836861, f1=0.447734, auc=0.949099, bac=0.417421, sens=0.417421, spec=0.960335
epoch=22 val: acc=0.838061, f1=0.433338, auc=0.956980, bac=0.408243, sens=0.408243, spec=0.959671
epoch=22 mix_test(alpha=0.152): acc=0.834280, f1=0.453758, auc=0.949138, bac=0.418444, sens=0.418444, spec=0.958904
epoch=22 mix_val(alpha=0.152): acc=0.835998, f1=0.422912, auc=0.956150, bac=0.398935, sens=0.398935, spec=0.958455
epoch=23 iter=8 train: total=0.894028, prob=0.000000, batch=0.000000, channel=0.000000, cls=0.390726, gauss=0.000000, aux_recon=0.986626, aux_kl=0.001914, kd_logit=0.652718, kd_feat=0.003558, lite_recon=0.804585, lite_kl=0.700343, lite_ce=0.795940, lite_acc=0.710938, mix_alpha=0.15876288659793814
epoch=23 test: acc=0.837894, f1=0.444936, auc=0.949256, bac=0.413608, sens=0.413608, spec=0.960219
epoch=23 val: acc=0.838061, f1=0.433081, auc=0.956927, bac=0.407347, sens=0.407347, spec=0.959439
epoch=23 mix_test(alpha=0.159): acc=0.837119, f1=0.450543, auc=0.948676, bac=0.413598, sens=0.413598, spec=0.959283
epoch=23 mix_val(alpha=0.159): acc=0.838061, f1=0.430829, auc=0.955433, bac=0.403943, sens=0.403943, spec=0.958051
epoch=23 iter=18 train: total=0.909742, prob=0.000000, batch=0.000000, channel=0.000000, cls=0.438755, gauss=0.000000, aux_recon=1.000786, aux_kl=0.002035, kd_logit=0.640334, kd_feat=0.003572, lite_recon=0.796196, lite_kl=0.744919, lite_ce=0.842201, lite_acc=0.710938, mix_alpha=0.15876288659793814
epoch=23 test: acc=0.835054, f1=0.455880, auc=0.949089, bac=0.422449, sens=0.422449, spec=0.960305
epoch=23 val: acc=0.839092, f1=0.431928, auc=0.956647, bac=0.408145, sens=0.408145, spec=0.960064
epoch=23 mix_test(alpha=0.159): acc=0.833505, f1=0.448623, auc=0.948396, bac=0.415916, sens=0.415916, spec=0.959276
epoch=23 mix_val(alpha=0.159): acc=0.834451, f1=0.431469, auc=0.955373, bac=0.404452, sens=0.404452, spec=0.957393
epoch=24 iter=2 train: total=0.901736, prob=0.000000, batch=0.000000, channel=0.000000, cls=0.391114, gauss=0.000000, aux_recon=0.970091, aux_kl=0.001816, kd_logit=0.680497, kd_feat=0.003531, lite_recon=0.846986, lite_kl=0.695853, lite_ce=0.766734, lite_acc=0.703125, mix_alpha=0.16597938144329896
epoch=24 test: acc=0.835054, f1=0.446970, auc=0.949191, bac=0.416907, sens=0.416907, spec=0.960327
epoch=24 val: acc=0.839608, f1=0.432936, auc=0.956388, bac=0.409091, sens=0.409091, spec=0.960350
epoch=24 mix_test(alpha=0.166): acc=0.836345, f1=0.451764, auc=0.947368, bac=0.416692, sens=0.416692, spec=0.959529
epoch=24 mix_val(alpha=0.166): acc=0.838061, f1=0.432228, auc=0.953856, bac=0.407969, sens=0.407969, spec=0.958739
epoch=24 iter=12 train: total=1.014395, prob=0.000000, batch=0.000000, channel=0.000000, cls=0.406961, gauss=0.000000, aux_recon=1.028904, aux_kl=0.001977, kd_logit=0.779332, kd_feat=0.003564, lite_recon=0.861864, lite_kl=0.666367, lite_ce=0.887822, lite_acc=0.632812, mix_alpha=0.16597938144329896
epoch=24 test: acc=0.837894, f1=0.458757, auc=0.949322, bac=0.423468, sens=0.423468, spec=0.960397
epoch=24 val: acc=0.837029, f1=0.431306, auc=0.956981, bac=0.407105, sens=0.407105, spec=0.959291
epoch=24 mix_test(alpha=0.166): acc=0.834280, f1=0.452345, auc=0.949547, bac=0.418009, sens=0.418009, spec=0.958985
epoch=24 mix_val(alpha=0.166): acc=0.835998, f1=0.427723, auc=0.955615, bac=0.401754, sens=0.401754, spec=0.957785
epoch=24 iter=22 train: total=0.827857, prob=0.000000, batch=0.000000, channel=0.000000, cls=0.415259, gauss=0.000000, aux_recon=0.987541, aux_kl=0.001925, kd_logit=0.576982, kd_feat=0.003561, lite_recon=0.823961, lite_kl=0.728142, lite_ce=0.731024, lite_acc=0.796875, mix_alpha=0.16597938144329896
epoch=24 test: acc=0.837119, f1=0.448321, auc=0.948849, bac=0.417753, sens=0.417753, spec=0.960301
epoch=24 val: acc=0.837545, f1=0.432796, auc=0.956756, bac=0.406392, sens=0.406392, spec=0.959106
epoch=24 mix_test(alpha=0.166): acc=0.834796, f1=0.448538, auc=0.949402, bac=0.416063, sens=0.416063, spec=0.958957
epoch=24 mix_val(alpha=0.166): acc=0.837545, f1=0.430025, auc=0.954483, bac=0.405317, sens=0.405317, spec=0.958478
epoch=25 iter=6 train: total=0.953723, prob=0.000000, batch=0.000000, channel=0.000000, cls=0.409688, gauss=0.000000, aux_recon=0.987386, aux_kl=0.001985, kd_logit=0.722739, kd_feat=0.003592, lite_recon=0.801817, lite_kl=0.716487, lite_ce=0.846058, lite_acc=0.710938, mix_alpha=0.1731958762886598
epoch=25 test: acc=0.836087, f1=0.441543, auc=0.948642, bac=0.411849, sens=0.411849, spec=0.960356
epoch=25 val: acc=0.838577, f1=0.433571, auc=0.956027, bac=0.407105, sens=0.407105, spec=0.959597
epoch=25 mix_test(alpha=0.173): acc=0.833505, f1=0.448468, auc=0.947376, bac=0.412145, sens=0.412145, spec=0.958519
epoch=25 mix_val(alpha=0.173): acc=0.839092, f1=0.429998, auc=0.954258, bac=0.404214, sens=0.404214, spec=0.959113
epoch=25 iter=16 train: total=0.823714, prob=0.000000, batch=0.000000, channel=0.000000, cls=0.490358, gauss=0.000000, aux_recon=0.961933, aux_kl=0.001907, kd_logit=0.549342, kd_feat=0.003555, lite_recon=0.790698, lite_kl=0.751851, lite_ce=0.763215, lite_acc=0.726562, mix_alpha=0.1731958762886598
epoch=25 test: acc=0.838410, f1=0.447289, auc=0.948417, bac=0.416237, sens=0.416237, spec=0.960406
epoch=25 val: acc=0.837545, f1=0.432686, auc=0.956426, bac=0.406062, sens=0.406062, spec=0.959106
epoch=25 mix_test(alpha=0.173): acc=0.835570, f1=0.445400, auc=0.948365, bac=0.413786, sens=0.413786, spec=0.958903
epoch=25 mix_val(alpha=0.173): acc=0.835998, f1=0.428328, auc=0.955914, bac=0.400991, sens=0.400991, spec=0.957491
epoch=25 iter=26 train: total=0.977192, prob=0.000000, batch=0.000000, channel=0.000000, cls=0.454412, gauss=0.000000, aux_recon=1.020763, aux_kl=0.001977, kd_logit=0.753728, kd_feat=0.003543, lite_recon=0.822045, lite_kl=0.781460, lite_ce=0.852665, lite_acc=0.710938, mix_alpha=0.1731958762886598
epoch=25 test: acc=0.837119, f1=0.442138, auc=0.948993, bac=0.413458, sens=0.413458, spec=0.960500
epoch=25 val: acc=0.835998, f1=0.431910, auc=0.956823, bac=0.407572, sens=0.407572, spec=0.959387
epoch=25 mix_test(alpha=0.173): acc=0.832989, f1=0.429181, auc=0.948224, bac=0.401446, sens=0.401446, spec=0.958512
epoch=25 mix_val(alpha=0.173): acc=0.835482, f1=0.419846, auc=0.955492, bac=0.398688, sens=0.398688, spec=0.958219
epoch=26 iter=10 train: total=0.928127, prob=0.000000, batch=0.000000, channel=0.000000, cls=0.456546, gauss=0.000000, aux_recon=0.968093, aux_kl=0.001923, kd_logit=0.674833, kd_feat=0.003573, lite_recon=0.777313, lite_kl=0.748971, lite_ce=0.851943, lite_acc=0.664062, mix_alpha=0.1804123711340206
epoch=26 test: acc=0.835829, f1=0.444502, auc=0.948594, bac=0.416152, sens=0.416152, spec=0.960710
epoch=26 val: acc=0.836514, f1=0.432346, auc=0.956266, bac=0.408235, sens=0.408235, spec=0.959582
epoch=26 mix_test(alpha=0.180): acc=0.833764, f1=0.442776, auc=0.946498, bac=0.410566, sens=0.410566, spec=0.959207
epoch=26 mix_val(alpha=0.180): acc=0.834451, f1=0.428895, auc=0.955426, bac=0.403311, sens=0.403311, spec=0.958021
epoch=26 iter=20 train: total=0.891782, prob=0.000000, batch=0.000000, channel=0.000000, cls=0.455131, gauss=0.000000, aux_recon=0.999737, aux_kl=0.001958, kd_logit=0.633058, kd_feat=0.003569, lite_recon=0.817438, lite_kl=0.722975, lite_ce=0.805504, lite_acc=0.726562, mix_alpha=0.1804123711340206
epoch=26 test: acc=0.838926, f1=0.448414, auc=0.948785, bac=0.415777, sens=0.415777, spec=0.960339
epoch=26 val: acc=0.837545, f1=0.433314, auc=0.956092, bac=0.406306, sens=0.406306, spec=0.958981
epoch=26 mix_test(alpha=0.180): acc=0.833247, f1=0.430869, auc=0.948336, bac=0.399765, sens=0.399765, spec=0.958327
epoch=26 mix_val(alpha=0.180): acc=0.835482, f1=0.428624, auc=0.955958, bac=0.400573, sens=0.400573, spec=0.957061
epoch=27 iter=4 train: total=0.745069, prob=0.000000, batch=0.000000, channel=0.000000, cls=0.360783, gauss=0.000000, aux_recon=1.001065, aux_kl=0.001954, kd_logit=0.566636, kd_feat=0.003535, lite_recon=0.812285, lite_kl=0.824454, lite_ce=0.578563, lite_acc=0.789062, mix_alpha=0.18762886597938142
epoch=27 test: acc=0.838668, f1=0.445097, auc=0.948413, bac=0.413743, sens=0.413743, spec=0.960493
epoch=27 val: acc=0.839092, f1=0.434595, auc=0.956104, bac=0.408437, sens=0.408437, spec=0.959561
epoch=27 mix_test(alpha=0.188): acc=0.831440, f1=0.418876, auc=0.948088, bac=0.389929, sens=0.389929, spec=0.957660
epoch=27 mix_val(alpha=0.188): acc=0.832388, f1=0.424288, auc=0.955411, bac=0.398293, sens=0.398293, spec=0.956669
epoch=27 iter=14 train: total=0.965759, prob=0.000000, batch=0.000000, channel=0.000000, cls=0.429156, gauss=0.000000, aux_recon=1.009998, aux_kl=0.001967, kd_logit=0.725159, kd_feat=0.003556, lite_recon=0.867292, lite_kl=0.705570, lite_ce=0.841774, lite_acc=0.703125, mix_alpha=0.18762886597938142
epoch=27 test: acc=0.838410, f1=0.442113, auc=0.948617, bac=0.409872, sens=0.409872, spec=0.959921
epoch=27 val: acc=0.837545, f1=0.433265, auc=0.956644, bac=0.405213, sens=0.405213, spec=0.958391
epoch=27 mix_test(alpha=0.188): acc=0.833505, f1=0.437014, auc=0.947490, bac=0.403762, sens=0.403762, spec=0.957660
epoch=27 mix_val(alpha=0.188): acc=0.837545, f1=0.430474, auc=0.955897, bac=0.403941, sens=0.403941, spec=0.957629
epoch=27 iter=24 train: total=0.887689, prob=0.000000, batch=0.000000, channel=0.000000, cls=0.450600, gauss=0.000000, aux_recon=0.988203, aux_kl=0.001941, kd_logit=0.616616, kd_feat=0.003557, lite_recon=0.809567, lite_kl=0.689953, lite_ce=0.817580, lite_acc=0.656250, mix_alpha=0.18762886597938142
epoch=27 test: acc=0.838668, f1=0.450541, auc=0.948889, bac=0.416822, sens=0.416822, spec=0.959960
epoch=27 val: acc=0.837029, f1=0.431526, auc=0.956578, bac=0.404550, sens=0.404550, spec=0.958576
epoch=27 mix_test(alpha=0.188): acc=0.835312, f1=0.452285, auc=0.947829, bac=0.413744, sens=0.413744, spec=0.957959
epoch=27 mix_val(alpha=0.188): acc=0.838061, f1=0.431399, auc=0.956157, bac=0.403133, sens=0.403133, spec=0.957917
epoch=28 iter=8 train: total=0.993399, prob=0.000000, batch=0.000000, channel=0.000000, cls=0.409850, gauss=0.000000, aux_recon=1.040735, aux_kl=0.002028, kd_logit=0.784626, kd_feat=0.003582, lite_recon=0.856894, lite_kl=0.691681, lite_ce=0.841999, lite_acc=0.710938, mix_alpha=0.19484536082474227
epoch=28 test: acc=0.839442, f1=0.442970, auc=0.948687, bac=0.411085, sens=0.411085, spec=0.960179
epoch=28 val: acc=0.837545, f1=0.433621, auc=0.956792, bac=0.406637, sens=0.406637, spec=0.958867
epoch=28 mix_test(alpha=0.195): acc=0.835054, f1=0.433816, auc=0.948862, bac=0.402133, sens=0.402133, spec=0.957798
epoch=28 mix_val(alpha=0.195): acc=0.833935, f1=0.421041, auc=0.956086, bac=0.395096, sens=0.395096, spec=0.956868
epoch=28 iter=18 train: total=0.886087, prob=0.000000, batch=0.000000, channel=0.000000, cls=0.499137, gauss=0.000000, aux_recon=0.986110, aux_kl=0.001922, kd_logit=0.582976, kd_feat=0.003546, lite_recon=0.836106, lite_kl=0.748494, lite_ce=0.836240, lite_acc=0.703125, mix_alpha=0.19484536082474227
epoch=28 test: acc=0.837636, f1=0.448338, auc=0.948890, bac=0.417114, sens=0.417114, spec=0.960193
epoch=28 val: acc=0.838577, f1=0.433832, auc=0.956156, bac=0.408340, sens=0.408340, spec=0.959513
epoch=28 mix_test(alpha=0.195): acc=0.832989, f1=0.435208, auc=0.947641, bac=0.404950, sens=0.404950, spec=0.958064
epoch=28 mix_val(alpha=0.195): acc=0.837029, f1=0.428625, auc=0.954506, bac=0.401391, sens=0.401391, spec=0.957783
epoch=29 iter=2 train: total=0.986736, prob=0.000000, batch=0.000000, channel=0.000000, cls=0.473124, gauss=0.000000, aux_recon=1.038518, aux_kl=0.002001, kd_logit=0.745174, kd_feat=0.003554, lite_recon=0.849499, lite_kl=0.737204, lite_ce=0.870200, lite_acc=0.718750, mix_alpha=0.20206185567010307
epoch=29 test: acc=0.837894, f1=0.442264, auc=0.949116, bac=0.410590, sens=0.410590, spec=0.959799
epoch=29 val: acc=0.838061, f1=0.433998, auc=0.956525, bac=0.406498, sens=0.406498, spec=0.958700
epoch=29 mix_test(alpha=0.202): acc=0.832731, f1=0.429093, auc=0.948236, bac=0.397622, sens=0.397622, spec=0.957240
epoch=29 mix_val(alpha=0.202): acc=0.836514, f1=0.426721, auc=0.955800, bac=0.401380, sens=0.401380, spec=0.957840
epoch=29 iter=12 train: total=1.010305, prob=0.000000, batch=0.000000, channel=0.000000, cls=0.496583, gauss=0.000000, aux_recon=0.999430, aux_kl=0.001942, kd_logit=0.657278, kd_feat=0.003558, lite_recon=0.826753, lite_kl=0.716184, lite_ce=1.014749, lite_acc=0.625000, mix_alpha=0.20206185567010307
epoch=29 test: acc=0.836603, f1=0.447501, auc=0.948756, bac=0.413309, sens=0.413309, spec=0.958952
epoch=29 val: acc=0.839608, f1=0.433548, auc=0.956406, bac=0.405036, sens=0.405036, spec=0.958586
epoch=29 mix_test(alpha=0.202): acc=0.833764, f1=0.435227, auc=0.947541, bac=0.401904, sens=0.401904, spec=0.957143
epoch=29 mix_val(alpha=0.202): acc=0.833935, f1=0.424476, auc=0.954259, bac=0.396500, sens=0.396500, spec=0.956144
epoch=29 iter=22 train: total=0.888557, prob=0.000000, batch=0.000000, channel=0.000000, cls=0.450019, gauss=0.000000, aux_recon=1.033817, aux_kl=0.001964, kd_logit=0.656114, kd_feat=0.003556, lite_recon=0.859377, lite_kl=0.781287, lite_ce=0.758067, lite_acc=0.718750, mix_alpha=0.20206185567010307
epoch=29 test: acc=0.838668, f1=0.445886, auc=0.949026, bac=0.413569, sens=0.413569, spec=0.960135
epoch=29 val: acc=0.838061, f1=0.434162, auc=0.956280, bac=0.406734, sens=0.406734, spec=0.958929
epoch=29 mix_test(alpha=0.202): acc=0.836345, f1=0.443889, auc=0.948180, bac=0.410551, sens=0.410551, spec=0.958366
epoch=29 mix_val(alpha=0.202): acc=0.835998, f1=0.424518, auc=0.953534, bac=0.398624, sens=0.398624, spec=0.957536
epoch=30 iter=6 train: total=0.875255, prob=0.000000, batch=0.000000, channel=0.000000, cls=0.414328, gauss=0.000000, aux_recon=1.011515, aux_kl=0.001923, kd_logit=0.664662, kd_feat=0.003536, lite_recon=0.867667, lite_kl=0.744479, lite_ce=0.720355, lite_acc=0.757812, mix_alpha=0.2092783505154639
epoch=30 test: acc=0.840217, f1=0.449700, auc=0.948990, bac=0.416440, sens=0.416440, spec=0.960358
epoch=30 val: acc=0.839092, f1=0.434290, auc=0.956181, bac=0.406645, sens=0.406645, spec=0.958972
epoch=30 mix_test(alpha=0.209): acc=0.834280, f1=0.432091, auc=0.946255, bac=0.400318, sens=0.400318, spec=0.957547
epoch=30 mix_val(alpha=0.209): acc=0.834966, f1=0.418289, auc=0.954962, bac=0.392678, sens=0.392678, spec=0.956795
epoch=30 iter=16 train: total=0.855971, prob=0.000000, batch=0.000000, channel=0.000000, cls=0.444424, gauss=0.000000, aux_recon=0.986209, aux_kl=0.001942, kd_logit=0.582007, kd_feat=0.003542, lite_recon=0.801570, lite_kl=0.718305, lite_ce=0.791399, lite_acc=0.687500, mix_alpha=0.2092783505154639
epoch=30 test: acc=0.839442, f1=0.450242, auc=0.948838, bac=0.417958, sens=0.417958, spec=0.960478
epoch=30 val: acc=0.837545, f1=0.432666, auc=0.956162, bac=0.405166, sens=0.405166, spec=0.958857
epoch=30 mix_test(alpha=0.209): acc=0.838152, f1=0.444120, auc=0.947706, bac=0.408077, sens=0.408077, spec=0.958469
epoch=30 mix_val(alpha=0.209): acc=0.834966, f1=0.428925, auc=0.956410, bac=0.399618, sens=0.399618, spec=0.956859
epoch=30 iter=26 train: total=0.949193, prob=0.000000, batch=0.000000, channel=0.000000, cls=0.534382, gauss=0.000000, aux_recon=1.011676, aux_kl=0.001882, kd_logit=0.666727, kd_feat=0.003560, lite_recon=0.861550, lite_kl=0.729109, lite_ce=0.868898, lite_acc=0.656250, mix_alpha=0.2092783505154639
epoch=30 test: acc=0.839184, f1=0.446607, auc=0.948962, bac=0.414666, sens=0.414666, spec=0.960210
epoch=30 val: acc=0.839092, f1=0.434594, auc=0.956673, bac=0.407824, sens=0.407824, spec=0.959433
epoch=30 mix_test(alpha=0.209): acc=0.834280, f1=0.439098, auc=0.947171, bac=0.403257, sens=0.403257, spec=0.957751
epoch=30 mix_val(alpha=0.209): acc=0.835998, f1=0.421557, auc=0.955744, bac=0.395570, sens=0.395570, spec=0.957168
epoch=31 iter=10 train: total=0.759127, prob=0.000000, batch=0.000000, channel=0.000000, cls=0.437334, gauss=0.000000, aux_recon=0.976584, aux_kl=0.001912, kd_logit=0.509753, kd_feat=0.003560, lite_recon=0.798156, lite_kl=0.723741, lite_ce=0.671203, lite_acc=0.765625, mix_alpha=0.21649484536082475
epoch=31 test: acc=0.837119, f1=0.449523, auc=0.948701, bac=0.417564, sens=0.417564, spec=0.960291
epoch=31 val: acc=0.839608, f1=0.434798, auc=0.956630, bac=0.408817, sens=0.408817, spec=0.959759
epoch=31 mix_test(alpha=0.216): acc=0.829892, f1=0.428227, auc=0.946912, bac=0.398517, sens=0.398517, spec=0.957115
epoch=31 mix_val(alpha=0.216): acc=0.832388, f1=0.420671, auc=0.956370, bac=0.399802, sens=0.399802, spec=0.957306
epoch=31 iter=20 train: total=0.918805, prob=0.000000, batch=0.000000, channel=0.000000, cls=0.487360, gauss=0.000000, aux_recon=1.076108, aux_kl=0.002076, kd_logit=0.627332, kd_feat=0.003551, lite_recon=0.924252, lite_kl=0.728552, lite_ce=0.822455, lite_acc=0.671875, mix_alpha=0.21649484536082475
epoch=31 test: acc=0.838152, f1=0.449281, auc=0.948904, bac=0.419119, sens=0.419119, spec=0.960806
epoch=31 val: acc=0.837545, f1=0.431538, auc=0.956391, bac=0.406825, sens=0.406825, spec=0.959584
epoch=31 mix_test(alpha=0.216): acc=0.836087, f1=0.441400, auc=0.948589, bac=0.409342, sens=0.409342, spec=0.959161
epoch=31 mix_val(alpha=0.216): acc=0.839092, f1=0.427425, auc=0.955702, bac=0.403524, sens=0.403524, spec=0.958577
epoch=32 iter=4 train: total=0.910100, prob=0.000000, batch=0.000000, channel=0.000000, cls=0.440478, gauss=0.000000, aux_recon=0.998512, aux_kl=0.001987, kd_logit=0.634798, kd_feat=0.003555, lite_recon=0.842465, lite_kl=0.705447, lite_ce=0.830751, lite_acc=0.679688, mix_alpha=0.22371134020618552
epoch=32 test: acc=0.837377, f1=0.440669, auc=0.948743, bac=0.409961, sens=0.409961, spec=0.960088
epoch=32 val: acc=0.837029, f1=0.432545, auc=0.956703, bac=0.406587, sens=0.406587, spec=0.959048
epoch=32 mix_test(alpha=0.224): acc=0.830408, f1=0.413349, auc=0.947319, bac=0.387306, sens=0.387306, spec=0.957199
epoch=32 mix_val(alpha=0.224): acc=0.838577, f1=0.432055, auc=0.953573, bac=0.404135, sens=0.404135, spec=0.957889
epoch=32 iter=14 train: total=0.900785, prob=0.000000, batch=0.000000, channel=0.000000, cls=0.507417, gauss=0.000000, aux_recon=1.011344, aux_kl=0.001934, kd_logit=0.607751, kd_feat=0.003534, lite_recon=0.868136, lite_kl=0.729235, lite_ce=0.828445, lite_acc=0.671875, mix_alpha=0.22371134020618552
epoch=32 test: acc=0.836603, f1=0.434004, auc=0.948604, bac=0.406048, sens=0.406048, spec=0.960103
epoch=32 val: acc=0.835998, f1=0.432166, auc=0.956475, bac=0.406723, sens=0.406723, spec=0.958904
epoch=32 mix_test(alpha=0.224): acc=0.830924, f1=0.434351, auc=0.946537, bac=0.401142, sens=0.401142, spec=0.957478
epoch=32 mix_val(alpha=0.224): acc=0.833935, f1=0.425005, auc=0.955617, bac=0.398699, sens=0.398699, spec=0.957100
epoch=32 iter=24 train: total=0.921025, prob=0.000000, batch=0.000000, channel=0.000000, cls=0.511231, gauss=0.000000, aux_recon=1.015217, aux_kl=0.001988, kd_logit=0.614911, kd_feat=0.003565, lite_recon=0.825271, lite_kl=0.714439, lite_ce=0.879175, lite_acc=0.710938, mix_alpha=0.22371134020618552
epoch=32 test: acc=0.838152, f1=0.447346, auc=0.948795, bac=0.415627, sens=0.415627, spec=0.960538
epoch=32 val: acc=0.837545, f1=0.433789, auc=0.955743, bac=0.407533, sens=0.407533, spec=0.959213
epoch=32 mix_test(alpha=0.224): acc=0.832473, f1=0.406878, auc=0.946798, bac=0.382690, sens=0.382690, spec=0.957682
epoch=32 mix_val(alpha=0.224): acc=0.837029, f1=0.432324, auc=0.955980, bac=0.404127, sens=0.404127, spec=0.957634
epoch=33 iter=8 train: total=1.004637, prob=0.000000, batch=0.000000, channel=0.000000, cls=0.462167, gauss=0.000000, aux_recon=0.999192, aux_kl=0.001929, kd_logit=0.764138, kd_feat=0.003574, lite_recon=0.867187, lite_kl=0.710215, lite_ce=0.880482, lite_acc=0.710938, mix_alpha=0.23092783505154638
epoch=33 test: acc=0.838668, f1=0.448493, auc=0.948798, bac=0.416114, sens=0.416114, spec=0.960312
epoch=33 val: acc=0.837029, f1=0.432929, auc=0.956147, bac=0.406823, sens=0.406823, spec=0.959037
epoch=33 mix_test(alpha=0.231): acc=0.835054, f1=0.443422, auc=0.947930, bac=0.408805, sens=0.408805, spec=0.958431
epoch=33 mix_val(alpha=0.231): acc=0.838577, f1=0.431912, auc=0.955120, bac=0.402098, sens=0.402098, spec=0.957379
epoch=33 iter=18 train: total=0.931864, prob=0.000000, batch=0.000000, channel=0.000000, cls=0.472180, gauss=0.000000, aux_recon=0.991903, aux_kl=0.001987, kd_logit=0.666620, kd_feat=0.003544, lite_recon=0.832764, lite_kl=0.624197, lite_ce=0.847974, lite_acc=0.734375, mix_alpha=0.23092783505154638
epoch=33 test: acc=0.838668, f1=0.449800, auc=0.948416, bac=0.418548, sens=0.418548, spec=0.960577
epoch=33 val: acc=0.838061, f1=0.431926, auc=0.956397, bac=0.407913, sens=0.407913, spec=0.959561
epoch=33 mix_test(alpha=0.231): acc=0.831699, f1=0.417698, auc=0.947609, bac=0.392431, sens=0.392431, spec=0.957538
epoch=33 mix_val(alpha=0.231): acc=0.835998, f1=0.425186, auc=0.954459, bac=0.400425, sens=0.400425, spec=0.957673
epoch=34 iter=2 train: total=0.939948, prob=0.000000, batch=0.000000, channel=0.000000, cls=0.411066, gauss=0.000000, aux_recon=1.046727, aux_kl=0.002015, kd_logit=0.722179, kd_feat=0.003548, lite_recon=0.857726, lite_kl=0.786208, lite_ce=0.795354, lite_acc=0.695312, mix_alpha=0.2381443298969072
epoch=34 test: acc=0.839442, f1=0.450339, auc=0.948931, bac=0.417105, sens=0.417105, spec=0.960240
epoch=34 val: acc=0.838061, f1=0.433747, auc=0.956689, bac=0.406403, sens=0.406403, spec=0.959045
epoch=34 mix_test(alpha=0.238): acc=0.835312, f1=0.420542, auc=0.948180, bac=0.391749, sens=0.391749, spec=0.957067
epoch=34 mix_val(alpha=0.238): acc=0.835482, f1=0.417462, auc=0.955984, bac=0.392587, sens=0.392587, spec=0.956741
epoch=34 iter=12 train: total=0.989455, prob=0.000000, batch=0.000000, channel=0.000000, cls=0.530568, gauss=0.000000, aux_recon=0.971387, aux_kl=0.001856, kd_logit=0.721996, kd_feat=0.003550, lite_recon=0.835766, lite_kl=0.694943, lite_ce=0.905159, lite_acc=0.695312, mix_alpha=0.2381443298969072
epoch=34 test: acc=0.839184, f1=0.447434, auc=0.949047, bac=0.415519, sens=0.415519, spec=0.960503
epoch=34 val: acc=0.838577, f1=0.434060, auc=0.956420, bac=0.407114, sens=0.407114, spec=0.959359
epoch=34 mix_test(alpha=0.238): acc=0.832473, f1=0.434005, auc=0.947484, bac=0.400368, sens=0.400368, spec=0.957698
epoch=34 mix_val(alpha=0.238): acc=0.837545, f1=0.426611, auc=0.953921, bac=0.401291, sens=0.401291, spec=0.958001
epoch=34 iter=22 train: total=0.941510, prob=0.000000, batch=0.000000, channel=0.000000, cls=0.431664, gauss=0.000000, aux_recon=0.996439, aux_kl=0.001889, kd_logit=0.728474, kd_feat=0.003562, lite_recon=0.844654, lite_kl=0.730037, lite_ce=0.798521, lite_acc=0.726562, mix_alpha=0.2381443298969072
epoch=34 test: acc=0.838668, f1=0.448338, auc=0.948716, bac=0.415130, sens=0.415130, spec=0.960016
epoch=34 val: acc=0.836514, f1=0.431428, auc=0.956731, bac=0.404453, sens=0.404453, spec=0.958500
epoch=34 mix_test(alpha=0.238): acc=0.832731, f1=0.444675, auc=0.946701, bac=0.407082, sens=0.407082, spec=0.956825
epoch=34 mix_val(alpha=0.238): acc=0.835998, f1=0.423548, auc=0.955884, bac=0.395909, sens=0.395909, spec=0.956580
epoch=35 iter=6 train: total=0.861720, prob=0.000000, batch=0.000000, channel=0.000000, cls=0.433104, gauss=0.000000, aux_recon=1.016030, aux_kl=0.001915, kd_logit=0.620935, kd_feat=0.003566, lite_recon=0.860109, lite_kl=0.726544, lite_ce=0.740365, lite_acc=0.742188, mix_alpha=0.245360824742268
epoch=35 test: acc=0.835312, f1=0.444316, auc=0.948484, bac=0.414687, sens=0.414687, spec=0.960500
epoch=35 val: acc=0.837545, f1=0.433528, auc=0.955956, bac=0.408995, sens=0.408995, spec=0.959825
epoch=35 mix_test(alpha=0.245): acc=0.829375, f1=0.375443, auc=0.946845, bac=0.367333, sens=0.367333, spec=0.958044
epoch=35 mix_val(alpha=0.245): acc=0.833419, f1=0.420187, auc=0.955283, bac=0.394510, sens=0.394510, spec=0.957501
epoch=35 iter=16 train: total=0.840498, prob=0.000000, batch=0.000000, channel=0.000000, cls=0.465115, gauss=0.000000, aux_recon=0.942926, aux_kl=0.001856, kd_logit=0.599673, kd_feat=0.003550, lite_recon=0.789872, lite_kl=0.749289, lite_ce=0.746838, lite_acc=0.742188, mix_alpha=0.245360824742268
epoch=35 test: acc=0.838152, f1=0.449634, auc=0.948683, bac=0.417739, sens=0.417739, spec=0.960318
epoch=35 val: acc=0.837029, f1=0.432900, auc=0.956309, bac=0.407153, sens=0.407153, spec=0.959047
epoch=35 mix_test(alpha=0.245): acc=0.834796, f1=0.436732, auc=0.946974, bac=0.401368, sens=0.401368, spec=0.957745
epoch=35 mix_val(alpha=0.245): acc=0.834451, f1=0.423482, auc=0.954449, bac=0.394957, sens=0.394957, spec=0.956921
epoch=35 iter=26 train: total=0.973594, prob=0.000000, batch=0.000000, channel=0.000000, cls=0.452343, gauss=0.000000, aux_recon=0.966142, aux_kl=0.001867, kd_logit=0.659023, kd_feat=0.003553, lite_recon=0.835055, lite_kl=0.785729, lite_ce=0.934875, lite_acc=0.695312, mix_alpha=0.245360824742268
epoch=35 test: acc=0.839442, f1=0.448123, auc=0.948822, bac=0.414978, sens=0.414978, spec=0.960239
epoch=35 val: acc=0.839092, f1=0.433630, auc=0.956293, bac=0.406353, sens=0.406353, spec=0.959315
epoch=35 mix_test(alpha=0.245): acc=0.833247, f1=0.441995, auc=0.947251, bac=0.405083, sens=0.405083, spec=0.957142
epoch=35 mix_val(alpha=0.245): acc=0.835482, f1=0.425742, auc=0.953924, bac=0.396877, sens=0.396877, spec=0.956703
epoch=36 iter=10 train: total=0.947196, prob=0.000000, batch=0.000000, channel=0.000000, cls=0.477241, gauss=0.000000, aux_recon=1.034341, aux_kl=0.002041, kd_logit=0.666347, kd_feat=0.003553, lite_recon=0.860406, lite_kl=0.787306, lite_ce=0.864583, lite_acc=0.687500, mix_alpha=0.25257731958762886
epoch=36 test: acc=0.839701, f1=0.448155, auc=0.948570, bac=0.415644, sens=0.415644, spec=0.960169
epoch=36 val: acc=0.837029, f1=0.432176, auc=0.956471, bac=0.404833, sens=0.404833, spec=0.958449
epoch=36 mix_test(alpha=0.253): acc=0.834538, f1=0.421921, auc=0.948825, bac=0.393409, sens=0.393409, spec=0.957282
epoch=36 mix_val(alpha=0.253): acc=0.828262, f1=0.420546, auc=0.953416, bac=0.392389, sens=0.392389, spec=0.955226
epoch=36 iter=20 train: total=0.869150, prob=0.000000, batch=0.000000, channel=0.000000, cls=0.379172, gauss=0.000000, aux_recon=0.971195, aux_kl=0.001881, kd_logit=0.665794, kd_feat=0.003553, lite_recon=0.805609, lite_kl=0.707664, lite_ce=0.732556, lite_acc=0.726562, mix_alpha=0.25257731958762886
epoch=36 test: acc=0.839442, f1=0.447178, auc=0.948437, bac=0.415473, sens=0.415473, spec=0.960252
epoch=36 val: acc=0.836514, f1=0.430597, auc=0.956478, bac=0.403793, sens=0.403793, spec=0.958472
epoch=36 mix_test(alpha=0.253): acc=0.832731, f1=0.425274, auc=0.948123, bac=0.395702, sens=0.395702, spec=0.957440
epoch=36 mix_val(alpha=0.253): acc=0.831356, f1=0.408097, auc=0.956116, bac=0.384391, sens=0.384391, spec=0.955698
epoch=37 iter=4 train: total=0.855266, prob=0.000000, batch=0.000000, channel=0.000000, cls=0.472502, gauss=0.000000, aux_recon=0.983391, aux_kl=0.001935, kd_logit=0.607045, kd_feat=0.003556, lite_recon=0.805402, lite_kl=0.747965, lite_ce=0.762811, lite_acc=0.710938, mix_alpha=0.2597938144329897
epoch=37 test: acc=0.839701, f1=0.451509, auc=0.948691, bac=0.416875, sens=0.416875, spec=0.959913
epoch=37 val: acc=0.837029, f1=0.432435, auc=0.956721, bac=0.403985, sens=0.403985, spec=0.957966
epoch=37 mix_test(alpha=0.260): acc=0.831957, f1=0.440356, auc=0.948942, bac=0.404189, sens=0.404189, spec=0.956402
epoch=37 mix_val(alpha=0.260): acc=0.834451, f1=0.422860, auc=0.954580, bac=0.394966, sens=0.394966, spec=0.956014
epoch=37 iter=14 train: total=0.903755, prob=0.000000, batch=0.000000, channel=0.000000, cls=0.525109, gauss=0.000000, aux_recon=0.932699, aux_kl=0.001810, kd_logit=0.658955, kd_feat=0.003577, lite_recon=0.808278, lite_kl=0.675521, lite_ce=0.808157, lite_acc=0.718750, mix_alpha=0.2597938144329897
epoch=37 test: acc=0.838926, f1=0.443202, auc=0.948931, bac=0.409224, sens=0.409224, spec=0.959327
epoch=37 val: acc=0.837545, f1=0.432461, auc=0.956793, bac=0.403516, sens=0.403516, spec=0.957812
epoch=37 mix_test(alpha=0.260): acc=0.832215, f1=0.420174, auc=0.947540, bac=0.387388, sens=0.387388, spec=0.956028
epoch=37 mix_val(alpha=0.260): acc=0.834966, f1=0.427924, auc=0.954944, bac=0.398213, sens=0.398213, spec=0.956318
epoch=37 iter=24 train: total=0.992051, prob=0.000000, batch=0.000000, channel=0.000000, cls=0.572613, gauss=0.000000, aux_recon=1.031750, aux_kl=0.001925, kd_logit=0.685245, kd_feat=0.003572, lite_recon=0.912050, lite_kl=0.697999, lite_ce=0.916505, lite_acc=0.656250, mix_alpha=0.2597938144329897
epoch=37 test: acc=0.838410, f1=0.441810, auc=0.948767, bac=0.409990, sens=0.409990, spec=0.959976
epoch=37 val: acc=0.837029, f1=0.433595, auc=0.956455, bac=0.405691, sens=0.405691, spec=0.958313
epoch=37 mix_test(alpha=0.260): acc=0.834022, f1=0.429460, auc=0.947608, bac=0.396490, sens=0.396490, spec=0.957124
epoch=37 mix_val(alpha=0.260): acc=0.835998, f1=0.429021, auc=0.954930, bac=0.399388, sens=0.399388, spec=0.956060
epoch=38 iter=8 train: total=0.879135, prob=0.000000, batch=0.000000, channel=0.000000, cls=0.462648, gauss=0.000000, aux_recon=1.005130, aux_kl=0.001953, kd_logit=0.652339, kd_feat=0.003559, lite_recon=0.864008, lite_kl=0.728630, lite_ce=0.742197, lite_acc=0.750000, mix_alpha=0.26701030927835046
epoch=38 test: acc=0.838410, f1=0.446264, auc=0.948752, bac=0.414779, sens=0.414779, spec=0.960383
epoch=38 val: acc=0.838577, f1=0.434649, auc=0.956397, bac=0.407066, sens=0.407066, spec=0.959336
epoch=38 mix_test(alpha=0.267): acc=0.834538, f1=0.442693, auc=0.947493, bac=0.406687, sens=0.406687, spec=0.957332
epoch=38 mix_val(alpha=0.267): acc=0.835482, f1=0.430782, auc=0.957365, bac=0.401242, sens=0.401242, spec=0.956696
epoch=38 iter=18 train: total=0.852632, prob=0.000000, batch=0.000000, channel=0.000000, cls=0.482429, gauss=0.000000, aux_recon=0.976557, aux_kl=0.001925, kd_logit=0.613140, kd_feat=0.003533, lite_recon=0.809760, lite_kl=0.755836, lite_ce=0.749571, lite_acc=0.703125, mix_alpha=0.26701030927835046
epoch=38 test: acc=0.839701, f1=0.451988, auc=0.949030, bac=0.418718, sens=0.418718, spec=0.960581
epoch=38 val: acc=0.837029, f1=0.432412, auc=0.956453, bac=0.405965, sens=0.405965, spec=0.959027
epoch=38 mix_test(alpha=0.267): acc=0.832215, f1=0.396814, auc=0.947438, bac=0.377087, sens=0.377087, spec=0.956876
epoch=38 mix_val(alpha=0.267): acc=0.833935, f1=0.422766, auc=0.956063, bac=0.394003, sens=0.394003, spec=0.956012
epoch=39 iter=2 train: total=0.870530, prob=0.000000, batch=0.000000, channel=0.000000, cls=0.455100, gauss=0.000000, aux_recon=0.936944, aux_kl=0.001825, kd_logit=0.643790, kd_feat=0.003571, lite_recon=0.812313, lite_kl=0.701129, lite_ce=0.754752, lite_acc=0.757812, mix_alpha=0.2742268041237113
epoch=39 test: acc=0.838926, f1=0.450642, auc=0.949036, bac=0.417201, sens=0.417201, spec=0.959951
epoch=39 val: acc=0.837545, f1=0.432455, auc=0.956633, bac=0.404647, sens=0.404647, spec=0.958403
epoch=39 mix_test(alpha=0.274): acc=0.828085, f1=0.436913, auc=0.946181, bac=0.401339, sens=0.401339, spec=0.955613
epoch=39 mix_val(alpha=0.274): acc=0.829809, f1=0.417920, auc=0.953739, bac=0.390973, sens=0.390973, spec=0.955265
epoch=39 iter=12 train: total=0.888119, prob=0.000000, batch=0.000000, channel=0.000000, cls=0.497004, gauss=0.000000, aux_recon=0.968438, aux_kl=0.001898, kd_logit=0.665682, kd_feat=0.003546, lite_recon=0.797239, lite_kl=0.771538, lite_ce=0.772684, lite_acc=0.742188, mix_alpha=0.2742268041237113
epoch=39 test: acc=0.838926, f1=0.447915, auc=0.948947, bac=0.415800, sens=0.415800, spec=0.960478
epoch=39 val: acc=0.839092, f1=0.433376, auc=0.956637, bac=0.407014, sens=0.407014, spec=0.959461
epoch=39 mix_test(alpha=0.274): acc=0.833505, f1=0.439849, auc=0.947010, bac=0.406632, sens=0.406632, spec=0.957590
epoch=39 mix_val(alpha=0.274): acc=0.837545, f1=0.427821, auc=0.957929, bac=0.401141, sens=0.401141, spec=0.957418
epoch=39 iter=22 train: total=0.917769, prob=0.000000, batch=0.000000, channel=0.000000, cls=0.420966, gauss=0.000000, aux_recon=1.033332, aux_kl=0.001948, kd_logit=0.712121, kd_feat=0.003532, lite_recon=0.883470, lite_kl=0.739467, lite_ce=0.751708, lite_acc=0.757812, mix_alpha=0.2742268041237113
epoch=39 test: acc=0.838152, f1=0.447979, auc=0.948949, bac=0.415647, sens=0.415647, spec=0.960134
epoch=39 val: acc=0.835998, f1=0.431979, auc=0.956596, bac=0.405214, sens=0.405214, spec=0.958426
epoch=39 mix_test(alpha=0.274): acc=0.832215, f1=0.435240, auc=0.946999, bac=0.399338, sens=0.399338, spec=0.956946
epoch=39 mix_val(alpha=0.274): acc=0.835482, f1=0.433579, auc=0.954718, bac=0.403950, sens=0.403950, spec=0.956169
epoch=40 iter=6 train: total=1.002338, prob=0.000000, batch=0.000000, channel=0.000000, cls=0.571727, gauss=0.000000, aux_recon=0.965791, aux_kl=0.001840, kd_logit=0.631561, kd_feat=0.003542, lite_recon=0.831565, lite_kl=0.780454, lite_ce=1.021337, lite_acc=0.648438, mix_alpha=0.28144329896907216
epoch=40 test: acc=0.837894, f1=0.446244, auc=0.948525, bac=0.414890, sens=0.414890, spec=0.960455
epoch=40 val: acc=0.838577, f1=0.433736, auc=0.956418, bac=0.408340, sens=0.408340, spec=0.959627
epoch=40 mix_test(alpha=0.281): acc=0.829375, f1=0.412394, auc=0.945619, bac=0.385037, sens=0.385037, spec=0.956568
epoch=40 mix_val(alpha=0.281): acc=0.830325, f1=0.415360, auc=0.954485, bac=0.392814, sens=0.392814, spec=0.955702
epoch=40 iter=16 train: total=0.919192, prob=0.000000, batch=0.000000, channel=0.000000, cls=0.465497, gauss=0.000000, aux_recon=0.974551, aux_kl=0.001867, kd_logit=0.639023, kd_feat=0.003558, lite_recon=0.865534, lite_kl=0.705069, lite_ce=0.835489, lite_acc=0.710938, mix_alpha=0.28144329896907216
epoch=40 test: acc=0.838410, f1=0.447532, auc=0.948578, bac=0.414955, sens=0.414955, spec=0.960272
epoch=40 val: acc=0.838061, f1=0.433626, auc=0.955921, bac=0.405876, sens=0.405876, spec=0.958811
epoch=40 mix_test(alpha=0.281): acc=0.829117, f1=0.438480, auc=0.944856, bac=0.402830, sens=0.402830, spec=0.955985
epoch=40 mix_val(alpha=0.281): acc=0.831872, f1=0.407761, auc=0.952763, bac=0.384959, sens=0.384959, spec=0.956353
epoch=40 iter=26 train: total=0.976048, prob=0.000000, batch=0.000000, channel=0.000000, cls=0.493334, gauss=0.000000, aux_recon=0.964259, aux_kl=0.001838, kd_logit=0.697375, kd_feat=0.003575, lite_recon=0.846977, lite_kl=0.704239, lite_ce=0.898269, lite_acc=0.656250, mix_alpha=0.28144329896907216
epoch=40 test: acc=0.838152, f1=0.448035, auc=0.948823, bac=0.417659, sens=0.417659, spec=0.960441
epoch=40 val: acc=0.836514, f1=0.431211, auc=0.956981, bac=0.407339, sens=0.407339, spec=0.959217
epoch=40 mix_test(alpha=0.281): acc=0.832215, f1=0.423240, auc=0.948319, bac=0.393559, sens=0.393559, spec=0.957388
epoch=40 mix_val(alpha=0.281): acc=0.833419, f1=0.420495, auc=0.952328, bac=0.395179, sens=0.395179, spec=0.956451
epoch=41 iter=10 train: total=0.878685, prob=0.000000, batch=0.000000, channel=0.000000, cls=0.454686, gauss=0.000000, aux_recon=1.081946, aux_kl=0.002014, kd_logit=0.635731, kd_feat=0.003536, lite_recon=0.901213, lite_kl=0.713525, lite_ce=0.743348, lite_acc=0.734375, mix_alpha=0.28865979381443296
epoch=41 test: acc=0.838926, f1=0.446032, auc=0.948874, bac=0.415603, sens=0.415603, spec=0.960327
epoch=41 val: acc=0.835998, f1=0.431935, auc=0.957328, bac=0.406723, sens=0.406723, spec=0.958913
epoch=41 mix_test(alpha=0.289): acc=0.825761, f1=0.438867, auc=0.946798, bac=0.403035, sens=0.403035, spec=0.955361
epoch=41 mix_val(alpha=0.289): acc=0.834451, f1=0.417359, auc=0.954870, bac=0.390906, sens=0.390906, spec=0.955893
epoch=41 iter=20 train: total=0.992782, prob=0.000000, batch=0.000000, channel=0.000000, cls=0.523262, gauss=0.000000, aux_recon=0.980955, aux_kl=0.001860, kd_logit=0.740653, kd_feat=0.003545, lite_recon=0.853448, lite_kl=0.759248, lite_ce=0.884803, lite_acc=0.679688, mix_alpha=0.28865979381443296
epoch=41 test: acc=0.836345, f1=0.447364, auc=0.948713, bac=0.417528, sens=0.417528, spec=0.960258
epoch=41 val: acc=0.836514, f1=0.432168, auc=0.957133, bac=0.407386, sens=0.407386, spec=0.959225
epoch=41 mix_test(alpha=0.289): acc=0.830408, f1=0.425452, auc=0.945291, bac=0.395304, sens=0.395304, spec=0.956410
epoch=41 mix_val(alpha=0.289): acc=0.833419, f1=0.426961, auc=0.953539, bac=0.400940, sens=0.400940, spec=0.956475
epoch=42 iter=4 train: total=0.888079, prob=0.000000, batch=0.000000, channel=0.000000, cls=0.558037, gauss=0.000000, aux_recon=1.018051, aux_kl=0.002010, kd_logit=0.621817, kd_feat=0.003552, lite_recon=0.826283, lite_kl=0.713053, lite_ce=0.806016, lite_acc=0.703125, mix_alpha=0.2958762886597938
epoch=42 test: acc=0.839184, f1=0.450026, auc=0.948906, bac=0.417811, sens=0.417811, spec=0.960515
epoch=42 val: acc=0.837545, f1=0.433057, auc=0.956643, bac=0.406684, sens=0.406684, spec=0.958998
epoch=42 mix_test(alpha=0.296): acc=0.825503, f1=0.407038, auc=0.946368, bac=0.378328, sens=0.378328, spec=0.954846
epoch=42 mix_val(alpha=0.296): acc=0.829809, f1=0.424232, auc=0.954138, bac=0.398535, sens=0.398535, spec=0.955119
epoch=42 iter=14 train: total=0.899391, prob=0.000000, batch=0.000000, channel=0.000000, cls=0.502356, gauss=0.000000, aux_recon=0.963406, aux_kl=0.001894, kd_logit=0.651847, kd_feat=0.003537, lite_recon=0.822406, lite_kl=0.826015, lite_ce=0.797916, lite_acc=0.687500, mix_alpha=0.2958762886597938
epoch=42 test: acc=0.838926, f1=0.451090, auc=0.948757, bac=0.417488, sens=0.417488, spec=0.959834
epoch=42 val: acc=0.838061, f1=0.432508, auc=0.957023, bac=0.404462, sens=0.404462, spec=0.958366
epoch=42 mix_test(alpha=0.296): acc=0.827827, f1=0.402778, auc=0.945107, bac=0.378041, sens=0.378041, spec=0.955324
epoch=42 mix_val(alpha=0.296): acc=0.832388, f1=0.417356, auc=0.955453, bac=0.392306, sens=0.392306, spec=0.955415
epoch=42 iter=24 train: total=0.972984, prob=0.000000, batch=0.000000, channel=0.000000, cls=0.505952, gauss=0.000000, aux_recon=1.005172, aux_kl=0.002018, kd_logit=0.741195, kd_feat=0.003553, lite_recon=0.777362, lite_kl=0.691998, lite_ce=0.876435, lite_acc=0.656250, mix_alpha=0.2958762886597938
epoch=42 test: acc=0.839442, f1=0.450093, auc=0.948765, bac=0.417124, sens=0.417124, spec=0.960357
epoch=42 val: acc=0.837545, f1=0.433100, auc=0.956531, bac=0.406306, sens=0.406306, spec=0.959102
epoch=42 mix_test(alpha=0.296): acc=0.827568, f1=0.427811, auc=0.946936, bac=0.395997, sens=0.395997, spec=0.956048
epoch=42 mix_val(alpha=0.296): acc=0.832388, f1=0.418007, auc=0.953496, bac=0.389403, sens=0.389403, spec=0.955425
epoch=43 iter=8 train: total=0.922228, prob=0.000000, batch=0.000000, channel=0.000000, cls=0.477557, gauss=0.000000, aux_recon=0.959940, aux_kl=0.001870, kd_logit=0.685522, kd_feat=0.003555, lite_recon=0.793590, lite_kl=0.740634, lite_ce=0.823131, lite_acc=0.687500, mix_alpha=0.3030927835051546
epoch=43 test: acc=0.838668, f1=0.447077, auc=0.948913, bac=0.414676, sens=0.414676, spec=0.959732
epoch=43 val: acc=0.837545, f1=0.433285, auc=0.956960, bac=0.404892, sens=0.404892, spec=0.958161
epoch=43 mix_test(alpha=0.303): acc=0.833505, f1=0.443142, auc=0.945984, bac=0.407117, sens=0.407117, spec=0.956118
epoch=43 mix_val(alpha=0.303): acc=0.832904, f1=0.422861, auc=0.954410, bac=0.392591, sens=0.392591, spec=0.955029
epoch=43 iter=18 train: total=0.971103, prob=0.000000, batch=0.000000, channel=0.000000, cls=0.525106, gauss=0.000000, aux_recon=0.993980, aux_kl=0.001966, kd_logit=0.670774, kd_feat=0.003559, lite_recon=0.849160, lite_kl=0.716079, lite_ce=0.913887, lite_acc=0.648438, mix_alpha=0.3030927835051546
epoch=43 test: acc=0.840475, f1=0.449109, auc=0.948764, bac=0.414894, sens=0.414894, spec=0.959970
epoch=43 val: acc=0.839092, f1=0.433869, auc=0.956771, bac=0.405796, sens=0.405796, spec=0.958518
epoch=43 mix_test(alpha=0.303): acc=0.830924, f1=0.399086, auc=0.945449, bac=0.376684, sens=0.376684, spec=0.955473
epoch=43 mix_val(alpha=0.303): acc=0.828262, f1=0.417199, auc=0.951054, bac=0.389023, sens=0.389023, spec=0.954294
epoch=44 iter=2 train: total=0.789505, prob=0.000000, batch=0.000000, channel=0.000000, cls=0.420774, gauss=0.000000, aux_recon=0.998192, aux_kl=0.001922, kd_logit=0.576145, kd_feat=0.003538, lite_recon=0.799517, lite_kl=0.677536, lite_ce=0.665969, lite_acc=0.734375, mix_alpha=0.3103092783505154
epoch=44 test: acc=0.838926, f1=0.444737, auc=0.948834, bac=0.411340, sens=0.411340, spec=0.959460
epoch=44 val: acc=0.839608, f1=0.432739, auc=0.956891, bac=0.404384, sens=0.404384, spec=0.958340
epoch=44 mix_test(alpha=0.310): acc=0.831440, f1=0.379955, auc=0.945520, bac=0.365237, sens=0.365237, spec=0.955121
epoch=44 mix_val(alpha=0.310): acc=0.831356, f1=0.422059, auc=0.954041, bac=0.393555, sens=0.393555, spec=0.954152
epoch=44 iter=12 train: total=0.837795, prob=0.000000, batch=0.000000, channel=0.000000, cls=0.413675, gauss=0.000000, aux_recon=1.039484, aux_kl=0.002052, kd_logit=0.594951, kd_feat=0.003551, lite_recon=0.895870, lite_kl=0.772630, lite_ce=0.703288, lite_acc=0.726562, mix_alpha=0.3103092783505154
epoch=44 test: acc=0.837119, f1=0.449110, auc=0.948652, bac=0.418558, sens=0.418558, spec=0.960629
epoch=44 val: acc=0.839608, f1=0.434523, auc=0.956338, bac=0.409053, sens=0.409053, spec=0.960115
epoch=44 mix_test(alpha=0.310): acc=0.826536, f1=0.417764, auc=0.948819, bac=0.389635, sens=0.389635, spec=0.955912
epoch=44 mix_val(alpha=0.310): acc=0.832904, f1=0.423584, auc=0.951623, bac=0.397052, sens=0.397052, spec=0.956009
epoch=44 iter=22 train: total=0.791229, prob=0.000000, batch=0.000000, channel=0.000000, cls=0.428133, gauss=0.000000, aux_recon=0.989072, aux_kl=0.001942, kd_logit=0.642090, kd_feat=0.003546, lite_recon=0.810102, lite_kl=0.784347, lite_ce=0.597093, lite_acc=0.828125, mix_alpha=0.3103092783505154
epoch=44 test: acc=0.836345, f1=0.447988, auc=0.948756, bac=0.417414, sens=0.417414, spec=0.960564
epoch=44 val: acc=0.837029, f1=0.431343, auc=0.956502, bac=0.407058, sens=0.407058, spec=0.959629
epoch=44 mix_test(alpha=0.310): acc=0.829117, f1=0.414455, auc=0.949140, bac=0.389029, sens=0.389029, spec=0.956323
epoch=44 mix_val(alpha=0.310): acc=0.831356, f1=0.417814, auc=0.956575, bac=0.393292, sens=0.393292, spec=0.955683
epoch=45 iter=6 train: total=0.943816, prob=0.000000, batch=0.000000, channel=0.000000, cls=0.503792, gauss=0.000000, aux_recon=1.004405, aux_kl=0.001944, kd_logit=0.661644, kd_feat=0.003558, lite_recon=0.877325, lite_kl=0.698415, lite_ce=0.857531, lite_acc=0.710938, mix_alpha=0.31752577319587627
epoch=45 test: acc=0.836087, f1=0.446829, auc=0.948993, bac=0.415659, sens=0.415659, spec=0.960121
epoch=45 val: acc=0.837545, f1=0.429974, auc=0.956177, bac=0.404921, sens=0.404921, spec=0.959357
epoch=45 mix_test(alpha=0.318): acc=0.828601, f1=0.420440, auc=0.945580, bac=0.389624, sens=0.389624, spec=0.955959
epoch=45 mix_val(alpha=0.318): acc=0.831356, f1=0.415232, auc=0.953908, bac=0.390115, sens=0.390115, spec=0.955541
epoch=45 iter=16 train: total=0.829821, prob=0.000000, batch=0.000000, channel=0.000000, cls=0.470849, gauss=0.000000, aux_recon=0.970809, aux_kl=0.001940, kd_logit=0.590751, kd_feat=0.003546, lite_recon=0.787004, lite_kl=0.711249, lite_ce=0.736318, lite_acc=0.710938, mix_alpha=0.31752577319587627
epoch=45 test: acc=0.836861, f1=0.448315, auc=0.948984, bac=0.417251, sens=0.417251, spec=0.960291
epoch=45 val: acc=0.838577, f1=0.434637, auc=0.956773, bac=0.408293, sens=0.408293, spec=0.959480
epoch=45 mix_test(alpha=0.318): acc=0.830666, f1=0.433795, auc=0.946039, bac=0.399411, sens=0.399411, spec=0.956582
epoch=45 mix_val(alpha=0.318): acc=0.828262, f1=0.410816, auc=0.952087, bac=0.386929, sens=0.386929, spec=0.955287
epoch=45 iter=26 train: total=0.917356, prob=0.000000, batch=0.000000, channel=0.000000, cls=0.480187, gauss=0.000000, aux_recon=1.051142, aux_kl=0.001960, kd_logit=0.653541, kd_feat=0.003532, lite_recon=0.919326, lite_kl=0.775828, lite_ce=0.794391, lite_acc=0.703125, mix_alpha=0.31752577319587627
epoch=45 test: acc=0.837636, f1=0.448859, auc=0.948791, bac=0.416501, sens=0.416501, spec=0.960116
epoch=45 val: acc=0.837029, f1=0.432805, auc=0.956304, bac=0.405682, sens=0.405682, spec=0.958783
epoch=45 mix_test(alpha=0.318): acc=0.827310, f1=0.417840, auc=0.945552, bac=0.387369, sens=0.387369, spec=0.954884
epoch=45 mix_val(alpha=0.318): acc=0.828262, f1=0.425544, auc=0.951530, bac=0.396585, sens=0.396585, spec=0.954539
epoch=46 iter=10 train: total=0.931562, prob=0.000000, batch=0.000000, channel=0.000000, cls=0.476993, gauss=0.000000, aux_recon=1.028554, aux_kl=0.001942, kd_logit=0.662935, kd_feat=0.003553, lite_recon=0.842277, lite_kl=0.742515, lite_ce=0.844874, lite_acc=0.703125, mix_alpha=0.3247422680412371
epoch=46 test: acc=0.838410, f1=0.437424, auc=0.948722, bac=0.408056, sens=0.408056, spec=0.960349
epoch=46 val: acc=0.838061, f1=0.434185, auc=0.956228, bac=0.407630, sens=0.407630, spec=0.959174
epoch=46 mix_test(alpha=0.325): acc=0.826794, f1=0.400840, auc=0.946291, bac=0.375642, sens=0.375642, spec=0.955319
epoch=46 mix_val(alpha=0.325): acc=0.830841, f1=0.425974, auc=0.951986, bac=0.399257, sens=0.399257, spec=0.955394
epoch=46 iter=20 train: total=0.923628, prob=0.000000, batch=0.000000, channel=0.000000, cls=0.481073, gauss=0.000000, aux_recon=1.024388, aux_kl=0.001950, kd_logit=0.666913, kd_feat=0.003518, lite_recon=0.869051, lite_kl=0.764096, lite_ce=0.813922, lite_acc=0.695312, mix_alpha=0.3247422680412371
epoch=46 test: acc=0.838668, f1=0.447796, auc=0.948816, bac=0.417053, sens=0.417053, spec=0.960741
epoch=46 val: acc=0.839092, f1=0.434275, auc=0.956067, bac=0.408390, sens=0.408390, spec=0.959691
epoch=46 mix_test(alpha=0.325): acc=0.828343, f1=0.434369, auc=0.945508, bac=0.400600, sens=0.400600, spec=0.956155
epoch=46 mix_val(alpha=0.325): acc=0.833419, f1=0.417528, auc=0.949581, bac=0.393057, sens=0.393057, spec=0.956708
epoch=47 iter=4 train: total=0.946697, prob=0.000000, batch=0.000000, channel=0.000000, cls=0.526029, gauss=0.000000, aux_recon=1.005294, aux_kl=0.001959, kd_logit=0.647682, kd_feat=0.003553, lite_recon=0.864591, lite_kl=0.726013, lite_ce=0.881802, lite_acc=0.710938, mix_alpha=0.3319587628865979
epoch=47 test: acc=0.837636, f1=0.443653, auc=0.948421, bac=0.412629, sens=0.412629, spec=0.960221
epoch=47 val: acc=0.839092, f1=0.434293, auc=0.955810, bac=0.407163, sens=0.407163, spec=0.959543
epoch=47 mix_test(alpha=0.332): acc=0.829892, f1=0.385213, auc=0.944939, bac=0.370802, sens=0.370802, spec=0.955637
epoch=47 mix_val(alpha=0.332): acc=0.831872, f1=0.413147, auc=0.949659, bac=0.387844, sens=0.387844, spec=0.955539
epoch=47 iter=14 train: total=0.925100, prob=0.000000, batch=0.000000, channel=0.000000, cls=0.555729, gauss=0.000000, aux_recon=0.980991, aux_kl=0.001923, kd_logit=0.605230, kd_feat=0.003545, lite_recon=0.819072, lite_kl=0.717051, lite_ce=0.899455, lite_acc=0.695312, mix_alpha=0.3319587628865979
epoch=47 test: acc=0.837377, f1=0.445744, auc=0.948605, bac=0.412590, sens=0.412590, spec=0.959145
epoch=47 val: acc=0.837029, f1=0.430079, auc=0.956872, bac=0.402193, sens=0.402193, spec=0.957742
epoch=47 mix_test(alpha=0.332): acc=0.830150, f1=0.447869, auc=0.944038, bac=0.408177, sens=0.408177, spec=0.954699
epoch=47 mix_val(alpha=0.332): acc=0.831356, f1=0.430504, auc=0.954373, bac=0.399354, sens=0.399354, spec=0.954602
epoch=47 iter=24 train: total=0.996062, prob=0.000000, batch=0.000000, channel=0.000000, cls=0.524592, gauss=0.000000, aux_recon=1.038344, aux_kl=0.002021, kd_logit=0.705387, kd_feat=0.003533, lite_recon=0.859474, lite_kl=0.700978, lite_ce=0.925395, lite_acc=0.632812, mix_alpha=0.3319587628865979
epoch=47 test: acc=0.839701, f1=0.437569, auc=0.948587, bac=0.403645, sens=0.403645, spec=0.958880
epoch=47 val: acc=0.841671, f1=0.431091, auc=0.956396, bac=0.401096, sens=0.401096, spec=0.958504
epoch=47 mix_test(alpha=0.332): acc=0.825761, f1=0.377958, auc=0.944250, bac=0.359942, sens=0.359942, spec=0.952915
epoch=47 mix_val(alpha=0.332): acc=0.829809, f1=0.414547, auc=0.952975, bac=0.385760, sens=0.385760, spec=0.953581
epoch=48 iter=8 train: total=0.773228, prob=0.000000, batch=0.000000, channel=0.000000, cls=0.442428, gauss=0.000000, aux_recon=0.984120, aux_kl=0.001926, kd_logit=0.600476, kd_feat=0.003551, lite_recon=0.810013, lite_kl=0.718783, lite_ce=0.604048, lite_acc=0.796875, mix_alpha=0.3391752577319587
epoch=48 test: acc=0.838410, f1=0.443522, auc=0.948807, bac=0.411088, sens=0.411088, spec=0.959970
epoch=48 val: acc=0.837545, f1=0.432636, auc=0.956385, bac=0.406354, sens=0.406354, spec=0.959007
epoch=48 mix_test(alpha=0.339): acc=0.827568, f1=0.402025, auc=0.946877, bac=0.374920, sens=0.374920, spec=0.954762
epoch=48 mix_val(alpha=0.339): acc=0.826715, f1=0.417347, auc=0.952325, bac=0.391513, sens=0.391513, spec=0.954351
epoch=48 iter=18 train: total=0.845805, prob=0.000000, batch=0.000000, channel=0.000000, cls=0.472303, gauss=0.000000, aux_recon=1.003100, aux_kl=0.001955, kd_logit=0.593207, kd_feat=0.003537, lite_recon=0.828905, lite_kl=0.756711, lite_ce=0.748170, lite_acc=0.757812, mix_alpha=0.3391752577319587
epoch=48 test: acc=0.838926, f1=0.446487, auc=0.948472, bac=0.413886, sens=0.413886, spec=0.960059
epoch=48 val: acc=0.837545, f1=0.431094, auc=0.956582, bac=0.405127, sens=0.405127, spec=0.958993
epoch=48 mix_test(alpha=0.339): acc=0.826278, f1=0.424564, auc=0.945932, bac=0.391692, sens=0.391692, spec=0.953850
epoch=48 mix_val(alpha=0.339): acc=0.829809, f1=0.417946, auc=0.951597, bac=0.392161, sens=0.392161, spec=0.954553
epoch=49 iter=2 train: total=0.838623, prob=0.000000, batch=0.000000, channel=0.000000, cls=0.529360, gauss=0.000000, aux_recon=1.003811, aux_kl=0.001869, kd_logit=0.613486, kd_feat=0.003526, lite_recon=0.898320, lite_kl=0.781564, lite_ce=0.685275, lite_acc=0.742188, mix_alpha=0.3463917525773196
epoch=49 test: acc=0.835054, f1=0.440512, auc=0.948647, bac=0.412083, sens=0.412083, spec=0.960413
epoch=49 val: acc=0.839092, f1=0.434434, auc=0.956051, bac=0.409569, sens=0.409569, spec=0.960051
epoch=49 mix_test(alpha=0.346): acc=0.825761, f1=0.396671, auc=0.945999, bac=0.375153, sens=0.375153, spec=0.955299
epoch=49 mix_val(alpha=0.346): acc=0.827746, f1=0.415568, auc=0.953896, bac=0.390397, sens=0.390397, spec=0.954241
epoch=49 iter=12 train: total=0.974440, prob=0.000000, batch=0.000000, channel=0.000000, cls=0.529653, gauss=0.000000, aux_recon=1.067712, aux_kl=0.002079, kd_logit=0.667309, kd_feat=0.003563, lite_recon=0.895556, lite_kl=0.742487, lite_ce=0.904936, lite_acc=0.656250, mix_alpha=0.3463917525773196
epoch=49 test: acc=0.838152, f1=0.448586, auc=0.948885, bac=0.417880, sens=0.417880, spec=0.960449
epoch=49 val: acc=0.838061, f1=0.433185, auc=0.956741, bac=0.407677, sens=0.407677, spec=0.959439
epoch=49 mix_test(alpha=0.346): acc=0.827827, f1=0.414964, auc=0.944349, bac=0.385639, sens=0.385639, spec=0.955068
epoch=49 mix_val(alpha=0.346): acc=0.829809, f1=0.421418, auc=0.952681, bac=0.396244, sens=0.396244, spec=0.955353
epoch=49 iter=22 train: total=0.973507, prob=0.000000, batch=0.000000, channel=0.000000, cls=0.533108, gauss=0.000000, aux_recon=0.971283, aux_kl=0.001914, kd_logit=0.653830, kd_feat=0.003541, lite_recon=0.823278, lite_kl=0.759034, lite_ce=0.945151, lite_acc=0.695312, mix_alpha=0.3463917525773196
epoch=49 test: acc=0.838668, f1=0.448729, auc=0.948519, bac=0.413834, sens=0.413834, spec=0.959477
epoch=49 val: acc=0.839092, f1=0.433450, auc=0.956620, bac=0.404656, sens=0.404656, spec=0.958384
epoch=49 mix_test(alpha=0.346): acc=0.823438, f1=0.395992, auc=0.945928, bac=0.371480, sens=0.371480, spec=0.953409
epoch=49 mix_val(alpha=0.346): acc=0.831872, f1=0.422467, auc=0.953158, bac=0.393493, sens=0.393493, spec=0.954799
epoch=50 iter=6 train: total=0.817297, prob=0.000000, batch=0.000000, channel=0.000000, cls=0.470936, gauss=0.000000, aux_recon=0.967923, aux_kl=0.001923, kd_logit=0.622051, kd_feat=0.003554, lite_recon=0.811518, lite_kl=0.777668, lite_ce=0.668828, lite_acc=0.750000, mix_alpha=0.3536082474226804
epoch=50 test: acc=0.838926, f1=0.449303, auc=0.948747, bac=0.417781, sens=0.417781, spec=0.960595
epoch=50 val: acc=0.839092, f1=0.434477, auc=0.956568, bac=0.408437, sens=0.408437, spec=0.959567
epoch=50 mix_test(alpha=0.354): acc=0.824729, f1=0.426484, auc=0.944721, bac=0.392453, sens=0.392453, spec=0.954181
epoch=50 mix_val(alpha=0.354): acc=0.829293, f1=0.416675, auc=0.952238, bac=0.393630, sens=0.393630, spec=0.954480
epoch=50 iter=16 train: total=0.908397, prob=0.000000, batch=0.000000, channel=0.000000, cls=0.505519, gauss=0.000000, aux_recon=1.009035, aux_kl=0.001981, kd_logit=0.622486, kd_feat=0.003544, lite_recon=0.839460, lite_kl=0.770764, lite_ce=0.839565, lite_acc=0.718750, mix_alpha=0.3536082474226804
epoch=50 test: acc=0.838926, f1=0.449811, auc=0.948605, bac=0.418191, sens=0.418191, spec=0.960421
epoch=50 val: acc=0.838577, f1=0.433490, auc=0.956405, bac=0.405973, sens=0.405973, spec=0.959009
epoch=50 mix_test(alpha=0.354): acc=0.828343, f1=0.425662, auc=0.946557, bac=0.392353, sens=0.392353, spec=0.954678
epoch=50 mix_val(alpha=0.354): acc=0.828262, f1=0.411541, auc=0.954415, bac=0.386987, sens=0.386987, spec=0.954241
epoch=50 iter=26 train: total=0.860281, prob=0.000000, batch=0.000000, channel=0.000000, cls=0.469626, gauss=0.000000, aux_recon=1.012179, aux_kl=0.001951, kd_logit=0.704558, kd_feat=0.003531, lite_recon=0.842188, lite_kl=0.784767, lite_ce=0.659903, lite_acc=0.726562, mix_alpha=0.3536082474226804
epoch=50 test: acc=0.839184, f1=0.450339, auc=0.948863, bac=0.418141, sens=0.418141, spec=0.960405
epoch=50 val: acc=0.837029, f1=0.432649, auc=0.956741, bac=0.405974, sens=0.405974, spec=0.958917
epoch=50 mix_test(alpha=0.354): acc=0.824471, f1=0.387852, auc=0.944733, bac=0.372340, sens=0.372340, spec=0.953910
epoch=50 mix_val(alpha=0.354): acc=0.828262, f1=0.414966, auc=0.952794, bac=0.391031, sens=0.391031, spec=0.954351
epoch=51 iter=10 train: total=0.861882, prob=0.000000, batch=0.000000, channel=0.000000, cls=0.441097, gauss=0.000000, aux_recon=1.056631, aux_kl=0.002081, kd_logit=0.614516, kd_feat=0.003547, lite_recon=0.884122, lite_kl=0.718231, lite_ce=0.737688, lite_acc=0.757812, mix_alpha=0.3608247422680412
epoch=51 test: acc=0.835829, f1=0.444156, auc=0.948634, bac=0.414945, sens=0.414945, spec=0.960572
epoch=51 val: acc=0.838061, f1=0.433797, auc=0.956456, bac=0.408809, sens=0.408809, spec=0.959667
epoch=51 mix_test(alpha=0.361): acc=0.825761, f1=0.429040, auc=0.945413, bac=0.397028, sens=0.397028, spec=0.955501
epoch=51 mix_val(alpha=0.361): acc=0.829293, f1=0.413213, auc=0.948303, bac=0.390630, sens=0.390630, spec=0.955195
epoch=51 iter=20 train: total=0.777051, prob=0.000000, batch=0.000000, channel=0.000000, cls=0.497009, gauss=0.000000, aux_recon=1.036634, aux_kl=0.001991, kd_logit=0.507724, kd_feat=0.003528, lite_recon=0.867123, lite_kl=0.755885, lite_ce=0.680883, lite_acc=0.765625, mix_alpha=0.3608247422680412
epoch=51 test: acc=0.836345, f1=0.443285, auc=0.948288, bac=0.414159, sens=0.414159, spec=0.960531
epoch=51 val: acc=0.836514, f1=0.432659, auc=0.955716, bac=0.407008, sens=0.407008, spec=0.959195
epoch=51 mix_test(alpha=0.361): acc=0.822148, f1=0.423368, auc=0.944143, bac=0.391462, sens=0.391462, spec=0.954072
epoch=51 mix_val(alpha=0.361): acc=0.829809, f1=0.421191, auc=0.953936, bac=0.393829, sens=0.393829, spec=0.954795
epoch=52 iter=4 train: total=0.845785, prob=0.000000, batch=0.000000, channel=0.000000, cls=0.515024, gauss=0.000000, aux_recon=1.045778, aux_kl=0.002117, kd_logit=0.598617, kd_feat=0.003532, lite_recon=0.818711, lite_kl=0.714249, lite_ce=0.747653, lite_acc=0.726562, mix_alpha=0.36804123711340203
epoch=52 test: acc=0.839442, f1=0.444304, auc=0.948502, bac=0.413149, sens=0.413149, spec=0.960815
epoch=52 val: acc=0.838061, f1=0.434461, auc=0.955908, bac=0.406969, sens=0.406969, spec=0.959258
epoch=52 mix_test(alpha=0.368): acc=0.826794, f1=0.421223, auc=0.947759, bac=0.390084, sens=0.390084, spec=0.954163
epoch=52 mix_val(alpha=0.368): acc=0.827746, f1=0.405242, auc=0.951475, bac=0.381401, sens=0.381401, spec=0.954259
epoch=52 iter=14 train: total=0.958961, prob=0.000000, batch=0.000000, channel=0.000000, cls=0.556215, gauss=0.000000, aux_recon=0.943788, aux_kl=0.001841, kd_logit=0.693841, kd_feat=0.003548, lite_recon=0.797379, lite_kl=0.754177, lite_ce=0.886498, lite_acc=0.687500, mix_alpha=0.36804123711340203
epoch=52 test: acc=0.839701, f1=0.452082, auc=0.948820, bac=0.418907, sens=0.418907, spec=0.960402
epoch=52 val: acc=0.838577, f1=0.434355, auc=0.956126, bac=0.406831, sens=0.406831, spec=0.959002
epoch=52 mix_test(alpha=0.368): acc=0.824471, f1=0.409243, auc=0.942826, bac=0.379041, sens=0.379041, spec=0.953609
epoch=52 mix_val(alpha=0.368): acc=0.831872, f1=0.417913, auc=0.943245, bac=0.388637, sens=0.388637, spec=0.954659
epoch=52 iter=24 train: total=0.988092, prob=0.000000, batch=0.000000, channel=0.000000, cls=0.573026, gauss=0.000000, aux_recon=1.053625, aux_kl=0.002029, kd_logit=0.600241, kd_feat=0.003558, lite_recon=0.912225, lite_kl=0.723980, lite_ce=0.993016, lite_acc=0.640625, mix_alpha=0.36804123711340203
epoch=52 test: acc=0.838926, f1=0.450480, auc=0.948783, bac=0.417271, sens=0.417271, spec=0.960108
epoch=52 val: acc=0.838061, f1=0.433869, auc=0.956338, bac=0.405876, sens=0.405876, spec=0.958794
epoch=52 mix_test(alpha=0.368): acc=0.820599, f1=0.406911, auc=0.945829, bac=0.375403, sens=0.375403, spec=0.952419
epoch=52 mix_val(alpha=0.368): acc=0.833419, f1=0.418648, auc=0.950060, bac=0.392935, sens=0.392935, spec=0.955281
epoch=53 iter=8 train: total=0.830607, prob=0.000000, batch=0.000000, channel=0.000000, cls=0.520078, gauss=0.000000, aux_recon=1.001421, aux_kl=0.001944, kd_logit=0.610571, kd_feat=0.003552, lite_recon=0.815442, lite_kl=0.774926, lite_ce=0.705417, lite_acc=0.742188, mix_alpha=0.37525773195876283
epoch=53 test: acc=0.839959, f1=0.452122, auc=0.949130, bac=0.418531, sens=0.418531, spec=0.960317
epoch=53 val: acc=0.836514, f1=0.431774, auc=0.956577, bac=0.404736, sens=0.404736, spec=0.958493
epoch=53 mix_test(alpha=0.375): acc=0.824987, f1=0.400609, auc=0.947109, bac=0.374996, sens=0.374996, spec=0.953428
epoch=53 mix_val(alpha=0.375): acc=0.829809, f1=0.415188, auc=0.954064, bac=0.388297, sens=0.388297, spec=0.954165
epoch=53 iter=18 train: total=0.844404, prob=0.000000, batch=0.000000, channel=0.000000, cls=0.508396, gauss=0.000000, aux_recon=0.958385, aux_kl=0.001899, kd_logit=0.640370, kd_feat=0.003547, lite_recon=0.790103, lite_kl=0.646842, lite_ce=0.715913, lite_acc=0.750000, mix_alpha=0.37525773195876283
epoch=53 test: acc=0.836861, f1=0.444547, auc=0.948553, bac=0.413862, sens=0.413862, spec=0.960310
epoch=53 val: acc=0.838577, f1=0.433641, auc=0.956313, bac=0.408340, sens=0.408340, spec=0.959745
epoch=53 mix_test(alpha=0.375): acc=0.820599, f1=0.432309, auc=0.945479, bac=0.395899, sens=0.395899, spec=0.953279
epoch=53 mix_val(alpha=0.375): acc=0.823620, f1=0.399307, auc=0.950570, bac=0.379296, sens=0.379296, spec=0.953790
epoch=54 iter=2 train: total=0.861464, prob=0.000000, batch=0.000000, channel=0.000000, cls=0.510440, gauss=0.000000, aux_recon=1.014522, aux_kl=0.001950, kd_logit=0.625464, kd_feat=0.003520, lite_recon=0.840179, lite_kl=0.734489, lite_ce=0.743183, lite_acc=0.757812, mix_alpha=0.38247422680412363
epoch=54 test: acc=0.837894, f1=0.452321, auc=0.949060, bac=0.420152, sens=0.420152, spec=0.960173
epoch=54 val: acc=0.834966, f1=0.429103, auc=0.956961, bac=0.405020, sens=0.405020, spec=0.958662
epoch=54 mix_test(alpha=0.382): acc=0.824987, f1=0.428880, auc=0.946632, bac=0.395675, sens=0.395675, spec=0.953371
epoch=54 mix_val(alpha=0.382): acc=0.827231, f1=0.407284, auc=0.953382, bac=0.383983, sens=0.383983, spec=0.953753
epoch=54 iter=12 train: total=0.932175, prob=0.000000, batch=0.000000, channel=0.000000, cls=0.493921, gauss=0.000000, aux_recon=1.030485, aux_kl=0.001992, kd_logit=0.706151, kd_feat=0.003559, lite_recon=0.865542, lite_kl=0.707148, lite_ce=0.794281, lite_acc=0.734375, mix_alpha=0.38247422680412363
epoch=54 test: acc=0.837894, f1=0.446405, auc=0.948609, bac=0.416031, sens=0.416031, spec=0.960504
epoch=54 val: acc=0.837545, f1=0.433562, auc=0.956119, bac=0.407533, sens=0.407533, spec=0.959223
epoch=54 mix_test(alpha=0.382): acc=0.825761, f1=0.397863, auc=0.944964, bac=0.376113, sens=0.376113, spec=0.954102
epoch=54 mix_val(alpha=0.382): acc=0.825168, f1=0.385592, auc=0.952059, bac=0.368971, sens=0.368971, spec=0.954385
epoch=54 iter=22 train: total=0.993735, prob=0.000000, batch=0.000000, channel=0.000000, cls=0.557252, gauss=0.000000, aux_recon=0.972125, aux_kl=0.001912, kd_logit=0.694514, kd_feat=0.003555, lite_recon=0.858232, lite_kl=0.689834, lite_ce=0.932313, lite_acc=0.656250, mix_alpha=0.38247422680412363
epoch=54 test: acc=0.837894, f1=0.447988, auc=0.948699, bac=0.415197, sens=0.415197, spec=0.959683
epoch=54 val: acc=0.835998, f1=0.431886, auc=0.957036, bac=0.404356, sens=0.404356, spec=0.958174
epoch=54 mix_test(alpha=0.382): acc=0.823955, f1=0.408956, auc=0.943450, bac=0.378264, sens=0.378264, spec=0.953181
epoch=54 mix_val(alpha=0.382): acc=0.824652, f1=0.408847, auc=0.950949, bac=0.383958, sens=0.383958, spec=0.952985
epoch=55 iter=6 train: total=0.838193, prob=0.000000, batch=0.000000, channel=0.000000, cls=0.492813, gauss=0.000000, aux_recon=1.007516, aux_kl=0.001926, kd_logit=0.586423, kd_feat=0.003529, lite_recon=0.813574, lite_kl=0.741271, lite_ce=0.746180, lite_acc=0.750000, mix_alpha=0.38969072164948454
epoch=55 test: acc=0.838926, f1=0.449670, auc=0.948987, bac=0.417762, sens=0.417762, spec=0.960526
epoch=55 val: acc=0.838577, f1=0.433611, auc=0.956929, bac=0.406586, sens=0.406586, spec=0.959134
epoch=55 mix_test(alpha=0.390): acc=0.820341, f1=0.434481, auc=0.945102, bac=0.397943, sens=0.397943, spec=0.952709
epoch=55 mix_val(alpha=0.390): acc=0.820010, f1=0.386873, auc=0.953922, bac=0.365098, sens=0.365098, spec=0.951641
epoch=55 iter=16 train: total=0.986380, prob=0.000000, batch=0.000000, channel=0.000000, cls=0.567936, gauss=0.000000, aux_recon=1.030933, aux_kl=0.002019, kd_logit=0.662614, kd_feat=0.003536, lite_recon=0.833713, lite_kl=0.715754, lite_ce=0.958809, lite_acc=0.671875, mix_alpha=0.38969072164948454
epoch=55 test: acc=0.839442, f1=0.447478, auc=0.948860, bac=0.415972, sens=0.415972, spec=0.960543
epoch=55 val: acc=0.837029, f1=0.431583, auc=0.956701, bac=0.405926, sens=0.405926, spec=0.958913
epoch=55 mix_test(alpha=0.390): acc=0.820599, f1=0.421837, auc=0.946274, bac=0.389238, sens=0.389238, spec=0.952151
epoch=55 mix_val(alpha=0.390): acc=0.826199, f1=0.397265, auc=0.950831, bac=0.375378, sens=0.375378, spec=0.952910
epoch=55 iter=26 train: total=0.820076, prob=0.000000, batch=0.000000, channel=0.000000, cls=0.559405, gauss=0.000000, aux_recon=1.042745, aux_kl=0.002034, kd_logit=0.532147, kd_feat=0.003531, lite_recon=0.856065, lite_kl=0.726638, lite_ce=0.747515, lite_acc=0.710938, mix_alpha=0.38969072164948454
epoch=55 test: acc=0.839959, f1=0.446291, auc=0.948597, bac=0.414249, sens=0.414249, spec=0.960490
epoch=55 val: acc=0.837545, f1=0.433099, auc=0.956155, bac=0.405496, sens=0.405496, spec=0.958733
epoch=55 mix_test(alpha=0.390): acc=0.826794, f1=0.378167, auc=0.944201, bac=0.363035, sens=0.363035, spec=0.953882
epoch=55 mix_val(alpha=0.390): acc=0.829293, f1=0.401931, auc=0.953390, bac=0.377216, sens=0.377216, spec=0.954493
epoch=56 iter=10 train: total=0.843617, prob=0.000000, batch=0.000000, channel=0.000000, cls=0.514459, gauss=0.000000, aux_recon=0.977236, aux_kl=0.001885, kd_logit=0.637040, kd_feat=0.003547, lite_recon=0.803158, lite_kl=0.754746, lite_ce=0.710290, lite_acc=0.734375, mix_alpha=0.39690721649484534
epoch=56 test: acc=0.836345, f1=0.448117, auc=0.948852, bac=0.418177, sens=0.418177, spec=0.960376
epoch=56 val: acc=0.837545, f1=0.432814, auc=0.956795, bac=0.408146, sens=0.408146, spec=0.959609
epoch=56 mix_test(alpha=0.397): acc=0.822922, f1=0.392901, auc=0.947883, bac=0.376063, sens=0.376063, spec=0.953471
epoch=56 mix_val(alpha=0.397): acc=0.831872, f1=0.417275, auc=0.949342, bac=0.394201, sens=0.394201, spec=0.955321
epoch=56 iter=20 train: total=0.906186, prob=0.000000, batch=0.000000, channel=0.000000, cls=0.522486, gauss=0.000000, aux_recon=1.054443, aux_kl=0.002006, kd_logit=0.599648, kd_feat=0.003525, lite_recon=0.886322, lite_kl=0.756009, lite_ce=0.839550, lite_acc=0.679688, mix_alpha=0.39690721649484534
epoch=56 test: acc=0.838668, f1=0.446284, auc=0.948543, bac=0.415012, sens=0.415012, spec=0.960668
epoch=56 val: acc=0.837029, f1=0.433041, auc=0.956220, bac=0.407105, sens=0.407105, spec=0.959155
epoch=56 mix_test(alpha=0.397): acc=0.821373, f1=0.362127, auc=0.945509, bac=0.351459, sens=0.351459, spec=0.953133
epoch=56 mix_val(alpha=0.397): acc=0.823105, f1=0.408300, auc=0.948434, bac=0.384206, sens=0.384206, spec=0.952925
epoch=57 iter=4 train: total=0.991064, prob=0.000000, batch=0.000000, channel=0.000000, cls=0.600277, gauss=0.000000, aux_recon=0.966134, aux_kl=0.001846, kd_logit=0.714005, kd_feat=0.003531, lite_recon=0.816933, lite_kl=0.709702, lite_ce=0.923626, lite_acc=0.703125, mix_alpha=0.40412371134020614
epoch=57 test: acc=0.837894, f1=0.439600, auc=0.949168, bac=0.409067, sens=0.409067, spec=0.960148
epoch=57 val: acc=0.837029, f1=0.433659, auc=0.956428, bac=0.406870, sens=0.406870, spec=0.958783
epoch=57 mix_test(alpha=0.404): acc=0.821631, f1=0.400142, auc=0.943985, bac=0.372905, sens=0.372905, spec=0.952864
epoch=57 mix_val(alpha=0.404): acc=0.825168, f1=0.401387, auc=0.951994, bac=0.380748, sens=0.380748, spec=0.953817
epoch=57 iter=14 train: total=0.913464, prob=0.000000, batch=0.000000, channel=0.000000, cls=0.526854, gauss=0.000000, aux_recon=1.003219, aux_kl=0.001914, kd_logit=0.707239, kd_feat=0.003545, lite_recon=0.850750, lite_kl=0.719586, lite_ce=0.761451, lite_acc=0.734375, mix_alpha=0.40412371134020614
epoch=57 test: acc=0.838410, f1=0.449885, auc=0.949025, bac=0.418000, sens=0.418000, spec=0.960247
epoch=57 val: acc=0.836514, f1=0.431790, auc=0.956630, bac=0.406207, sens=0.406207, spec=0.958983
epoch=57 mix_test(alpha=0.404): acc=0.823438, f1=0.407252, auc=0.944312, bac=0.379048, sens=0.379048, spec=0.952936
epoch=57 mix_val(alpha=0.404): acc=0.827746, f1=0.416594, auc=0.952999, bac=0.393138, sens=0.393138, spec=0.953970
epoch=57 iter=24 train: total=0.877346, prob=0.000000, batch=0.000000, channel=0.000000, cls=0.526894, gauss=0.000000, aux_recon=0.995228, aux_kl=0.001944, kd_logit=0.627705, kd_feat=0.003530, lite_recon=0.840771, lite_kl=0.779742, lite_ce=0.771553, lite_acc=0.703125, mix_alpha=0.40412371134020614
epoch=57 test: acc=0.839442, f1=0.452145, auc=0.948757, bac=0.419669, sens=0.419669, spec=0.960548
epoch=57 val: acc=0.837545, f1=0.433130, auc=0.956099, bac=0.406589, sens=0.406589, spec=0.959219
epoch=57 mix_test(alpha=0.404): acc=0.824213, f1=0.416611, auc=0.943628, bac=0.386211, sens=0.386211, spec=0.953350
epoch=57 mix_val(alpha=0.404): acc=0.825683, f1=0.412001, auc=0.953613, bac=0.387218, sens=0.387218, spec=0.953051
epoch=58 iter=8 train: total=0.973251, prob=0.000000, batch=0.000000, channel=0.000000, cls=0.519682, gauss=0.000000, aux_recon=0.967909, aux_kl=0.001946, kd_logit=0.750060, kd_feat=0.003541, lite_recon=0.778964, lite_kl=0.763940, lite_ce=0.866036, lite_acc=0.703125, mix_alpha=0.411340206185567
epoch=58 test: acc=0.840217, f1=0.447973, auc=0.948573, bac=0.413968, sens=0.413968, spec=0.959868
epoch=58 val: acc=0.839608, f1=0.434062, auc=0.956579, bac=0.404705, sens=0.404705, spec=0.958664
epoch=58 mix_test(alpha=0.411): acc=0.822406, f1=0.379294, auc=0.941404, bac=0.362711, sens=0.362711, spec=0.951711
epoch=58 mix_val(alpha=0.411): acc=0.824136, f1=0.408180, auc=0.947647, bac=0.381242, sens=0.381242, spec=0.951241
epoch=58 iter=18 train: total=0.894603, prob=0.000000, batch=0.000000, channel=0.000000, cls=0.551000, gauss=0.000000, aux_recon=0.955888, aux_kl=0.001870, kd_logit=0.677756, kd_feat=0.003540, lite_recon=0.786378, lite_kl=0.757049, lite_ce=0.778217, lite_acc=0.726562, mix_alpha=0.411340206185567
epoch=58 test: acc=0.839442, f1=0.448084, auc=0.948858, bac=0.415289, sens=0.415289, spec=0.960063
epoch=58 val: acc=0.839092, f1=0.432121, auc=0.956852, bac=0.405419, sens=0.405419, spec=0.959091
epoch=58 mix_test(alpha=0.411): acc=0.823438, f1=0.383280, auc=0.944099, bac=0.367651, sens=0.367651, spec=0.952506
epoch=58 mix_val(alpha=0.411): acc=0.827746, f1=0.405988, auc=0.950406, bac=0.379676, sens=0.379676, spec=0.953068
epoch=59 iter=2 train: total=0.951191, prob=0.000000, batch=0.000000, channel=0.000000, cls=0.539681, gauss=0.000000, aux_recon=0.997103, aux_kl=0.001895, kd_logit=0.746137, kd_feat=0.003564, lite_recon=0.833091, lite_kl=0.697322, lite_ce=0.805498, lite_acc=0.734375, mix_alpha=0.4185567010309278
epoch=59 test: acc=0.838152, f1=0.441732, auc=0.949036, bac=0.408928, sens=0.408928, spec=0.959457
epoch=59 val: acc=0.837545, f1=0.432725, auc=0.957007, bac=0.405213, sens=0.405213, spec=0.958636
epoch=59 mix_test(alpha=0.419): acc=0.821890, f1=0.384093, auc=0.944308, bac=0.365290, sens=0.365290, spec=0.952244
epoch=59 mix_val(alpha=0.419): acc=0.820526, f1=0.409195, auc=0.954300, bac=0.384268, sens=0.384268, spec=0.952473
epoch=59 iter=12 train: total=0.811411, prob=0.000000, batch=0.000000, channel=0.000000, cls=0.506310, gauss=0.000000, aux_recon=0.963295, aux_kl=0.001858, kd_logit=0.574425, kd_feat=0.003535, lite_recon=0.832022, lite_kl=0.724487, lite_ce=0.697564, lite_acc=0.703125, mix_alpha=0.4185567010309278
epoch=59 test: acc=0.840475, f1=0.447906, auc=0.948921, bac=0.415361, sens=0.415361, spec=0.960402
epoch=59 val: acc=0.837545, f1=0.431538, auc=0.957039, bac=0.405410, sens=0.405410, spec=0.958872
epoch=59 mix_test(alpha=0.419): acc=0.824987, f1=0.426163, auc=0.941753, bac=0.391912, sens=0.391912, spec=0.952713
epoch=59 mix_val(alpha=0.419): acc=0.830325, f1=0.418880, auc=0.952083, bac=0.387762, sens=0.387762, spec=0.953548
epoch=59 iter=22 train: total=0.944772, prob=0.000000, batch=0.000000, channel=0.000000, cls=0.559547, gauss=0.000000, aux_recon=1.002744, aux_kl=0.001950, kd_logit=0.680488, kd_feat=0.003536, lite_recon=0.835198, lite_kl=0.757113, lite_ce=0.856298, lite_acc=0.687500, mix_alpha=0.4185567010309278
epoch=59 test: acc=0.837894, f1=0.448548, auc=0.949092, bac=0.416979, sens=0.416979, spec=0.960228
epoch=59 val: acc=0.837029, f1=0.432652, auc=0.957027, bac=0.406257, sens=0.406257, spec=0.958923
epoch=59 mix_test(alpha=0.419): acc=0.822148, f1=0.425961, auc=0.942103, bac=0.391823, sens=0.391823, spec=0.952955
epoch=59 mix_val(alpha=0.419): acc=0.820526, f1=0.403001, auc=0.952029, bac=0.380373, sens=0.380373, spec=0.952321
epoch=60 iter=6 train: total=0.770440, prob=0.000000, batch=0.000000, channel=0.000000, cls=0.486456, gauss=0.000000, aux_recon=1.008084, aux_kl=0.001971, kd_logit=0.572185, kd_feat=0.003559, lite_recon=0.816490, lite_kl=0.672258, lite_ce=0.625095, lite_acc=0.765625, mix_alpha=0.4257731958762886
epoch=60 test: acc=0.839184, f1=0.450282, auc=0.949089, bac=0.417957, sens=0.417957, spec=0.960357
epoch=60 val: acc=0.837029, f1=0.430652, auc=0.956854, bac=0.405644, sens=0.405644, spec=0.958838
epoch=60 mix_test(alpha=0.426): acc=0.820341, f1=0.371807, auc=0.941748, bac=0.358528, sens=0.358528, spec=0.951626
epoch=60 mix_val(alpha=0.426): acc=0.823620, f1=0.413133, auc=0.950615, bac=0.388574, sens=0.388574, spec=0.952628
epoch=60 iter=16 train: total=0.885711, prob=0.000000, batch=0.000000, channel=0.000000, cls=0.592443, gauss=0.000000, aux_recon=1.011319, aux_kl=0.001968, kd_logit=0.616732, kd_feat=0.003556, lite_recon=0.884388, lite_kl=0.752923, lite_ce=0.782320, lite_acc=0.687500, mix_alpha=0.4257731958762886
epoch=60 test: acc=0.834796, f1=0.444385, auc=0.948798, bac=0.416505, sens=0.416505, spec=0.960737
epoch=60 val: acc=0.838061, f1=0.433305, auc=0.956412, bac=0.409375, sens=0.409375, spec=0.960158
epoch=60 mix_test(alpha=0.426): acc=0.819308, f1=0.399814, auc=0.939544, bac=0.374350, sens=0.374350, spec=0.953288
epoch=60 mix_val(alpha=0.426): acc=0.821042, f1=0.398878, auc=0.943427, bac=0.380104, sens=0.380104, spec=0.953467
epoch=60 iter=26 train: total=0.928413, prob=0.000000, batch=0.000000, channel=0.000000, cls=0.520082, gauss=0.000000, aux_recon=0.959410, aux_kl=0.001862, kd_logit=0.711007, kd_feat=0.003527, lite_recon=0.797488, lite_kl=0.793507, lite_ce=0.807427, lite_acc=0.757812, mix_alpha=0.4257731958762886
epoch=60 test: acc=0.834022, f1=0.447483, auc=0.948461, bac=0.419509, sens=0.419509, spec=0.960628
epoch=60 val: acc=0.837029, f1=0.431739, auc=0.956192, bac=0.408615, sens=0.408615, spec=0.960146
epoch=60 mix_test(alpha=0.426): acc=0.818018, f1=0.399323, auc=0.945033, bac=0.374207, sens=0.374207, spec=0.952693
epoch=60 mix_val(alpha=0.426): acc=0.820526, f1=0.400019, auc=0.946000, bac=0.376950, sens=0.376950, spec=0.952089
epoch=61 iter=10 train: total=0.853861, prob=0.000000, batch=0.000000, channel=0.000000, cls=0.540819, gauss=0.000000, aux_recon=0.962721, aux_kl=0.001931, kd_logit=0.611746, kd_feat=0.003526, lite_recon=0.793268, lite_kl=0.780620, lite_ce=0.759530, lite_acc=0.742188, mix_alpha=0.4329896907216495
epoch=61 test: acc=0.837636, f1=0.447423, auc=0.948552, bac=0.416808, sens=0.416808, spec=0.960362
epoch=61 val: acc=0.839608, f1=0.435118, auc=0.956753, bac=0.408204, sens=0.408204, spec=0.959511
epoch=61 mix_test(alpha=0.433): acc=0.822406, f1=0.409888, auc=0.945644, bac=0.379110, sens=0.379110, spec=0.952254
epoch=61 mix_val(alpha=0.433): acc=0.825168, f1=0.413416, auc=0.957064, bac=0.389101, sens=0.389101, spec=0.952420
epoch=61 iter=20 train: total=0.877720, prob=0.000000, batch=0.000000, channel=0.000000, cls=0.508969, gauss=0.000000, aux_recon=1.014646, aux_kl=0.001946, kd_logit=0.587727, kd_feat=0.003536, lite_recon=0.857555, lite_kl=0.791495, lite_ce=0.805324, lite_acc=0.687500, mix_alpha=0.4329896907216495
epoch=61 test: acc=0.838410, f1=0.450319, auc=0.948590, bac=0.417524, sens=0.417524, spec=0.960279
epoch=61 val: acc=0.838061, f1=0.434061, auc=0.956167, bac=0.407017, sens=0.407017, spec=0.959053
epoch=61 mix_test(alpha=0.433): acc=0.818018, f1=0.387385, auc=0.941716, bac=0.370920, sens=0.370920, spec=0.951210
epoch=61 mix_val(alpha=0.433): acc=0.824136, f1=0.417756, auc=0.951984, bac=0.391350, sens=0.391350, spec=0.953122
epoch=62 iter=4 train: total=0.869649, prob=0.000000, batch=0.000000, channel=0.000000, cls=0.548663, gauss=0.000000, aux_recon=1.008928, aux_kl=0.001929, kd_logit=0.648677, kd_feat=0.003548, lite_recon=0.864125, lite_kl=0.741440, lite_ce=0.726595, lite_acc=0.726562, mix_alpha=0.44020618556701024
epoch=62 test: acc=0.837119, f1=0.447713, auc=0.948224, bac=0.417362, sens=0.417362, spec=0.960463
epoch=62 val: acc=0.839092, f1=0.434543, auc=0.956226, bac=0.409616, sens=0.409616, spec=0.960049
epoch=62 mix_test(alpha=0.440): acc=0.815694, f1=0.383874, auc=0.942629, bac=0.362504, sens=0.362504, spec=0.951220
epoch=62 mix_val(alpha=0.440): acc=0.822073, f1=0.393090, auc=0.949341, bac=0.372501, sens=0.372501, spec=0.952862
epoch=62 iter=14 train: total=0.911382, prob=0.000000, batch=0.000000, channel=0.000000, cls=0.574191, gauss=0.000000, aux_recon=1.014791, aux_kl=0.001962, kd_logit=0.646722, kd_feat=0.003548, lite_recon=0.839331, lite_kl=0.735080, lite_ce=0.822061, lite_acc=0.695312, mix_alpha=0.44020618556701024
epoch=62 test: acc=0.838410, f1=0.449647, auc=0.948865, bac=0.417854, sens=0.417854, spec=0.960295
epoch=62 val: acc=0.838061, f1=0.433554, auc=0.956417, bac=0.407913, sens=0.407913, spec=0.959543
epoch=62 mix_test(alpha=0.440): acc=0.816727, f1=0.393450, auc=0.938857, bac=0.370930, sens=0.370930, spec=0.950822
epoch=62 mix_val(alpha=0.440): acc=0.825683, f1=0.395709, auc=0.951694, bac=0.374896, sens=0.374896, spec=0.953041
epoch=62 iter=24 train: total=0.911631, prob=0.000000, batch=0.000000, channel=0.000000, cls=0.556411, gauss=0.000000, aux_recon=0.966718, aux_kl=0.001913, kd_logit=0.669653, kd_feat=0.003544, lite_recon=0.791876, lite_kl=0.673857, lite_ce=0.819838, lite_acc=0.742188, mix_alpha=0.44020618556701024
epoch=62 test: acc=0.837119, f1=0.439092, auc=0.948869, bac=0.409798, sens=0.409798, spec=0.960280
epoch=62 val: acc=0.839092, f1=0.434398, auc=0.956285, bac=0.408720, sens=0.408720, spec=0.959803
epoch=62 mix_test(alpha=0.440): acc=0.816985, f1=0.357475, auc=0.939329, bac=0.348557, sens=0.348557, spec=0.951804
epoch=62 mix_val(alpha=0.440): acc=0.824136, f1=0.412157, auc=0.947575, bac=0.386522, sens=0.386522, spec=0.953405
epoch=63 iter=8 train: total=0.965252, prob=0.000000, batch=0.000000, channel=0.000000, cls=0.594874, gauss=0.000000, aux_recon=1.006855, aux_kl=0.001949, kd_logit=0.683572, kd_feat=0.003541, lite_recon=0.840637, lite_kl=0.723286, lite_ce=0.892669, lite_acc=0.679688, mix_alpha=0.44742268041237104
epoch=63 test: acc=0.838410, f1=0.448026, auc=0.948793, bac=0.415972, sens=0.415972, spec=0.960175
epoch=63 val: acc=0.838577, f1=0.433916, auc=0.956592, bac=0.407444, sens=0.407444, spec=0.959261
epoch=63 mix_test(alpha=0.447): acc=0.818018, f1=0.403154, auc=0.937701, bac=0.371950, sens=0.371950, spec=0.950745
epoch=63 mix_val(alpha=0.447): acc=0.820526, f1=0.380515, auc=0.943736, bac=0.362533, sens=0.362533, spec=0.951380
epoch=63 iter=18 train: total=0.895500, prob=0.000000, batch=0.000000, channel=0.000000, cls=0.542438, gauss=0.000000, aux_recon=1.021791, aux_kl=0.001993, kd_logit=0.677476, kd_feat=0.003553, lite_recon=0.841628, lite_kl=0.712956, lite_ce=0.759061, lite_acc=0.742188, mix_alpha=0.44742268041237104
epoch=63 test: acc=0.837636, f1=0.449894, auc=0.948956, bac=0.418373, sens=0.418373, spec=0.960525
epoch=63 val: acc=0.839092, f1=0.432764, auc=0.956233, bac=0.408059, sens=0.408059, spec=0.959811
epoch=63 mix_test(alpha=0.447): acc=0.818018, f1=0.393824, auc=0.942134, bac=0.367468, sens=0.367468, spec=0.952144
epoch=63 mix_val(alpha=0.447): acc=0.825683, f1=0.406250, auc=0.950432, bac=0.381382, sens=0.381382, spec=0.953055
epoch=64 iter=2 train: total=0.965003, prob=0.000000, batch=0.000000, channel=0.000000, cls=0.577831, gauss=0.000000, aux_recon=0.987792, aux_kl=0.001978, kd_logit=0.639015, kd_feat=0.003532, lite_recon=0.795384, lite_kl=0.725348, lite_ce=0.954799, lite_acc=0.710938, mix_alpha=0.45463917525773195
epoch=64 test: acc=0.835312, f1=0.447227, auc=0.948658, bac=0.418242, sens=0.418242, spec=0.960454
epoch=64 val: acc=0.839092, f1=0.434447, auc=0.956166, bac=0.409852, sens=0.409852, spec=0.960172
epoch=64 mix_test(alpha=0.455): acc=0.814146, f1=0.366416, auc=0.940943, bac=0.352918, sens=0.352918, spec=0.951459
epoch=64 mix_val(alpha=0.455): acc=0.822589, f1=0.407417, auc=0.945814, bac=0.380650, sens=0.380650, spec=0.952820
epoch=64 iter=12 train: total=0.810184, prob=0.000000, batch=0.000000, channel=0.000000, cls=0.572604, gauss=0.000000, aux_recon=1.000090, aux_kl=0.001954, kd_logit=0.507335, kd_feat=0.003528, lite_recon=0.834151, lite_kl=0.741158, lite_ce=0.761021, lite_acc=0.710938, mix_alpha=0.45463917525773195
epoch=64 test: acc=0.838410, f1=0.449893, auc=0.948722, bac=0.417547, sens=0.417547, spec=0.960356
epoch=64 val: acc=0.838577, f1=0.432408, auc=0.956645, bac=0.407114, sens=0.407114, spec=0.959381
epoch=64 mix_test(alpha=0.455): acc=0.818792, f1=0.420763, auc=0.944210, bac=0.386898, sens=0.386898, spec=0.951535
epoch=64 mix_val(alpha=0.455): acc=0.821558, f1=0.394595, auc=0.951850, bac=0.372788, sens=0.372788, spec=0.951638
epoch=64 iter=22 train: total=0.898136, prob=0.000000, batch=0.000000, channel=0.000000, cls=0.617967, gauss=0.000000, aux_recon=1.021347, aux_kl=0.001974, kd_logit=0.587480, kd_feat=0.003553, lite_recon=0.879076, lite_kl=0.705826, lite_ce=0.839493, lite_acc=0.703125, mix_alpha=0.45463917525773195
epoch=64 test: acc=0.836603, f1=0.446988, auc=0.948877, bac=0.416354, sens=0.416354, spec=0.960058
epoch=64 val: acc=0.838061, f1=0.431751, auc=0.957001, bac=0.407064, sens=0.407064, spec=0.959323
epoch=64 mix_test(alpha=0.455): acc=0.817243, f1=0.434055, auc=0.943981, bac=0.399437, sens=0.399437, spec=0.951222
epoch=64 mix_val(alpha=0.455): acc=0.811243, f1=0.371050, auc=0.948721, bac=0.353171, sens=0.353171, spec=0.949609
epoch=65 iter=6 train: total=0.865082, prob=0.000000, batch=0.000000, channel=0.000000, cls=0.592896, gauss=0.000000, aux_recon=1.027770, aux_kl=0.002015, kd_logit=0.615990, kd_feat=0.003541, lite_recon=0.843009, lite_kl=0.767288, lite_ce=0.758083, lite_acc=0.718750, mix_alpha=0.46185567010309275
epoch=65 test: acc=0.835829, f1=0.445354, auc=0.948386, bac=0.415882, sens=0.415882, spec=0.960379
epoch=65 val: acc=0.840124, f1=0.435541, auc=0.955914, bac=0.410329, sens=0.410329, spec=0.960408
epoch=65 mix_test(alpha=0.462): acc=0.826020, f1=0.390314, auc=0.942861, bac=0.372119, sens=0.372119, spec=0.954333
epoch=65 mix_val(alpha=0.462): acc=0.819495, f1=0.386934, auc=0.947397, bac=0.365368, sens=0.365368, spec=0.951039
epoch=65 iter=16 train: total=0.880016, prob=0.000000, batch=0.000000, channel=0.000000, cls=0.553757, gauss=0.000000, aux_recon=1.045220, aux_kl=0.001984, kd_logit=0.639599, kd_feat=0.003515, lite_recon=0.892573, lite_kl=0.780927, lite_ce=0.744270, lite_acc=0.726562, mix_alpha=0.46185567010309275
epoch=65 test: acc=0.837119, f1=0.447326, auc=0.948578, bac=0.415481, sens=0.415481, spec=0.959886
epoch=65 val: acc=0.836514, f1=0.431564, auc=0.956588, bac=0.404736, sens=0.404736, spec=0.958614
epoch=65 mix_test(alpha=0.462): acc=0.811822, f1=0.367311, auc=0.941044, bac=0.353930, sens=0.353930, spec=0.949755
epoch=65 mix_val(alpha=0.462): acc=0.823620, f1=0.396537, auc=0.941749, bac=0.377017, sens=0.377017, spec=0.952342
epoch=65 iter=26 train: total=0.868469, prob=0.000000, batch=0.000000, channel=0.000000, cls=0.533308, gauss=0.000000, aux_recon=1.027959, aux_kl=0.001998, kd_logit=0.638186, kd_feat=0.003547, lite_recon=0.862620, lite_kl=0.665396, lite_ce=0.736848, lite_acc=0.703125, mix_alpha=0.46185567010309275
epoch=65 test: acc=0.837894, f1=0.450585, auc=0.948574, bac=0.418478, sens=0.418478, spec=0.960061
epoch=65 val: acc=0.837029, f1=0.431459, auc=0.956905, bac=0.405456, sens=0.405456, spec=0.958609
epoch=65 mix_test(alpha=0.462): acc=0.814662, f1=0.373699, auc=0.936062, bac=0.358359, sens=0.358359, spec=0.949592
epoch=65 mix_val(alpha=0.462): acc=0.819495, f1=0.404105, auc=0.950003, bac=0.379378, sens=0.379378, spec=0.950729
epoch=66 iter=10 train: total=0.909057, prob=0.000000, batch=0.000000, channel=0.000000, cls=0.595161, gauss=0.000000, aux_recon=1.010026, aux_kl=0.001901, kd_logit=0.617562, kd_feat=0.003540, lite_recon=0.871740, lite_kl=0.772256, lite_ce=0.832870, lite_acc=0.703125, mix_alpha=0.46907216494845355
epoch=66 test: acc=0.838410, f1=0.447425, auc=0.948913, bac=0.412808, sens=0.412808, spec=0.959032
epoch=66 val: acc=0.840124, f1=0.433425, auc=0.956896, bac=0.404001, sens=0.404001, spec=0.958192
epoch=66 mix_test(alpha=0.469): acc=0.811822, f1=0.357112, auc=0.939945, bac=0.345211, sens=0.345211, spec=0.947927
epoch=66 mix_val(alpha=0.469): acc=0.818979, f1=0.392707, auc=0.950091, bac=0.366719, sens=0.366719, spec=0.949604
epoch=66 iter=20 train: total=0.812470, prob=0.000000, batch=0.000000, channel=0.000000, cls=0.561940, gauss=0.000000, aux_recon=0.915146, aux_kl=0.001860, kd_logit=0.635915, kd_feat=0.003534, lite_recon=0.745601, lite_kl=0.750487, lite_ce=0.672241, lite_acc=0.742188, mix_alpha=0.46907216494845355
epoch=66 test: acc=0.838668, f1=0.444583, auc=0.948475, bac=0.413436, sens=0.413436, spec=0.960366
epoch=66 val: acc=0.838061, f1=0.433530, auc=0.956273, bac=0.406403, sens=0.406403, spec=0.959166
epoch=66 mix_test(alpha=0.469): acc=0.812855, f1=0.388990, auc=0.937583, bac=0.361450, sens=0.361450, spec=0.949522
epoch=66 mix_val(alpha=0.469): acc=0.824652, f1=0.397779, auc=0.946088, bac=0.373475, sens=0.373475, spec=0.952159
epoch=67 iter=4 train: total=0.944241, prob=0.000000, batch=0.000000, channel=0.000000, cls=0.626820, gauss=0.000000, aux_recon=0.979221, aux_kl=0.001891, kd_logit=0.675286, kd_feat=0.003518, lite_recon=0.785458, lite_kl=0.764374, lite_ce=0.880208, lite_acc=0.687500, mix_alpha=0.4762886597938144
epoch=67 test: acc=0.840475, f1=0.451875, auc=0.949105, bac=0.418892, sens=0.418892, spec=0.960516
epoch=67 val: acc=0.837029, f1=0.430912, auc=0.956992, bac=0.405313, sens=0.405313, spec=0.958925
epoch=67 mix_test(alpha=0.476): acc=0.813371, f1=0.364255, auc=0.943846, bac=0.349058, sens=0.349058, spec=0.949693
epoch=67 mix_val(alpha=0.476): acc=0.818979, f1=0.390503, auc=0.946162, bac=0.368626, sens=0.368626, spec=0.950346
epoch=67 iter=14 train: total=0.880508, prob=0.000000, batch=0.000000, channel=0.000000, cls=0.673923, gauss=0.000000, aux_recon=1.039791, aux_kl=0.002025, kd_logit=0.578849, kd_feat=0.003519, lite_recon=0.863461, lite_kl=0.734053, lite_ce=0.818581, lite_acc=0.734375, mix_alpha=0.4762886597938144
epoch=67 test: acc=0.840991, f1=0.445994, auc=0.948846, bac=0.413444, sens=0.413444, spec=0.960686
epoch=67 val: acc=0.838061, f1=0.433614, auc=0.956440, bac=0.406121, sens=0.406121, spec=0.958930
epoch=67 mix_test(alpha=0.476): acc=0.813113, f1=0.390726, auc=0.938620, bac=0.362950, sens=0.362950, spec=0.949239
epoch=67 mix_val(alpha=0.476): acc=0.821558, f1=0.381630, auc=0.946695, bac=0.360571, sens=0.360571, spec=0.951380
epoch=67 iter=24 train: total=0.952520, prob=0.000000, batch=0.000000, channel=0.000000, cls=0.621898, gauss=0.000000, aux_recon=1.022679, aux_kl=0.002012, kd_logit=0.692802, kd_feat=0.003504, lite_recon=0.832438, lite_kl=0.798713, lite_ce=0.859786, lite_acc=0.703125, mix_alpha=0.4762886597938144
epoch=67 test: acc=0.837894, f1=0.442840, auc=0.948934, bac=0.411604, sens=0.411604, spec=0.960093
epoch=67 val: acc=0.836514, f1=0.432127, auc=0.956764, bac=0.405349, sens=0.405349, spec=0.958604
epoch=67 mix_test(alpha=0.476): acc=0.814920, f1=0.419767, auc=0.942313, bac=0.386746, sens=0.386746, spec=0.950434
epoch=67 mix_val(alpha=0.476): acc=0.817432, f1=0.390700, auc=0.947471, bac=0.370921, sens=0.370921, spec=0.950811
epoch=68 iter=8 train: total=0.967762, prob=0.000000, batch=0.000000, channel=0.000000, cls=0.606611, gauss=0.000000, aux_recon=1.002002, aux_kl=0.001986, kd_logit=0.748239, kd_feat=0.003548, lite_recon=0.821107, lite_kl=0.714791, lite_ce=0.840999, lite_acc=0.742188, mix_alpha=0.4835051546391752
epoch=68 test: acc=0.838668, f1=0.444516, auc=0.948325, bac=0.411989, sens=0.411989, spec=0.960217
epoch=68 val: acc=0.838061, f1=0.433746, auc=0.955534, bac=0.405263, sens=0.405263, spec=0.958673
epoch=68 mix_test(alpha=0.484): acc=0.819566, f1=0.405258, auc=0.940614, bac=0.373276, sens=0.373276, spec=0.951383
epoch=68 mix_val(alpha=0.484): acc=0.820526, f1=0.386899, auc=0.942684, bac=0.363299, sens=0.363299, spec=0.950028
epoch=68 iter=18 train: total=0.944230, prob=0.000000, batch=0.000000, channel=0.000000, cls=0.629416, gauss=0.000000, aux_recon=0.990175, aux_kl=0.001932, kd_logit=0.721840, kd_feat=0.003528, lite_recon=0.806354, lite_kl=0.782934, lite_ce=0.824892, lite_acc=0.742188, mix_alpha=0.4835051546391752
epoch=68 test: acc=0.838926, f1=0.443807, auc=0.948224, bac=0.411877, sens=0.411877, spec=0.960169
epoch=68 val: acc=0.837029, f1=0.431216, auc=0.956433, bac=0.405030, sens=0.405030, spec=0.958680
epoch=68 mix_test(alpha=0.484): acc=0.811048, f1=0.374120, auc=0.939780, bac=0.356666, sens=0.356666, spec=0.948586
epoch=68 mix_val(alpha=0.484): acc=0.818979, f1=0.389407, auc=0.938605, bac=0.367305, sens=0.367305, spec=0.950114
epoch=69 iter=2 train: total=0.881468, prob=0.000000, batch=0.000000, channel=0.000000, cls=0.583538, gauss=0.000000, aux_recon=0.958816, aux_kl=0.001892, kd_logit=0.606312, kd_feat=0.003532, lite_recon=0.841683, lite_kl=0.749838, lite_ce=0.801421, lite_acc=0.742188, mix_alpha=0.490721649484536
epoch=69 test: acc=0.837894, f1=0.448766, auc=0.948527, bac=0.416979, sens=0.416979, spec=0.960203
epoch=69 val: acc=0.836514, f1=0.430574, auc=0.956612, bac=0.404933, sens=0.404933, spec=0.958737
epoch=69 mix_test(alpha=0.491): acc=0.812855, f1=0.372695, auc=0.941941, bac=0.353603, sens=0.353603, spec=0.949553
epoch=69 mix_val(alpha=0.491): acc=0.815884, f1=0.385592, auc=0.938107, bac=0.365528, sens=0.365528, spec=0.950490
epoch=69 iter=12 train: total=0.889424, prob=0.000000, batch=0.000000, channel=0.000000, cls=0.618362, gauss=0.000000, aux_recon=1.016884, aux_kl=0.001972, kd_logit=0.645750, kd_feat=0.003528, lite_recon=0.820221, lite_kl=0.758460, lite_ce=0.786313, lite_acc=0.718750, mix_alpha=0.490721649484536
epoch=69 test: acc=0.838410, f1=0.449388, auc=0.948412, bac=0.418240, sens=0.418240, spec=0.960422
epoch=69 val: acc=0.835998, f1=0.429715, auc=0.956868, bac=0.404884, sens=0.404884, spec=0.958797
epoch=69 mix_test(alpha=0.491): acc=0.816211, f1=0.402913, auc=0.939344, bac=0.376390, sens=0.376390, spec=0.950551
epoch=69 mix_val(alpha=0.491): acc=0.815884, f1=0.389473, auc=0.952701, bac=0.369006, sens=0.369006, spec=0.949701
epoch=69 iter=22 train: total=1.023665, prob=0.000000, batch=0.000000, channel=0.000000, cls=0.639606, gauss=0.000000, aux_recon=0.998491, aux_kl=0.002003, kd_logit=0.761610, kd_feat=0.003549, lite_recon=0.800688, lite_kl=0.659985, lite_ce=0.948697, lite_acc=0.656250, mix_alpha=0.490721649484536
epoch=69 test: acc=0.839442, f1=0.449559, auc=0.949007, bac=0.417411, sens=0.417411, spec=0.960432
epoch=69 val: acc=0.837545, f1=0.433393, auc=0.956682, bac=0.406354, sens=0.406354, spec=0.958867
epoch=69 mix_test(alpha=0.491): acc=0.815436, f1=0.405644, auc=0.936124, bac=0.376334, sens=0.376334, spec=0.950232
epoch=69 mix_val(alpha=0.491): acc=0.818463, f1=0.391188, auc=0.947716, bac=0.368907, sens=0.368907, spec=0.950563
epoch=70 iter=6 train: total=0.923763, prob=0.000000, batch=0.000000, channel=0.000000, cls=0.638058, gauss=0.000000, aux_recon=0.980653, aux_kl=0.001952, kd_logit=0.650072, kd_feat=0.003540, lite_recon=0.793774, lite_kl=0.724228, lite_ce=0.861919, lite_acc=0.695312, mix_alpha=0.4979381443298969
epoch=70 test: acc=0.838410, f1=0.445503, auc=0.948471, bac=0.414252, sens=0.414252, spec=0.960454
epoch=70 val: acc=0.838061, f1=0.433330, auc=0.956251, bac=0.406489, sens=0.406489, spec=0.959167
epoch=70 mix_test(alpha=0.498): acc=0.815178, f1=0.411317, auc=0.936590, bac=0.377667, sens=0.377667, spec=0.950211
epoch=70 mix_val(alpha=0.498): acc=0.816916, f1=0.418183, auc=0.949470, bac=0.391232, sens=0.391232, spec=0.950419
epoch=70 iter=16 train: total=0.961529, prob=0.000000, batch=0.000000, channel=0.000000, cls=0.626687, gauss=0.000000, aux_recon=1.029069, aux_kl=0.001978, kd_logit=0.692837, kd_feat=0.003529, lite_recon=0.846144, lite_kl=0.747096, lite_ce=0.873293, lite_acc=0.640625, mix_alpha=0.4979381443298969
epoch=70 test: acc=0.836087, f1=0.447889, auc=0.948624, bac=0.417727, sens=0.417727, spec=0.960340
epoch=70 val: acc=0.839092, f1=0.434562, auc=0.955959, bac=0.408625, sens=0.408625, spec=0.960021
epoch=70 mix_test(alpha=0.498): acc=0.812339, f1=0.399512, auc=0.937442, bac=0.371905, sens=0.371905, spec=0.950191
epoch=70 mix_val(alpha=0.498): acc=0.819495, f1=0.398902, auc=0.946043, bac=0.376183, sens=0.376183, spec=0.950504
epoch=70 iter=26 train: total=1.019914, prob=0.000000, batch=0.000000, channel=0.000000, cls=0.677170, gauss=0.000000, aux_recon=0.995123, aux_kl=0.001973, kd_logit=0.723225, kd_feat=0.003535, lite_recon=0.867261, lite_kl=0.640554, lite_ce=0.953352, lite_acc=0.632812, mix_alpha=0.4979381443298969
epoch=70 test: acc=0.838668, f1=0.442742, auc=0.948635, bac=0.410590, sens=0.410590, spec=0.960003
epoch=70 val: acc=0.836514, f1=0.432347, auc=0.956427, bac=0.404123, sens=0.404123, spec=0.958339
epoch=70 mix_test(alpha=0.498): acc=0.815953, f1=0.373419, auc=0.934343, bac=0.355410, sens=0.355410, spec=0.949738
epoch=70 mix_val(alpha=0.498): acc=0.814337, f1=0.399782, auc=0.946675, bac=0.375050, sens=0.375050, spec=0.949315
epoch=71 iter=10 train: total=0.975605, prob=0.000000, batch=0.000000, channel=0.000000, cls=0.594207, gauss=0.000000, aux_recon=0.993390, aux_kl=0.001908, kd_logit=0.711202, kd_feat=0.003537, lite_recon=0.862222, lite_kl=0.745657, lite_ce=0.876670, lite_acc=0.695312, mix_alpha=0.5051546391752577
epoch=71 test: acc=0.836345, f1=0.447720, auc=0.948648, bac=0.417437, sens=0.417437, spec=0.960469
epoch=71 val: acc=0.839092, f1=0.434550, auc=0.956204, bac=0.409569, sens=0.409569, spec=0.960044
epoch=71 mix_test(alpha=0.505): acc=0.805627, f1=0.397600, auc=0.937105, bac=0.367784, sens=0.367784, spec=0.948108
epoch=71 mix_val(alpha=0.505): acc=0.812274, f1=0.389118, auc=0.940420, bac=0.369452, sens=0.369452, spec=0.950193
epoch=71 iter=20 train: total=0.916805, prob=0.000000, batch=0.000000, channel=0.000000, cls=0.606006, gauss=0.000000, aux_recon=1.070605, aux_kl=0.002002, kd_logit=0.590776, kd_feat=0.003518, lite_recon=0.923443, lite_kl=0.743691, lite_ce=0.855066, lite_acc=0.734375, mix_alpha=0.5051546391752577
epoch=71 test: acc=0.837636, f1=0.442493, auc=0.949118, bac=0.411862, sens=0.411862, spec=0.960189
epoch=71 val: acc=0.837029, f1=0.432690, auc=0.957003, bac=0.407200, sens=0.407200, spec=0.959277
epoch=71 mix_test(alpha=0.505): acc=0.814146, f1=0.399123, auc=0.943198, bac=0.370359, sens=0.370359, spec=0.949235
epoch=71 mix_val(alpha=0.505): acc=0.812790, f1=0.391811, auc=0.945816, bac=0.370528, sens=0.370528, spec=0.949593
epoch=72 iter=4 train: total=0.807920, prob=0.000000, batch=0.000000, channel=0.000000, cls=0.596762, gauss=0.000000, aux_recon=1.052460, aux_kl=0.002007, kd_logit=0.625140, kd_feat=0.003519, lite_recon=0.897096, lite_kl=0.810606, lite_ce=0.612130, lite_acc=0.757812, mix_alpha=0.5123711340206185
epoch=72 test: acc=0.834796, f1=0.454618, auc=0.948869, bac=0.422731, sens=0.422731, spec=0.960479
epoch=72 val: acc=0.838577, f1=0.433714, auc=0.956893, bac=0.409519, sens=0.409519, spec=0.960223
epoch=72 mix_test(alpha=0.512): acc=0.813887, f1=0.366752, auc=0.938046, bac=0.354352, sens=0.354352, spec=0.950952
epoch=72 mix_val(alpha=0.512): acc=0.809696, f1=0.363932, auc=0.942316, bac=0.355562, sens=0.355562, spec=0.949215
epoch=72 iter=14 train: total=0.803840, prob=0.000000, batch=0.000000, channel=0.000000, cls=0.595707, gauss=0.000000, aux_recon=0.978204, aux_kl=0.001952, kd_logit=0.599708, kd_feat=0.003531, lite_recon=0.815134, lite_kl=0.730382, lite_ce=0.663780, lite_acc=0.773438, mix_alpha=0.5123711340206185
epoch=72 test: acc=0.834796, f1=0.449351, auc=0.948875, bac=0.420696, sens=0.420696, spec=0.960599
epoch=72 val: acc=0.838577, f1=0.431779, auc=0.956335, bac=0.408614, sens=0.408614, spec=0.960221
epoch=72 mix_test(alpha=0.512): acc=0.815178, f1=0.417231, auc=0.938420, bac=0.388163, sens=0.388163, spec=0.951620
epoch=72 mix_val(alpha=0.512): acc=0.809180, f1=0.382890, auc=0.945767, bac=0.368247, sens=0.368247, spec=0.949900
epoch=72 iter=24 train: total=0.979619, prob=0.000000, batch=0.000000, channel=0.000000, cls=0.698280, gauss=0.000000, aux_recon=1.084634, aux_kl=0.002129, kd_logit=0.680966, kd_feat=0.003523, lite_recon=0.894983, lite_kl=0.726180, lite_ce=0.902232, lite_acc=0.679688, mix_alpha=0.5123711340206185
epoch=72 test: acc=0.837636, f1=0.447926, auc=0.949198, bac=0.416954, sens=0.416954, spec=0.960069
epoch=72 val: acc=0.838061, f1=0.433633, auc=0.956983, bac=0.407630, sens=0.407630, spec=0.959307
epoch=72 mix_test(alpha=0.512): acc=0.810790, f1=0.373178, auc=0.937186, bac=0.357254, sens=0.357254, spec=0.949008
epoch=72 mix_val(alpha=0.512): acc=0.814337, f1=0.385616, auc=0.938197, bac=0.365435, sens=0.365435, spec=0.949566
epoch=73 iter=8 train: total=0.872615, prob=0.000000, batch=0.000000, channel=0.000000, cls=0.581659, gauss=0.000000, aux_recon=0.973128, aux_kl=0.001885, kd_logit=0.657634, kd_feat=0.003516, lite_recon=0.787673, lite_kl=0.762107, lite_ce=0.753769, lite_acc=0.765625, mix_alpha=0.5195876288659794
epoch=73 test: acc=0.839184, f1=0.446836, auc=0.949109, bac=0.411239, sens=0.411239, spec=0.959001
epoch=73 val: acc=0.841155, f1=0.434549, auc=0.956824, bac=0.405044, sens=0.405044, spec=0.958567
epoch=73 mix_test(alpha=0.520): acc=0.804595, f1=0.368907, auc=0.939541, bac=0.345190, sens=0.345190, spec=0.945584
epoch=73 mix_val(alpha=0.520): acc=0.812274, f1=0.388568, auc=0.938007, bac=0.363472, sens=0.363472, spec=0.946648
epoch=73 iter=18 train: total=0.891114, prob=0.000000, batch=0.000000, channel=0.000000, cls=0.625119, gauss=0.000000, aux_recon=1.015414, aux_kl=0.001973, kd_logit=0.607634, kd_feat=0.003541, lite_recon=0.838927, lite_kl=0.770716, lite_ce=0.820068, lite_acc=0.718750, mix_alpha=0.5195876288659794
epoch=73 test: acc=0.839442, f1=0.448096, auc=0.949046, bac=0.415426, sens=0.415426, spec=0.960421
epoch=73 val: acc=0.838061, f1=0.433421, auc=0.956401, bac=0.405876, sens=0.405876, spec=0.958925
epoch=73 mix_test(alpha=0.520): acc=0.806144, f1=0.381777, auc=0.937140, bac=0.355902, sens=0.355902, spec=0.947165
epoch=73 mix_val(alpha=0.520): acc=0.810211, f1=0.380214, auc=0.935966, bac=0.362170, sens=0.362170, spec=0.948319
epoch=74 iter=2 train: total=0.851646, prob=0.000000, batch=0.000000, channel=0.000000, cls=0.629415, gauss=0.000000, aux_recon=1.018962, aux_kl=0.001976, kd_logit=0.592671, kd_feat=0.003541, lite_recon=0.879530, lite_kl=0.746498, lite_ce=0.740339, lite_acc=0.773438, mix_alpha=0.5268041237113401
epoch=74 test: acc=0.839959, f1=0.445246, auc=0.949090, bac=0.411954, sens=0.411954, spec=0.960009
epoch=74 val: acc=0.838577, f1=0.434442, auc=0.956673, bac=0.406265, sens=0.406265, spec=0.958757
epoch=74 mix_test(alpha=0.527): acc=0.807434, f1=0.385409, auc=0.932674, bac=0.355796, sens=0.355796, spec=0.946309
epoch=74 mix_val(alpha=0.527): acc=0.814337, f1=0.402010, auc=0.940937, bac=0.376684, sens=0.376684, spec=0.948249
epoch=74 iter=12 train: total=0.733075, prob=0.000000, batch=0.000000, channel=0.000000, cls=0.573605, gauss=0.000000, aux_recon=1.015876, aux_kl=0.001943, kd_logit=0.523753, kd_feat=0.003521, lite_recon=0.864910, lite_kl=0.811971, lite_ce=0.576673, lite_acc=0.773438, mix_alpha=0.5268041237113401
epoch=74 test: acc=0.838410, f1=0.447075, auc=0.948835, bac=0.414930, sens=0.414930, spec=0.960050
epoch=74 val: acc=0.837029, f1=0.433169, auc=0.956720, bac=0.405974, sens=0.405974, spec=0.958557
epoch=74 mix_test(alpha=0.527): acc=0.804595, f1=0.370371, auc=0.931840, bac=0.353524, sens=0.353524, spec=0.946995
epoch=74 mix_val(alpha=0.527): acc=0.812274, f1=0.382252, auc=0.946236, bac=0.356183, sens=0.356183, spec=0.948140
epoch=74 iter=22 train: total=0.875273, prob=0.000000, batch=0.000000, channel=0.000000, cls=0.607747, gauss=0.000000, aux_recon=0.958950, aux_kl=0.001888, kd_logit=0.642266, kd_feat=0.003541, lite_recon=0.798062, lite_kl=0.728007, lite_ce=0.770953, lite_acc=0.742188, mix_alpha=0.5268041237113401
epoch=74 test: acc=0.838410, f1=0.449470, auc=0.949193, bac=0.417406, sens=0.417406, spec=0.960246
epoch=74 val: acc=0.837545, f1=0.432947, auc=0.956955, bac=0.406684, sens=0.406684, spec=0.959001
epoch=74 mix_test(alpha=0.527): acc=0.806660, f1=0.385765, auc=0.938268, bac=0.360152, sens=0.360152, spec=0.947171
epoch=74 mix_val(alpha=0.527): acc=0.811759, f1=0.382132, auc=0.947212, bac=0.362263, sens=0.362263, spec=0.949117
epoch=75 iter=6 train: total=0.813558, prob=0.000000, batch=0.000000, channel=0.000000, cls=0.632506, gauss=0.000000, aux_recon=0.945897, aux_kl=0.001844, kd_logit=0.587392, kd_feat=0.003526, lite_recon=0.796947, lite_kl=0.728820, lite_ce=0.702842, lite_acc=0.757812, mix_alpha=0.5340206185567009
epoch=75 test: acc=0.838410, f1=0.449952, auc=0.948937, bac=0.417882, sens=0.417882, spec=0.959896
epoch=75 val: acc=0.839092, f1=0.433152, auc=0.956861, bac=0.406079, sens=0.406079, spec=0.959001
epoch=75 mix_test(alpha=0.534): acc=0.807434, f1=0.381299, auc=0.935399, bac=0.361189, sens=0.361189, spec=0.947011
epoch=75 mix_val(alpha=0.534): acc=0.809696, f1=0.390136, auc=0.946409, bac=0.368465, sens=0.368465, spec=0.947277
epoch=75 iter=16 train: total=0.802230, prob=0.000000, batch=0.000000, channel=0.000000, cls=0.648830, gauss=0.000000, aux_recon=1.004615, aux_kl=0.001953, kd_logit=0.596869, kd_feat=0.003524, lite_recon=0.858456, lite_kl=0.682394, lite_ce=0.647038, lite_acc=0.765625, mix_alpha=0.5340206185567009
epoch=75 test: acc=0.840475, f1=0.452251, auc=0.948906, bac=0.418322, sens=0.418322, spec=0.960388
epoch=75 val: acc=0.837029, f1=0.432414, auc=0.956348, bac=0.404833, sens=0.404833, spec=0.958436
epoch=75 mix_test(alpha=0.534): acc=0.811822, f1=0.366807, auc=0.931419, bac=0.350078, sens=0.350078, spec=0.947934
epoch=75 mix_val(alpha=0.534): acc=0.808149, f1=0.385149, auc=0.935202, bac=0.363716, sens=0.363716, spec=0.947372
epoch=75 iter=26 train: total=0.822851, prob=0.000000, batch=0.000000, channel=0.000000, cls=0.625494, gauss=0.000000, aux_recon=0.963208, aux_kl=0.001875, kd_logit=0.582566, kd_feat=0.003522, lite_recon=0.797694, lite_kl=0.713622, lite_ce=0.726264, lite_acc=0.765625, mix_alpha=0.5340206185567009
epoch=75 test: acc=0.838668, f1=0.450347, auc=0.948979, bac=0.418284, sens=0.418284, spec=0.960381
epoch=75 val: acc=0.838061, f1=0.433618, auc=0.956376, bac=0.407347, sens=0.407347, spec=0.959186
epoch=75 mix_test(alpha=0.534): acc=0.805885, f1=0.360438, auc=0.941979, bac=0.347411, sens=0.347411, spec=0.947542
epoch=75 mix_val(alpha=0.534): acc=0.809696, f1=0.386647, auc=0.938383, bac=0.365313, sens=0.365313, spec=0.949021
epoch=76 iter=10 train: total=0.952823, prob=0.000000, batch=0.000000, channel=0.000000, cls=0.714635, gauss=0.000000, aux_recon=1.023006, aux_kl=0.001984, kd_logit=0.670607, kd_feat=0.003522, lite_recon=0.847838, lite_kl=0.785549, lite_ce=0.876672, lite_acc=0.710938, mix_alpha=0.5412371134020618
epoch=76 test: acc=0.837119, f1=0.448190, auc=0.948772, bac=0.417489, sens=0.417489, spec=0.960376
epoch=76 val: acc=0.835998, f1=0.431638, auc=0.957061, bac=0.407006, sens=0.407006, spec=0.959154
epoch=76 mix_test(alpha=0.541): acc=0.806402, f1=0.352359, auc=0.935289, bac=0.341407, sens=0.341407, spec=0.948081
epoch=76 mix_val(alpha=0.541): acc=0.807633, f1=0.371195, auc=0.933388, bac=0.357301, sens=0.357301, spec=0.947633
epoch=76 iter=20 train: total=0.975680, prob=0.000000, batch=0.000000, channel=0.000000, cls=0.660368, gauss=0.000000, aux_recon=1.029221, aux_kl=0.002027, kd_logit=0.692921, kd_feat=0.003538, lite_recon=0.835257, lite_kl=0.753874, lite_ce=0.905722, lite_acc=0.664062, mix_alpha=0.5412371134020618
epoch=76 test: acc=0.836603, f1=0.457587, auc=0.948837, bac=0.421040, sens=0.421040, spec=0.959354
epoch=76 val: acc=0.836514, f1=0.431719, auc=0.957490, bac=0.404510, sens=0.404510, spec=0.958050
epoch=76 mix_test(alpha=0.541): acc=0.803304, f1=0.411280, auc=0.933484, bac=0.379848, sens=0.379848, spec=0.946276
epoch=76 mix_val(alpha=0.541): acc=0.807633, f1=0.369359, auc=0.936489, bac=0.352792, sens=0.352792, spec=0.947359
epoch=77 iter=4 train: total=0.846696, prob=0.000000, batch=0.000000, channel=0.000000, cls=0.723052, gauss=0.000000, aux_recon=0.968143, aux_kl=0.001883, kd_logit=0.579163, kd_feat=0.003520, lite_recon=0.807194, lite_kl=0.743040, lite_ce=0.772971, lite_acc=0.757812, mix_alpha=0.5484536082474226
epoch=77 test: acc=0.837636, f1=0.447341, auc=0.948508, bac=0.416445, sens=0.416445, spec=0.960303
epoch=77 val: acc=0.837545, f1=0.433287, auc=0.956521, bac=0.406967, sens=0.406967, spec=0.958998
epoch=77 mix_test(alpha=0.548): acc=0.802013, f1=0.367399, auc=0.923267, bac=0.348639, sens=0.348639, spec=0.945690
epoch=77 mix_val(alpha=0.548): acc=0.809180, f1=0.381428, auc=0.939455, bac=0.362107, sens=0.362107, spec=0.948407
epoch=77 iter=14 train: total=0.855149, prob=0.000000, batch=0.000000, channel=0.000000, cls=0.610788, gauss=0.000000, aux_recon=1.041961, aux_kl=0.002101, kd_logit=0.666861, kd_feat=0.003525, lite_recon=0.822925, lite_kl=0.741456, lite_ce=0.695914, lite_acc=0.734375, mix_alpha=0.5484536082474226
epoch=77 test: acc=0.836345, f1=0.443893, auc=0.948576, bac=0.414189, sens=0.414189, spec=0.960524
epoch=77 val: acc=0.838577, f1=0.434436, auc=0.956378, bac=0.408906, sens=0.408906, spec=0.959729
epoch=77 mix_test(alpha=0.548): acc=0.810274, f1=0.414664, auc=0.932303, bac=0.383811, sens=0.383811, spec=0.949894
epoch=77 mix_val(alpha=0.548): acc=0.815369, f1=0.383982, auc=0.933958, bac=0.364346, sens=0.364346, spec=0.950290
epoch=77 iter=24 train: total=0.860477, prob=0.000000, batch=0.000000, channel=0.000000, cls=0.657469, gauss=0.000000, aux_recon=0.986977, aux_kl=0.001897, kd_logit=0.697601, kd_feat=0.003529, lite_recon=0.815487, lite_kl=0.733077, lite_ce=0.678968, lite_acc=0.765625, mix_alpha=0.5484536082474226
epoch=77 test: acc=0.835829, f1=0.445994, auc=0.948657, bac=0.417124, sens=0.417124, spec=0.960377
epoch=77 val: acc=0.836514, f1=0.432413, auc=0.957005, bac=0.407669, sens=0.407669, spec=0.959337
epoch=77 mix_test(alpha=0.548): acc=0.806144, f1=0.378176, auc=0.926572, bac=0.359824, sens=0.359824, spec=0.947588
epoch=77 mix_val(alpha=0.548): acc=0.811759, f1=0.383550, auc=0.948173, bac=0.363685, sens=0.363685, spec=0.948321
epoch=78 iter=8 train: total=0.885401, prob=0.000000, batch=0.000000, channel=0.000000, cls=0.671199, gauss=0.000000, aux_recon=1.013250, aux_kl=0.001956, kd_logit=0.609396, kd_feat=0.003510, lite_recon=0.902699, lite_kl=0.767976, lite_ce=0.781458, lite_acc=0.742188, mix_alpha=0.5556701030927834
epoch=78 test: acc=0.837119, f1=0.457274, auc=0.949199, bac=0.422535, sens=0.422535, spec=0.960329
epoch=78 val: acc=0.835998, f1=0.431656, auc=0.957118, bac=0.407006, sens=0.407006, spec=0.959262
epoch=78 mix_test(alpha=0.556): acc=0.801755, f1=0.397349, auc=0.932941, bac=0.369018, sens=0.369018, spec=0.946010
epoch=78 mix_val(alpha=0.556): acc=0.803507, f1=0.392367, auc=0.940976, bac=0.369158, sens=0.369158, spec=0.946744
epoch=78 iter=18 train: total=0.914759, prob=0.000000, batch=0.000000, channel=0.000000, cls=0.655336, gauss=0.000000, aux_recon=1.031174, aux_kl=0.002017, kd_logit=0.675398, kd_feat=0.003542, lite_recon=0.862227, lite_kl=0.725823, lite_ce=0.791170, lite_acc=0.710938, mix_alpha=0.5556701030927834
epoch=78 test: acc=0.837636, f1=0.447723, auc=0.948884, bac=0.416812, sens=0.416812, spec=0.960139
epoch=78 val: acc=0.837545, f1=0.433268, auc=0.956956, bac=0.406684, sens=0.406684, spec=0.958877
epoch=78 mix_test(alpha=0.556): acc=0.806660, f1=0.401088, auc=0.935460, bac=0.372212, sens=0.372212, spec=0.947143
epoch=78 mix_val(alpha=0.556): acc=0.810211, f1=0.377027, auc=0.939191, bac=0.358538, sens=0.358538, spec=0.947597
epoch=79 iter=2 train: total=0.910837, prob=0.000000, batch=0.000000, channel=0.000000, cls=0.742213, gauss=0.000000, aux_recon=0.969318, aux_kl=0.001826, kd_logit=0.663714, kd_feat=0.003538, lite_recon=0.834209, lite_kl=0.709995, lite_ce=0.806539, lite_acc=0.726562, mix_alpha=0.5628865979381443
epoch=79 test: acc=0.837119, f1=0.459210, auc=0.949051, bac=0.426335, sens=0.426335, spec=0.960295
epoch=79 val: acc=0.835998, f1=0.430899, auc=0.957367, bac=0.405544, sens=0.405544, spec=0.958807
epoch=79 mix_test(alpha=0.563): acc=0.800207, f1=0.358034, auc=0.935204, bac=0.347748, sens=0.347748, spec=0.945919
epoch=79 mix_val(alpha=0.563): acc=0.809696, f1=0.384627, auc=0.942186, bac=0.364581, sens=0.364581, spec=0.947260
epoch=79 iter=12 train: total=0.881308, prob=0.000000, batch=0.000000, channel=0.000000, cls=0.649379, gauss=0.000000, aux_recon=1.038665, aux_kl=0.002061, kd_logit=0.668704, kd_feat=0.003520, lite_recon=0.862932, lite_kl=0.733111, lite_ce=0.730557, lite_acc=0.703125, mix_alpha=0.5628865979381443
epoch=79 test: acc=0.837377, f1=0.450986, auc=0.948723, bac=0.418310, sens=0.418310, spec=0.959513
epoch=79 val: acc=0.838061, f1=0.431279, auc=0.957003, bac=0.403896, sens=0.403896, spec=0.958510
epoch=79 mix_test(alpha=0.563): acc=0.799174, f1=0.341204, auc=0.930982, bac=0.331050, sens=0.331050, spec=0.944419
epoch=79 mix_val(alpha=0.563): acc=0.805054, f1=0.380475, auc=0.937800, bac=0.358905, sens=0.358905, spec=0.945062
epoch=79 iter=22 train: total=1.018154, prob=0.000000, batch=0.000000, channel=0.000000, cls=0.744911, gauss=0.000000, aux_recon=1.008870, aux_kl=0.001988, kd_logit=0.704541, kd_feat=0.003531, lite_recon=0.849310, lite_kl=0.816261, lite_ce=0.972185, lite_acc=0.687500, mix_alpha=0.5628865979381443
epoch=79 test: acc=0.837377, f1=0.445745, auc=0.948465, bac=0.415100, sens=0.415100, spec=0.960443
epoch=79 val: acc=0.838061, f1=0.433013, auc=0.956408, bac=0.407102, sens=0.407102, spec=0.959419
epoch=79 mix_test(alpha=0.563): acc=0.798400, f1=0.369272, auc=0.933151, bac=0.347458, sens=0.347458, spec=0.945885
epoch=79 mix_val(alpha=0.563): acc=0.805570, f1=0.379654, auc=0.940002, bac=0.360125, sens=0.360125, spec=0.947115
epoch=80 iter=6 train: total=0.905676, prob=0.000000, batch=0.000000, channel=0.000000, cls=0.697923, gauss=0.000000, aux_recon=1.008734, aux_kl=0.001956, kd_logit=0.657820, kd_feat=0.003533, lite_recon=0.911199, lite_kl=0.684820, lite_ce=0.771822, lite_acc=0.710938, mix_alpha=0.5701030927835051
epoch=80 test: acc=0.835570, f1=0.441021, auc=0.948679, bac=0.409022, sens=0.409022, spec=0.959065
epoch=80 val: acc=0.839608, f1=0.433102, auc=0.956816, bac=0.405036, sens=0.405036, spec=0.958720
epoch=80 mix_test(alpha=0.570): acc=0.797367, f1=0.377485, auc=0.926855, bac=0.353763, sens=0.353763, spec=0.944326
epoch=80 mix_val(alpha=0.570): acc=0.798865, f1=0.362476, auc=0.930276, bac=0.343694, sens=0.343694, spec=0.944733
epoch=80 iter=16 train: total=0.802745, prob=0.000000, batch=0.000000, channel=0.000000, cls=0.697398, gauss=0.000000, aux_recon=0.952133, aux_kl=0.001858, kd_logit=0.557926, kd_feat=0.003523, lite_recon=0.776485, lite_kl=0.691936, lite_ce=0.719608, lite_acc=0.742188, mix_alpha=0.5701030927835051
epoch=80 test: acc=0.837894, f1=0.449832, auc=0.948831, bac=0.417431, sens=0.417431, spec=0.960114
epoch=80 val: acc=0.837029, f1=0.432973, auc=0.956820, bac=0.406257, sens=0.406257, spec=0.958799
epoch=80 mix_test(alpha=0.570): acc=0.804595, f1=0.378275, auc=0.933583, bac=0.353787, sens=0.353787, spec=0.946881
epoch=80 mix_val(alpha=0.570): acc=0.804538, f1=0.381210, auc=0.940342, bac=0.363118, sens=0.363118, spec=0.946922
epoch=80 iter=26 train: total=0.841908, prob=0.000000, batch=0.000000, channel=0.000000, cls=0.653966, gauss=0.000000, aux_recon=1.029301, aux_kl=0.001968, kd_logit=0.608760, kd_feat=0.003531, lite_recon=0.854325, lite_kl=0.728993, lite_ce=0.715214, lite_acc=0.710938, mix_alpha=0.5701030927835051
epoch=80 test: acc=0.837894, f1=0.449860, auc=0.948703, bac=0.417120, sens=0.417120, spec=0.960217
epoch=80 val: acc=0.836514, f1=0.431910, auc=0.956486, bac=0.405019, sens=0.405019, spec=0.958607
epoch=80 mix_test(alpha=0.570): acc=0.800207, f1=0.374232, auc=0.932941, bac=0.350504, sens=0.350504, spec=0.944534
epoch=80 mix_val(alpha=0.570): acc=0.813822, f1=0.380358, auc=0.941167, bac=0.363066, sens=0.363066, spec=0.948843
epoch=81 iter=10 train: total=0.888196, prob=0.000000, batch=0.000000, channel=0.000000, cls=0.704325, gauss=0.000000, aux_recon=1.004205, aux_kl=0.001953, kd_logit=0.607123, kd_feat=0.003527, lite_recon=0.820238, lite_kl=0.772132, lite_ce=0.822205, lite_acc=0.718750, mix_alpha=0.5773195876288659
epoch=81 test: acc=0.836087, f1=0.447841, auc=0.948364, bac=0.416842, sens=0.416842, spec=0.960391
epoch=81 val: acc=0.839608, f1=0.434821, auc=0.956183, bac=0.409100, sens=0.409100, spec=0.959877
epoch=81 mix_test(alpha=0.577): acc=0.802530, f1=0.380405, auc=0.930831, bac=0.358609, sens=0.358609, spec=0.946055
epoch=81 mix_val(alpha=0.577): acc=0.796287, f1=0.375381, auc=0.925878, bac=0.358721, sens=0.358721, spec=0.945467
epoch=81 iter=20 train: total=0.791730, prob=0.000000, batch=0.000000, channel=0.000000, cls=0.685942, gauss=0.000000, aux_recon=0.937757, aux_kl=0.001823, kd_logit=0.570914, kd_feat=0.003523, lite_recon=0.818957, lite_kl=0.751464, lite_ce=0.666410, lite_acc=0.757812, mix_alpha=0.5773195876288659
epoch=81 test: acc=0.838926, f1=0.450340, auc=0.948839, bac=0.416748, sens=0.416748, spec=0.960058
epoch=81 val: acc=0.838577, f1=0.433120, auc=0.956498, bac=0.406021, sens=0.406021, spec=0.958911
epoch=81 mix_test(alpha=0.577): acc=0.795818, f1=0.358143, auc=0.932891, bac=0.339978, sens=0.339978, spec=0.943682
epoch=81 mix_val(alpha=0.577): acc=0.804023, f1=0.370053, auc=0.934159, bac=0.352455, sens=0.352455, spec=0.945402
epoch=82 iter=4 train: total=0.848059, prob=0.000000, batch=0.000000, channel=0.000000, cls=0.624410, gauss=0.000000, aux_recon=1.008007, aux_kl=0.001974, kd_logit=0.606867, kd_feat=0.003550, lite_recon=0.834571, lite_kl=0.713423, lite_ce=0.737604, lite_acc=0.750000, mix_alpha=0.5845360824742268
epoch=82 test: acc=0.839184, f1=0.446248, auc=0.948772, bac=0.411517, sens=0.411517, spec=0.959534
epoch=82 val: acc=0.839608, f1=0.434114, auc=0.956721, bac=0.405036, sens=0.405036, spec=0.958448
epoch=82 mix_test(alpha=0.585): acc=0.798141, f1=0.331331, auc=0.930059, bac=0.321989, sens=0.321989, spec=0.943872
epoch=82 mix_val(alpha=0.585): acc=0.805054, f1=0.370206, auc=0.937744, bac=0.351413, sens=0.351413, spec=0.944717
epoch=82 iter=14 train: total=1.037905, prob=0.000000, batch=0.000000, channel=0.000000, cls=0.788093, gauss=0.000000, aux_recon=0.975001, aux_kl=0.001948, kd_logit=0.724468, kd_feat=0.003524, lite_recon=0.811220, lite_kl=0.704378, lite_ce=1.009243, lite_acc=0.664062, mix_alpha=0.5845360824742268
epoch=82 test: acc=0.837894, f1=0.457318, auc=0.949087, bac=0.422394, sens=0.422394, spec=0.960413
epoch=82 val: acc=0.837029, f1=0.430253, auc=0.956527, bac=0.406908, sens=0.406908, spec=0.959656
epoch=82 mix_test(alpha=0.585): acc=0.797367, f1=0.342444, auc=0.929586, bac=0.331431, sens=0.331431, spec=0.943867
epoch=82 mix_val(alpha=0.585): acc=0.800413, f1=0.358189, auc=0.938987, bac=0.344541, sens=0.344541, spec=0.946079
epoch=82 iter=24 train: total=0.915454, prob=0.000000, batch=0.000000, channel=0.000000, cls=0.672615, gauss=0.000000, aux_recon=1.037185, aux_kl=0.001963, kd_logit=0.577626, kd_feat=0.003531, lite_recon=0.901921, lite_kl=0.704578, lite_ce=0.874891, lite_acc=0.687500, mix_alpha=0.5845360824742268
epoch=82 test: acc=0.839959, f1=0.442345, auc=0.948739, bac=0.410671, sens=0.410671, spec=0.960474
epoch=82 val: acc=0.838577, f1=0.433882, auc=0.955764, bac=0.407066, sens=0.407066, spec=0.959475
epoch=82 mix_test(alpha=0.585): acc=0.800981, f1=0.349901, auc=0.929211, bac=0.334641, sens=0.334641, spec=0.945496
epoch=82 mix_val(alpha=0.585): acc=0.804538, f1=0.380365, auc=0.920881, bac=0.361346, sens=0.361346, spec=0.945254
epoch=83 iter=8 train: total=0.938767, prob=0.000000, batch=0.000000, channel=0.000000, cls=0.803148, gauss=0.000000, aux_recon=0.993202, aux_kl=0.001966, kd_logit=0.617847, kd_feat=0.003534, lite_recon=0.782032, lite_kl=0.705714, lite_ce=0.929227, lite_acc=0.671875, mix_alpha=0.5917525773195876
epoch=83 test: acc=0.840217, f1=0.445026, auc=0.948609, bac=0.411427, sens=0.411427, spec=0.960085
epoch=83 val: acc=0.838577, f1=0.433831, auc=0.956096, bac=0.405077, sens=0.405077, spec=0.958744
epoch=83 mix_test(alpha=0.592): acc=0.800207, f1=0.349057, auc=0.924712, bac=0.333151, sens=0.333151, spec=0.943056
epoch=83 mix_val(alpha=0.592): acc=0.804023, f1=0.366659, auc=0.932818, bac=0.344944, sens=0.344944, spec=0.944469
epoch=83 iter=18 train: total=0.851351, prob=0.000000, batch=0.000000, channel=0.000000, cls=0.717605, gauss=0.000000, aux_recon=0.977980, aux_kl=0.001945, kd_logit=0.664167, kd_feat=0.003523, lite_recon=0.776886, lite_kl=0.712024, lite_ce=0.710018, lite_acc=0.734375, mix_alpha=0.5917525773195876
epoch=83 test: acc=0.837894, f1=0.446917, auc=0.948401, bac=0.416431, sens=0.416431, spec=0.960777
epoch=83 val: acc=0.837029, f1=0.431698, auc=0.955378, bac=0.407011, sens=0.407011, spec=0.959611
epoch=83 mix_test(alpha=0.592): acc=0.802013, f1=0.358398, auc=0.929510, bac=0.344303, sens=0.344303, spec=0.946056
epoch=83 mix_val(alpha=0.592): acc=0.805570, f1=0.386941, auc=0.928633, bac=0.367118, sens=0.367118, spec=0.948237
epoch=84 iter=2 train: total=0.857315, prob=0.000000, batch=0.000000, channel=0.000000, cls=0.712460, gauss=0.000000, aux_recon=0.988098, aux_kl=0.001922, kd_logit=0.608301, kd_feat=0.003524, lite_recon=0.804156, lite_kl=0.767104, lite_ce=0.765801, lite_acc=0.734375, mix_alpha=0.5989690721649484
epoch=84 test: acc=0.837119, f1=0.446019, auc=0.948367, bac=0.414862, sens=0.414862, spec=0.960433
epoch=84 val: acc=0.837545, f1=0.433529, auc=0.955547, bac=0.407721, sens=0.407721, spec=0.959683
epoch=84 mix_test(alpha=0.599): acc=0.789623, f1=0.348676, auc=0.925562, bac=0.335107, sens=0.335107, spec=0.943025
epoch=84 mix_val(alpha=0.599): acc=0.801444, f1=0.341079, auc=0.928923, bac=0.334815, sens=0.334815, spec=0.947714
epoch=84 iter=12 train: total=0.977035, prob=0.000000, batch=0.000000, channel=0.000000, cls=0.759334, gauss=0.000000, aux_recon=0.992411, aux_kl=0.001917, kd_logit=0.666172, kd_feat=0.003538, lite_recon=0.815276, lite_kl=0.665851, lite_ce=0.944933, lite_acc=0.718750, mix_alpha=0.5989690721649484
epoch=84 test: acc=0.838410, f1=0.446259, auc=0.948661, bac=0.414822, sens=0.414822, spec=0.960509
epoch=84 val: acc=0.838061, f1=0.433329, auc=0.956573, bac=0.406969, sens=0.406969, spec=0.959418
epoch=84 mix_test(alpha=0.599): acc=0.798400, f1=0.357128, auc=0.931832, bac=0.342129, sens=0.342129, spec=0.945059
epoch=84 mix_val(alpha=0.599): acc=0.799381, f1=0.361737, auc=0.928405, bac=0.345037, sens=0.345037, spec=0.944861
epoch=84 iter=22 train: total=0.909747, prob=0.000000, batch=0.000000, channel=0.000000, cls=0.790667, gauss=0.000000, aux_recon=1.036187, aux_kl=0.002082, kd_logit=0.631796, kd_feat=0.003543, lite_recon=0.819617, lite_kl=0.711761, lite_ce=0.842072, lite_acc=0.671875, mix_alpha=0.5989690721649484
epoch=84 test: acc=0.839442, f1=0.450279, auc=0.948854, bac=0.418142, sens=0.418142, spec=0.960611
epoch=84 val: acc=0.838577, f1=0.433739, auc=0.956877, bac=0.407679, sens=0.407679, spec=0.959502
epoch=84 mix_test(alpha=0.599): acc=0.800981, f1=0.364376, auc=0.928184, bac=0.349117, sens=0.349117, spec=0.945941
epoch=84 mix_val(alpha=0.599): acc=0.797834, f1=0.366101, auc=0.928830, bac=0.350137, sens=0.350137, spec=0.944829
epoch=85 iter=6 train: total=0.902850, prob=0.000000, batch=0.000000, channel=0.000000, cls=0.787494, gauss=0.000000, aux_recon=1.034789, aux_kl=0.001968, kd_logit=0.603148, kd_feat=0.003512, lite_recon=0.863280, lite_kl=0.715770, lite_ce=0.839413, lite_acc=0.718750, mix_alpha=0.6061855670103092
epoch=85 test: acc=0.839701, f1=0.444172, auc=0.948463, bac=0.411180, sens=0.411180, spec=0.960356
epoch=85 val: acc=0.838577, f1=0.434076, auc=0.955445, bac=0.405360, sens=0.405360, spec=0.958855
epoch=85 mix_test(alpha=0.606): acc=0.799432, f1=0.348408, auc=0.925345, bac=0.335227, sens=0.335227, spec=0.944665
epoch=85 mix_val(alpha=0.606): acc=0.795771, f1=0.347294, auc=0.939494, bac=0.333210, sens=0.333210, spec=0.944221
epoch=85 iter=16 train: total=0.954992, prob=0.000000, batch=0.000000, channel=0.000000, cls=0.766856, gauss=0.000000, aux_recon=0.988373, aux_kl=0.001936, kd_logit=0.696996, kd_feat=0.003531, lite_recon=0.812992, lite_kl=0.703141, lite_ce=0.870197, lite_acc=0.718750, mix_alpha=0.6061855670103092
epoch=85 test: acc=0.839442, f1=0.441658, auc=0.948554, bac=0.409296, sens=0.409296, spec=0.960092
epoch=85 val: acc=0.838061, f1=0.433889, auc=0.956028, bac=0.405263, sens=0.405263, spec=0.958778
epoch=85 mix_test(alpha=0.606): acc=0.798658, f1=0.354987, auc=0.926865, bac=0.338949, sens=0.338949, spec=0.944332
epoch=85 mix_val(alpha=0.606): acc=0.797834, f1=0.370811, auc=0.932012, bac=0.349006, sens=0.349006, spec=0.943061
epoch=85 iter=26 train: total=0.928721, prob=0.000000, batch=0.000000, channel=0.000000, cls=0.740442, gauss=0.000000, aux_recon=1.021308, aux_kl=0.001973, kd_logit=0.687686, kd_feat=0.003509, lite_recon=0.855558, lite_kl=0.763451, lite_ce=0.808754, lite_acc=0.703125, mix_alpha=0.6061855670103092
epoch=85 test: acc=0.838668, f1=0.442816, auc=0.948643, bac=0.411745, sens=0.411745, spec=0.960537
epoch=85 val: acc=0.837545, f1=0.433250, auc=0.956025, bac=0.405779, sens=0.405779, spec=0.958959
epoch=85 mix_test(alpha=0.606): acc=0.796076, f1=0.378729, auc=0.928669, bac=0.355823, sens=0.355823, spec=0.944442
epoch=85 mix_val(alpha=0.606): acc=0.800413, f1=0.389711, auc=0.939008, bac=0.364329, sens=0.364329, spec=0.943378
epoch=86 iter=10 train: total=0.861104, prob=0.000000, batch=0.000000, channel=0.000000, cls=0.732258, gauss=0.000000, aux_recon=1.007273, aux_kl=0.001928, kd_logit=0.566735, kd_feat=0.003521, lite_recon=0.855795, lite_kl=0.734379, lite_ce=0.794948, lite_acc=0.695312, mix_alpha=0.61340206185567
epoch=86 test: acc=0.838668, f1=0.444322, auc=0.948577, bac=0.411571, sens=0.411571, spec=0.960116
epoch=86 val: acc=0.837029, f1=0.433241, auc=0.955968, bac=0.404503, sens=0.404503, spec=0.958397
epoch=86 mix_test(alpha=0.613): acc=0.788074, f1=0.336706, auc=0.927005, bac=0.326643, sens=0.326643, spec=0.941451
epoch=86 mix_val(alpha=0.613): acc=0.802991, f1=0.374680, auc=0.938293, bac=0.353798, sens=0.353798, spec=0.943328
epoch=86 iter=20 train: total=0.897283, prob=0.000000, batch=0.000000, channel=0.000000, cls=0.771660, gauss=0.000000, aux_recon=0.987330, aux_kl=0.001894, kd_logit=0.599400, kd_feat=0.003532, lite_recon=0.893277, lite_kl=0.757312, lite_ce=0.819177, lite_acc=0.679688, mix_alpha=0.61340206185567
epoch=86 test: acc=0.837119, f1=0.448212, auc=0.949029, bac=0.414283, sens=0.414283, spec=0.959084
epoch=86 val: acc=0.840124, f1=0.434167, auc=0.956955, bac=0.404850, sens=0.404850, spec=0.958412
epoch=86 mix_test(alpha=0.613): acc=0.790656, f1=0.326373, auc=0.926479, bac=0.315336, sens=0.315336, spec=0.941403
epoch=86 mix_val(alpha=0.613): acc=0.797318, f1=0.321958, auc=0.933764, bac=0.316137, sens=0.316137, spec=0.944393
epoch=87 iter=4 train: total=0.976692, prob=0.000000, batch=0.000000, channel=0.000000, cls=0.837288, gauss=0.000000, aux_recon=1.040788, aux_kl=0.002031, kd_logit=0.612781, kd_feat=0.003522, lite_recon=0.851982, lite_kl=0.719367, lite_ce=0.981900, lite_acc=0.632812, mix_alpha=0.6206185567010308
epoch=87 test: acc=0.838410, f1=0.439850, auc=0.948457, bac=0.407966, sens=0.407966, spec=0.959854
epoch=87 val: acc=0.839092, f1=0.433707, auc=0.955953, bac=0.404939, sens=0.404939, spec=0.958492
epoch=87 mix_test(alpha=0.621): acc=0.788332, f1=0.354220, auc=0.924269, bac=0.336213, sens=0.336213, spec=0.941302
epoch=87 mix_val(alpha=0.621): acc=0.786488, f1=0.333139, auc=0.918407, bac=0.325728, sens=0.325728, spec=0.940662
epoch=87 iter=14 train: total=0.942968, prob=0.000000, batch=0.000000, channel=0.000000, cls=0.746451, gauss=0.000000, aux_recon=1.055581, aux_kl=0.002061, kd_logit=0.700848, kd_feat=0.003540, lite_recon=0.844083, lite_kl=0.766463, lite_ce=0.828586, lite_acc=0.718750, mix_alpha=0.6206185567010308
epoch=87 test: acc=0.838668, f1=0.443628, auc=0.948277, bac=0.411560, sens=0.411560, spec=0.960247
epoch=87 val: acc=0.837029, f1=0.432563, auc=0.955367, bac=0.405399, sens=0.405399, spec=0.958671
epoch=87 mix_test(alpha=0.621): acc=0.794786, f1=0.346330, auc=0.929626, bac=0.334210, sens=0.334210, spec=0.943111
epoch=87 mix_val(alpha=0.621): acc=0.798350, f1=0.327836, auc=0.930889, bac=0.322925, sens=0.322925, spec=0.944829
epoch=87 iter=24 train: total=0.845664, prob=0.000000, batch=0.000000, channel=0.000000, cls=0.773214, gauss=0.000000, aux_recon=0.966406, aux_kl=0.001852, kd_logit=0.551090, kd_feat=0.003528, lite_recon=0.851436, lite_kl=0.764853, lite_ce=0.780838, lite_acc=0.703125, mix_alpha=0.6206185567010308
epoch=87 test: acc=0.836603, f1=0.445052, auc=0.948636, bac=0.415732, sens=0.415732, spec=0.960542
epoch=87 val: acc=0.837545, f1=0.433151, auc=0.956764, bac=0.408146, sens=0.408146, spec=0.959597
epoch=87 mix_test(alpha=0.621): acc=0.783944, f1=0.325996, auc=0.929529, bac=0.319681, sens=0.319681, spec=0.941397
epoch=87 mix_val(alpha=0.621): acc=0.792677, f1=0.363576, auc=0.935381, bac=0.348131, sens=0.348131, spec=0.942856
epoch=88 iter=8 train: total=0.813412, prob=0.000000, batch=0.000000, channel=0.000000, cls=0.724596, gauss=0.000000, aux_recon=1.008864, aux_kl=0.001929, kd_logit=0.589548, kd_feat=0.003529, lite_recon=0.835839, lite_kl=0.732002, lite_ce=0.684772, lite_acc=0.734375, mix_alpha=0.6278350515463917
epoch=88 test: acc=0.835829, f1=0.448115, auc=0.948492, bac=0.418547, sens=0.418547, spec=0.960600
epoch=88 val: acc=0.838061, f1=0.433081, auc=0.956211, bac=0.409092, sens=0.409092, spec=0.960158
epoch=88 mix_test(alpha=0.628): acc=0.788591, f1=0.339616, auc=0.928730, bac=0.332718, sens=0.332718, spec=0.943552
epoch=88 mix_val(alpha=0.628): acc=0.793708, f1=0.343073, auc=0.930683, bac=0.335963, sens=0.335963, spec=0.944997
epoch=88 iter=18 train: total=0.893639, prob=0.000000, batch=0.000000, channel=0.000000, cls=0.782778, gauss=0.000000, aux_recon=1.007302, aux_kl=0.001941, kd_logit=0.685009, kd_feat=0.003531, lite_recon=0.800337, lite_kl=0.732750, lite_ce=0.763948, lite_acc=0.734375, mix_alpha=0.6278350515463917
epoch=88 test: acc=0.838668, f1=0.442983, auc=0.948964, bac=0.410491, sens=0.410491, spec=0.959947
epoch=88 val: acc=0.837029, f1=0.432980, auc=0.956713, bac=0.405164, sens=0.405164, spec=0.958424
epoch=88 mix_test(alpha=0.628): acc=0.793495, f1=0.385819, auc=0.922984, bac=0.358901, sens=0.358901, spec=0.942712
epoch=88 mix_val(alpha=0.628): acc=0.794224, f1=0.375701, auc=0.937606, bac=0.357208, sens=0.357208, spec=0.942532
epoch=89 iter=2 train: total=0.869851, prob=0.000000, batch=0.000000, channel=0.000000, cls=0.740692, gauss=0.000000, aux_recon=1.038113, aux_kl=0.002077, kd_logit=0.642253, kd_feat=0.003503, lite_recon=0.833193, lite_kl=0.711126, lite_ce=0.746446, lite_acc=0.757812, mix_alpha=0.6350515463917525
epoch=89 test: acc=0.839701, f1=0.447435, auc=0.948538, bac=0.414334, sens=0.414334, spec=0.960338
epoch=89 val: acc=0.838577, f1=0.433372, auc=0.956392, bac=0.405973, sens=0.405973, spec=0.959016
epoch=89 mix_test(alpha=0.635): acc=0.789107, f1=0.367984, auc=0.927208, bac=0.344704, sens=0.344704, spec=0.942292
epoch=89 mix_val(alpha=0.635): acc=0.792677, f1=0.367024, auc=0.907373, bac=0.349051, sens=0.349051, spec=0.941195
epoch=89 iter=12 train: total=0.830600, prob=0.000000, batch=0.000000, channel=0.000000, cls=0.782686, gauss=0.000000, aux_recon=1.007068, aux_kl=0.001872, kd_logit=0.583770, kd_feat=0.003523, lite_recon=0.865017, lite_kl=0.813775, lite_ce=0.711625, lite_acc=0.789062, mix_alpha=0.6350515463917525
epoch=89 test: acc=0.838410, f1=0.447544, auc=0.948840, bac=0.415680, sens=0.415680, spec=0.960402
epoch=89 val: acc=0.838061, f1=0.433987, auc=0.956257, bac=0.407300, sens=0.407300, spec=0.959284
epoch=89 mix_test(alpha=0.635): acc=0.788074, f1=0.380044, auc=0.907833, bac=0.354603, sens=0.354603, spec=0.941342
epoch=89 mix_val(alpha=0.635): acc=0.783394, f1=0.330674, auc=0.933615, bac=0.321290, sens=0.321290, spec=0.940599
epoch=89 iter=22 train: total=0.848450, prob=0.000000, batch=0.000000, channel=0.000000, cls=0.790253, gauss=0.000000, aux_recon=0.991442, aux_kl=0.001927, kd_logit=0.624729, kd_feat=0.003525, lite_recon=0.824846, lite_kl=0.635776, lite_ce=0.725992, lite_acc=0.765625, mix_alpha=0.6350515463917525
epoch=89 test: acc=0.837894, f1=0.436213, auc=0.948522, bac=0.407082, sens=0.407082, spec=0.960455
epoch=89 val: acc=0.838061, f1=0.432869, auc=0.956078, bac=0.406489, sens=0.406489, spec=0.959190
epoch=89 mix_test(alpha=0.635): acc=0.786526, f1=0.326205, auc=0.919481, bac=0.319146, sens=0.319146, spec=0.942057
epoch=89 mix_val(alpha=0.635): acc=0.791129, f1=0.362299, auc=0.931690, bac=0.346558, sens=0.346558, spec=0.942141
epoch=90 iter=6 train: total=0.776989, prob=0.000000, batch=0.000000, channel=0.000000, cls=0.737284, gauss=0.000000, aux_recon=1.032646, aux_kl=0.002035, kd_logit=0.615054, kd_feat=0.003523, lite_recon=0.851392, lite_kl=0.716568, lite_ce=0.580514, lite_acc=0.804688, mix_alpha=0.6422680412371133
epoch=90 test: acc=0.839184, f1=0.439752, auc=0.948668, bac=0.409267, sens=0.409267, spec=0.960378
epoch=90 val: acc=0.838577, f1=0.434384, auc=0.956325, bac=0.406501, sens=0.406501, spec=0.959107
epoch=90 mix_test(alpha=0.642): acc=0.790656, f1=0.368990, auc=0.906394, bac=0.345744, sens=0.345744, spec=0.942517
epoch=90 mix_val(alpha=0.642): acc=0.792677, f1=0.333354, auc=0.929535, bac=0.323607, sens=0.323607, spec=0.943521
epoch=90 iter=16 train: total=0.985404, prob=0.000000, batch=0.000000, channel=0.000000, cls=0.814058, gauss=0.000000, aux_recon=0.988905, aux_kl=0.001894, kd_logit=0.684539, kd_feat=0.003522, lite_recon=0.834398, lite_kl=0.715024, lite_ce=0.934689, lite_acc=0.617188, mix_alpha=0.6422680412371133
epoch=90 test: acc=0.839959, f1=0.439724, auc=0.948817, bac=0.406542, sens=0.406542, spec=0.959870
epoch=90 val: acc=0.838577, f1=0.433333, auc=0.956566, bac=0.404511, sens=0.404511, spec=0.958640
epoch=90 mix_test(alpha=0.642): acc=0.786009, f1=0.339873, auc=0.926292, bac=0.327696, sens=0.327696, spec=0.939649
epoch=90 mix_val(alpha=0.642): acc=0.783909, f1=0.344174, auc=0.925977, bac=0.330654, sens=0.330654, spec=0.939026
epoch=90 iter=26 train: total=0.970321, prob=0.000000, batch=0.000000, channel=0.000000, cls=0.807565, gauss=0.000000, aux_recon=1.043069, aux_kl=0.001972, kd_logit=0.623771, kd_feat=0.003519, lite_recon=0.885196, lite_kl=0.765918, lite_ce=0.943955, lite_acc=0.679688, mix_alpha=0.6422680412371133
epoch=90 test: acc=0.838410, f1=0.444455, auc=0.949070, bac=0.413124, sens=0.413124, spec=0.960446
epoch=90 val: acc=0.838061, f1=0.433737, auc=0.956520, bac=0.406686, sens=0.406686, spec=0.959174
epoch=90 mix_test(alpha=0.642): acc=0.788074, f1=0.339037, auc=0.916913, bac=0.330287, sens=0.330287, spec=0.941467
epoch=90 mix_val(alpha=0.642): acc=0.793708, f1=0.333892, auc=0.916285, bac=0.330452, sens=0.330452, spec=0.943822
epoch=91 iter=10 train: total=0.795106, prob=0.000000, batch=0.000000, channel=0.000000, cls=0.815454, gauss=0.000000, aux_recon=0.980464, aux_kl=0.001923, kd_logit=0.547689, kd_feat=0.003527, lite_recon=0.797677, lite_kl=0.722100, lite_ce=0.705484, lite_acc=0.710938, mix_alpha=0.6494845360824743
epoch=91 test: acc=0.839959, f1=0.447546, auc=0.949050, bac=0.415566, sens=0.415566, spec=0.960451
epoch=91 val: acc=0.837029, f1=0.433212, auc=0.956798, bac=0.405926, sens=0.405926, spec=0.958783
epoch=91 mix_test(alpha=0.649): acc=0.781363, f1=0.337535, auc=0.926679, bac=0.327060, sens=0.327060, spec=0.939437
epoch=91 mix_val(alpha=0.649): acc=0.788035, f1=0.347958, auc=0.919301, bac=0.338946, sens=0.338946, spec=0.942073
epoch=91 iter=20 train: total=0.914830, prob=0.000000, batch=0.000000, channel=0.000000, cls=0.779870, gauss=0.000000, aux_recon=0.981908, aux_kl=0.001896, kd_logit=0.719172, kd_feat=0.003512, lite_recon=0.806544, lite_kl=0.743534, lite_ce=0.769487, lite_acc=0.734375, mix_alpha=0.6494845360824743
epoch=91 test: acc=0.836861, f1=0.435453, auc=0.948439, bac=0.406859, sens=0.406859, spec=0.960450
epoch=91 val: acc=0.838577, f1=0.434142, auc=0.955594, bac=0.408245, sens=0.408245, spec=0.959832
epoch=91 mix_test(alpha=0.649): acc=0.788074, f1=0.354212, auc=0.908640, bac=0.341615, sens=0.341615, spec=0.943408
epoch=91 mix_val(alpha=0.649): acc=0.791129, f1=0.368489, auc=0.935568, bac=0.350534, sens=0.350534, spec=0.942805
epoch=92 iter=4 train: total=0.912729, prob=0.000000, batch=0.000000, channel=0.000000, cls=0.786294, gauss=0.000000, aux_recon=0.960194, aux_kl=0.001878, kd_logit=0.679548, kd_feat=0.003517, lite_recon=0.843538, lite_kl=0.758517, lite_ce=0.789808, lite_acc=0.687500, mix_alpha=0.656701030927835
epoch=92 test: acc=0.839184, f1=0.447030, auc=0.948605, bac=0.414948, sens=0.414948, spec=0.960452
epoch=92 val: acc=0.838061, f1=0.432770, auc=0.956240, bac=0.406159, sens=0.406159, spec=0.959186
epoch=92 mix_test(alpha=0.657): acc=0.782912, f1=0.328754, auc=0.911674, bac=0.321740, sens=0.321740, spec=0.940257
epoch=92 mix_val(alpha=0.657): acc=0.788551, f1=0.363690, auc=0.914054, bac=0.349586, sens=0.349586, spec=0.941388
epoch=92 iter=14 train: total=0.866974, prob=0.000000, batch=0.000000, channel=0.000000, cls=0.870881, gauss=0.000000, aux_recon=0.981913, aux_kl=0.001921, kd_logit=0.645478, kd_feat=0.003535, lite_recon=0.806546, lite_kl=0.698604, lite_ce=0.748345, lite_acc=0.687500, mix_alpha=0.656701030927835
epoch=92 test: acc=0.837894, f1=0.448942, auc=0.948369, bac=0.417187, sens=0.417187, spec=0.960229
epoch=92 val: acc=0.838577, f1=0.433705, auc=0.956604, bac=0.407444, sens=0.407444, spec=0.959382
epoch=92 mix_test(alpha=0.657): acc=0.781363, f1=0.337510, auc=0.897719, bac=0.328292, sens=0.328292, spec=0.940184
epoch=92 mix_val(alpha=0.657): acc=0.783909, f1=0.379539, auc=0.931644, bac=0.360646, sens=0.360646, spec=0.940557
epoch=92 iter=24 train: total=0.864931, prob=0.000000, batch=0.000000, channel=0.000000, cls=0.748215, gauss=0.000000, aux_recon=0.947367, aux_kl=0.001839, kd_logit=0.702493, kd_feat=0.003516, lite_recon=0.824776, lite_kl=0.742205, lite_ce=0.679098, lite_acc=0.773438, mix_alpha=0.656701030927835
epoch=92 test: acc=0.839701, f1=0.450153, auc=0.949007, bac=0.418006, sens=0.418006, spec=0.960636
epoch=92 val: acc=0.838577, f1=0.432319, auc=0.956483, bac=0.407066, sens=0.407066, spec=0.959498
epoch=92 mix_test(alpha=0.657): acc=0.783170, f1=0.332394, auc=0.909061, bac=0.325632, sens=0.325632, spec=0.939945
epoch=92 mix_val(alpha=0.657): acc=0.786488, f1=0.357214, auc=0.934729, bac=0.345058, sens=0.345058, spec=0.940202
epoch=93 iter=8 train: total=0.980530, prob=0.000000, batch=0.000000, channel=0.000000, cls=0.925267, gauss=0.000000, aux_recon=1.030889, aux_kl=0.001943, kd_logit=0.629732, kd_feat=0.003498, lite_recon=0.916585, lite_kl=0.809299, lite_ce=0.945010, lite_acc=0.656250, mix_alpha=0.6639175257731958
epoch=93 test: acc=0.838152, f1=0.448539, auc=0.948816, bac=0.416881, sens=0.416881, spec=0.960370
epoch=93 val: acc=0.837545, f1=0.429511, auc=0.956464, bac=0.405449, sens=0.405449, spec=0.959241
epoch=93 mix_test(alpha=0.664): acc=0.787558, f1=0.335672, auc=0.917849, bac=0.324879, sens=0.324879, spec=0.942333
epoch=93 mix_val(alpha=0.664): acc=0.785972, f1=0.349359, auc=0.917941, bac=0.339476, sens=0.339476, spec=0.941760
epoch=93 iter=18 train: total=0.975252, prob=0.000000, batch=0.000000, channel=0.000000, cls=0.835227, gauss=0.000000, aux_recon=0.966754, aux_kl=0.001891, kd_logit=0.749864, kd_feat=0.003522, lite_recon=0.822132, lite_kl=0.686721, lite_ce=0.854530, lite_acc=0.687500, mix_alpha=0.6639175257731958
epoch=93 test: acc=0.838926, f1=0.450294, auc=0.948900, bac=0.416446, sens=0.416446, spec=0.959751
epoch=93 val: acc=0.838577, f1=0.433855, auc=0.956796, bac=0.406265, sens=0.406265, spec=0.958783
epoch=93 mix_test(alpha=0.664): acc=0.780072, f1=0.332382, auc=0.915016, bac=0.322082, sens=0.322082, spec=0.938947
epoch=93 mix_val(alpha=0.664): acc=0.782878, f1=0.339987, auc=0.915148, bac=0.326502, sens=0.326502, spec=0.940998
epoch=94 iter=2 train: total=0.880303, prob=0.000000, batch=0.000000, channel=0.000000, cls=0.878971, gauss=0.000000, aux_recon=1.039016, aux_kl=0.002054, kd_logit=0.673946, kd_feat=0.003533, lite_recon=0.821206, lite_kl=0.716196, lite_ce=0.740321, lite_acc=0.773438, mix_alpha=0.6711340206185566
epoch=94 test: acc=0.838152, f1=0.449424, auc=0.948882, bac=0.416410, sens=0.416410, spec=0.959842
epoch=94 val: acc=0.837545, f1=0.432882, auc=0.956845, bac=0.405835, sens=0.405835, spec=0.958649
epoch=94 mix_test(alpha=0.671): acc=0.780330, f1=0.353770, auc=0.909105, bac=0.336267, sens=0.336267, spec=0.940304
epoch=94 mix_val(alpha=0.671): acc=0.780299, f1=0.336150, auc=0.921816, bac=0.326272, sens=0.326272, spec=0.940342
epoch=94 iter=12 train: total=0.868407, prob=0.000000, batch=0.000000, channel=0.000000, cls=0.794496, gauss=0.000000, aux_recon=0.990715, aux_kl=0.001876, kd_logit=0.677770, kd_feat=0.003520, lite_recon=0.820666, lite_kl=0.776033, lite_ce=0.711737, lite_acc=0.726562, mix_alpha=0.6711340206185566
epoch=94 test: acc=0.837119, f1=0.449323, auc=0.948853, bac=0.418441, sens=0.418441, spec=0.960476
epoch=94 val: acc=0.837545, f1=0.433135, auc=0.956041, bac=0.408146, sens=0.408146, spec=0.959482
epoch=94 mix_test(alpha=0.671): acc=0.774393, f1=0.368643, auc=0.897589, bac=0.348995, sens=0.348995, spec=0.939016
epoch=94 mix_val(alpha=0.671): acc=0.782362, f1=0.394367, auc=0.906603, bac=0.369425, sens=0.369425, spec=0.941234
epoch=94 iter=22 train: total=0.973593, prob=0.000000, batch=0.000000, channel=0.000000, cls=0.791823, gauss=0.000000, aux_recon=1.076241, aux_kl=0.002060, kd_logit=0.716856, kd_feat=0.003540, lite_recon=0.897347, lite_kl=0.760576, lite_ce=0.852640, lite_acc=0.750000, mix_alpha=0.6711340206185566
epoch=94 test: acc=0.836345, f1=0.442077, auc=0.948976, bac=0.412892, sens=0.412892, spec=0.960754
epoch=94 val: acc=0.840124, f1=0.435397, auc=0.956168, bac=0.410046, sens=0.410046, spec=0.960297
epoch=94 mix_test(alpha=0.671): acc=0.783686, f1=0.333088, auc=0.915265, bac=0.326849, sens=0.326849, spec=0.941046
epoch=94 mix_val(alpha=0.671): acc=0.781846, f1=0.351837, auc=0.918254, bac=0.335329, sens=0.335329, spec=0.941052
epoch=95 iter=6 train: total=0.897624, prob=0.000000, batch=0.000000, channel=0.000000, cls=0.858792, gauss=0.000000, aux_recon=0.998050, aux_kl=0.001901, kd_logit=0.678900, kd_feat=0.003499, lite_recon=0.830075, lite_kl=0.757070, lite_ce=0.765677, lite_acc=0.679688, mix_alpha=0.6783505154639174
epoch=95 test: acc=0.841766, f1=0.446939, auc=0.948832, bac=0.412293, sens=0.412293, spec=0.959949
epoch=95 val: acc=0.838577, f1=0.432110, auc=0.956410, bac=0.403898, sens=0.403898, spec=0.958292
epoch=95 mix_test(alpha=0.678): acc=0.775168, f1=0.319002, auc=0.899286, bac=0.311596, sens=0.311596, spec=0.937998
epoch=95 mix_val(alpha=0.678): acc=0.778752, f1=0.314505, auc=0.910248, bac=0.313239, sens=0.313239, spec=0.938782
epoch=95 iter=16 train: total=0.885862, prob=0.000000, batch=0.000000, channel=0.000000, cls=0.775906, gauss=0.000000, aux_recon=0.933728, aux_kl=0.001837, kd_logit=0.630720, kd_feat=0.003529, lite_recon=0.799970, lite_kl=0.680328, lite_ce=0.803880, lite_acc=0.703125, mix_alpha=0.6783505154639174
epoch=95 test: acc=0.839184, f1=0.446954, auc=0.948571, bac=0.414354, sens=0.414354, spec=0.960364
epoch=95 val: acc=0.838061, f1=0.434197, auc=0.955982, bac=0.406403, sens=0.406403, spec=0.959029
epoch=95 mix_test(alpha=0.678): acc=0.776200, f1=0.325560, auc=0.913892, bac=0.316945, sens=0.316945, spec=0.938812
epoch=95 mix_val(alpha=0.678): acc=0.780815, f1=0.357697, auc=0.920513, bac=0.342832, sens=0.342832, spec=0.941426
epoch=95 iter=26 train: total=0.868682, prob=0.000000, batch=0.000000, channel=0.000000, cls=0.827758, gauss=0.000000, aux_recon=0.960813, aux_kl=0.001855, kd_logit=0.607425, kd_feat=0.003529, lite_recon=0.831532, lite_kl=0.678443, lite_ce=0.780230, lite_acc=0.687500, mix_alpha=0.6783505154639174
epoch=95 test: acc=0.835829, f1=0.438015, auc=0.948819, bac=0.409740, sens=0.409740, spec=0.960292
epoch=95 val: acc=0.839608, f1=0.434717, auc=0.956633, bac=0.409383, sens=0.409383, spec=0.960004
epoch=95 mix_test(alpha=0.678): acc=0.778523, f1=0.340573, auc=0.910948, bac=0.334234, sens=0.334234, spec=0.940056
epoch=95 mix_val(alpha=0.678): acc=0.779268, f1=0.332196, auc=0.908113, bac=0.326134, sens=0.326134, spec=0.940983
epoch=96 iter=10 train: total=0.823352, prob=0.000000, batch=0.000000, channel=0.000000, cls=0.853021, gauss=0.000000, aux_recon=0.995454, aux_kl=0.002006, kd_logit=0.594101, kd_feat=0.003514, lite_recon=0.813992, lite_kl=0.756862, lite_ce=0.708355, lite_acc=0.757812, mix_alpha=0.6855670103092782
epoch=96 test: acc=0.837377, f1=0.446675, auc=0.948728, bac=0.415444, sens=0.415444, spec=0.959825
epoch=96 val: acc=0.838577, f1=0.432662, auc=0.957182, bac=0.406595, sens=0.406595, spec=0.959287
epoch=96 mix_test(alpha=0.686): acc=0.777491, f1=0.354437, auc=0.917153, bac=0.333668, sens=0.333668, spec=0.938808
epoch=96 mix_val(alpha=0.686): acc=0.777205, f1=0.319142, auc=0.921455, bac=0.318964, sens=0.318964, spec=0.939479
epoch=96 iter=20 train: total=0.886037, prob=0.000000, batch=0.000000, channel=0.000000, cls=0.872749, gauss=0.000000, aux_recon=1.046354, aux_kl=0.002047, kd_logit=0.614718, kd_feat=0.003530, lite_recon=0.862837, lite_kl=0.706652, lite_ce=0.794558, lite_acc=0.726562, mix_alpha=0.6855670103092782
epoch=96 test: acc=0.836861, f1=0.444721, auc=0.948865, bac=0.411863, sens=0.411863, spec=0.959307
epoch=96 val: acc=0.837545, f1=0.431919, auc=0.957033, bac=0.403516, sens=0.403516, spec=0.958057
epoch=96 mix_test(alpha=0.686): acc=0.772586, f1=0.328729, auc=0.896227, bac=0.320221, sens=0.320221, spec=0.936906
epoch=96 mix_val(alpha=0.686): acc=0.778236, f1=0.339771, auc=0.894983, bac=0.330542, sens=0.330542, spec=0.938739
epoch=97 iter=4 train: total=0.836165, prob=0.000000, batch=0.000000, channel=0.000000, cls=0.838577, gauss=0.000000, aux_recon=1.001611, aux_kl=0.001945, kd_logit=0.602574, kd_feat=0.003516, lite_recon=0.876435, lite_kl=0.687483, lite_ce=0.701916, lite_acc=0.750000, mix_alpha=0.6927835051546392
epoch=97 test: acc=0.836087, f1=0.445945, auc=0.948588, bac=0.415568, sens=0.415568, spec=0.960545
epoch=97 val: acc=0.838577, f1=0.433885, auc=0.955657, bac=0.408906, sens=0.408906, spec=0.959863
epoch=97 mix_test(alpha=0.693): acc=0.775168, f1=0.324685, auc=0.898315, bac=0.320825, sens=0.320825, spec=0.940128
epoch=97 mix_val(alpha=0.693): acc=0.779268, f1=0.350326, auc=0.925483, bac=0.338917, sens=0.338917, spec=0.940679
epoch=97 iter=14 train: total=0.839820, prob=0.000000, batch=0.000000, channel=0.000000, cls=0.877070, gauss=0.000000, aux_recon=0.947215, aux_kl=0.001870, kd_logit=0.599738, kd_feat=0.003511, lite_recon=0.816598, lite_kl=0.809159, lite_ce=0.733569, lite_acc=0.726562, mix_alpha=0.6927835051546392
epoch=97 test: acc=0.835570, f1=0.436710, auc=0.948700, bac=0.408343, sens=0.408343, spec=0.960293
epoch=97 val: acc=0.839092, f1=0.434634, auc=0.956125, bac=0.408720, sens=0.408720, spec=0.959797
epoch=97 mix_test(alpha=0.693): acc=0.772328, f1=0.319005, auc=0.917514, bac=0.315526, sens=0.315526, spec=0.938295
epoch=97 mix_val(alpha=0.693): acc=0.765859, f1=0.329781, auc=0.910164, bac=0.328034, sens=0.328034, spec=0.936186
epoch=97 iter=24 train: total=0.913821, prob=0.000000, batch=0.000000, channel=0.000000, cls=0.895276, gauss=0.000000, aux_recon=0.979350, aux_kl=0.001909, kd_logit=0.670555, kd_feat=0.003520, lite_recon=0.831252, lite_kl=0.730001, lite_ce=0.806466, lite_acc=0.726562, mix_alpha=0.6927835051546392
epoch=97 test: acc=0.838926, f1=0.444444, auc=0.948664, bac=0.412608, sens=0.412608, spec=0.960405
epoch=97 val: acc=0.838061, f1=0.432876, auc=0.956092, bac=0.405876, sens=0.405876, spec=0.959058
epoch=97 mix_test(alpha=0.693): acc=0.768973, f1=0.320900, auc=0.901388, bac=0.316894, sens=0.316894, spec=0.936734
epoch=97 mix_val(alpha=0.693): acc=0.769985, f1=0.336195, auc=0.898489, bac=0.328137, sens=0.328137, spec=0.936933
best_test(epoch=95): acc=0.841766, f1=0.446939, auc=0.948832, bac=0.412293, sens=0.412293, spec=0.959949
best_val(epoch=47): acc=0.841671, f1=0.431091, auc=0.956396, bac=0.401096, sens=0.401096, spec=0.958504
