epoch=1 iter=10 train: total=0.955537, prob=0.000000, batch=0.000000, channel=0.000000, cls=0.873244, gauss=0.000000, aux_recon=1.003929, aux_kl=0.001901, kd_logit=0.764630, kd_feat=0.003573, lite_recon=0.867336, lite_kl=0.649812, lite_ce=0.782941, lite_acc=0.734375, mix_alpha=0.7
epoch=1 test: acc=0.837894, f1=0.444690, auc=0.948756, bac=0.414431, sens=0.414431, spec=0.960513
epoch=1 val: acc=0.836514, f1=0.430781, auc=0.956003, bac=0.406065, sens=0.406065, spec=0.959207
epoch=1 mix_test(alpha=0.700): acc=0.770780, f1=0.315245, auc=0.895597, bac=0.313112, sens=0.313112, spec=0.938511
epoch=1 mix_val(alpha=0.700): acc=0.773595, f1=0.334888, auc=0.876262, bac=0.328960, sens=0.328960, spec=0.939326
epoch=1 iter=20 train: total=0.943502, prob=0.000000, batch=0.000000, channel=0.000000, cls=0.933448, gauss=0.000000, aux_recon=0.992936, aux_kl=0.001932, kd_logit=0.655575, kd_feat=0.003577, lite_recon=0.853498, lite_kl=0.677911, lite_ce=0.872894, lite_acc=0.679688, mix_alpha=0.7
epoch=1 test: acc=0.836861, f1=0.445184, auc=0.948940, bac=0.414408, sens=0.414408, spec=0.960347
epoch=1 val: acc=0.838577, f1=0.433987, auc=0.955983, bac=0.407962, sens=0.407962, spec=0.959610
epoch=1 mix_test(alpha=0.700): acc=0.773103, f1=0.331419, auc=0.900716, bac=0.328544, sens=0.328544, spec=0.939518
epoch=1 mix_val(alpha=0.700): acc=0.773595, f1=0.345691, auc=0.918482, bac=0.340787, sens=0.340787, spec=0.939995
epoch=2 iter=4 train: total=1.105753, prob=0.000000, batch=0.000000, channel=0.000000, cls=0.953649, gauss=0.000000, aux_recon=0.986717, aux_kl=0.001990, kd_logit=0.802500, kd_feat=0.003586, lite_recon=0.813217, lite_kl=0.663413, lite_ce=1.066865, lite_acc=0.617188, mix_alpha=0.7015463917525773
epoch=2 test: acc=0.839701, f1=0.446708, auc=0.948854, bac=0.411760, sens=0.411760, spec=0.959306
epoch=2 val: acc=0.838577, f1=0.431574, auc=0.956598, bac=0.402767, sens=0.402767, spec=0.957946
epoch=2 mix_test(alpha=0.702): acc=0.768715, f1=0.317812, auc=0.898460, bac=0.310673, sens=0.310673, spec=0.935617
epoch=2 mix_val(alpha=0.702): acc=0.777720, f1=0.344362, auc=0.903670, bac=0.333544, sens=0.333544, spec=0.938545
epoch=2 iter=14 train: total=0.878249, prob=0.000000, batch=0.000000, channel=0.000000, cls=0.846486, gauss=0.000000, aux_recon=0.941241, aux_kl=0.001801, kd_logit=0.707124, kd_feat=0.003600, lite_recon=0.793740, lite_kl=0.755135, lite_ce=0.713175, lite_acc=0.734375, mix_alpha=0.7015463917525773
epoch=2 test: acc=0.839701, f1=0.450679, auc=0.949074, bac=0.416607, sens=0.416607, spec=0.960155
epoch=2 val: acc=0.838061, f1=0.433288, auc=0.956516, bac=0.405593, sens=0.405593, spec=0.958810
epoch=2 mix_test(alpha=0.702): acc=0.762519, f1=0.349101, auc=0.894283, bac=0.332517, sens=0.332517, spec=0.936542
epoch=2 mix_val(alpha=0.702): acc=0.778752, f1=0.351700, auc=0.886998, bac=0.344531, sens=0.344531, spec=0.939038
epoch=2 iter=24 train: total=0.935410, prob=0.000000, batch=0.000000, channel=0.000000, cls=0.939671, gauss=0.000000, aux_recon=0.959025, aux_kl=0.001893, kd_logit=0.672107, kd_feat=0.003578, lite_recon=0.795468, lite_kl=0.689761, lite_ce=0.863154, lite_acc=0.710938, mix_alpha=0.7015463917525773
epoch=2 test: acc=0.840217, f1=0.451046, auc=0.948971, bac=0.417600, sens=0.417600, spec=0.960474
epoch=2 val: acc=0.839608, f1=0.434684, auc=0.956437, bac=0.407874, sens=0.407874, spec=0.959631
epoch=2 mix_test(alpha=0.702): acc=0.772586, f1=0.338752, auc=0.892355, bac=0.332511, sens=0.332511, spec=0.938504
epoch=2 mix_val(alpha=0.702): acc=0.767406, f1=0.316541, auc=0.914186, bac=0.314606, sens=0.314606, spec=0.939075
epoch=3 iter=8 train: total=0.821859, prob=0.000000, batch=0.000000, channel=0.000000, cls=0.925479, gauss=0.000000, aux_recon=1.015374, aux_kl=0.001942, kd_logit=0.617045, kd_feat=0.003552, lite_recon=0.874954, lite_kl=0.820661, lite_ce=0.656726, lite_acc=0.734375, mix_alpha=0.7030927835051546
epoch=3 test: acc=0.836603, f1=0.444621, auc=0.948880, bac=0.413271, sens=0.413271, spec=0.959990
epoch=3 val: acc=0.838577, f1=0.433722, auc=0.956765, bac=0.408387, sens=0.408387, spec=0.959624
epoch=3 mix_test(alpha=0.703): acc=0.765359, f1=0.315272, auc=0.892537, bac=0.315865, sens=0.315865, spec=0.937197
epoch=3 mix_val(alpha=0.703): acc=0.768437, f1=0.352196, auc=0.903395, bac=0.341129, sens=0.341129, spec=0.936936
epoch=3 iter=18 train: total=0.808758, prob=0.000000, batch=0.000000, channel=0.000000, cls=0.844705, gauss=0.000000, aux_recon=0.961994, aux_kl=0.001878, kd_logit=0.626041, kd_feat=0.003565, lite_recon=0.833344, lite_kl=0.716268, lite_ce=0.640248, lite_acc=0.757812, mix_alpha=0.7030927835051546
epoch=3 test: acc=0.836603, f1=0.443939, auc=0.948805, bac=0.412470, sens=0.412470, spec=0.959647
epoch=3 val: acc=0.837029, f1=0.431545, auc=0.956847, bac=0.404976, sens=0.404976, spec=0.958471
epoch=3 mix_test(alpha=0.703): acc=0.768456, f1=0.333377, auc=0.902317, bac=0.332094, sens=0.332094, spec=0.938574
epoch=3 mix_val(alpha=0.703): acc=0.772047, f1=0.332710, auc=0.894894, bac=0.325186, sens=0.325186, spec=0.937266
epoch=4 iter=2 train: total=0.900087, prob=0.000000, batch=0.000000, channel=0.000000, cls=0.904181, gauss=0.000000, aux_recon=0.985149, aux_kl=0.001868, kd_logit=0.635026, kd_feat=0.003567, lite_recon=0.848039, lite_kl=0.738487, lite_ce=0.807595, lite_acc=0.757812, mix_alpha=0.7046391752577319
epoch=4 test: acc=0.838410, f1=0.445283, auc=0.949301, bac=0.412243, sens=0.412243, spec=0.959930
epoch=4 val: acc=0.838061, f1=0.433961, auc=0.956821, bac=0.405932, sens=0.405932, spec=0.958461
epoch=4 mix_test(alpha=0.705): acc=0.766649, f1=0.330456, auc=0.901653, bac=0.327187, sens=0.327187, spec=0.938002
epoch=4 mix_val(alpha=0.705): acc=0.764827, f1=0.326295, auc=0.893723, bac=0.321724, sens=0.321724, spec=0.936487
epoch=4 iter=12 train: total=0.835994, prob=0.000000, batch=0.000000, channel=0.000000, cls=0.891430, gauss=0.000000, aux_recon=0.990959, aux_kl=0.001941, kd_logit=0.640900, kd_feat=0.003569, lite_recon=0.867063, lite_kl=0.712355, lite_ce=0.666447, lite_acc=0.773438, mix_alpha=0.7046391752577319
epoch=4 test: acc=0.837894, f1=0.441920, auc=0.948949, bac=0.409756, sens=0.409756, spec=0.959797
epoch=4 val: acc=0.837545, f1=0.433126, auc=0.956472, bac=0.405788, sens=0.405788, spec=0.958642
epoch=4 mix_test(alpha=0.705): acc=0.776717, f1=0.345293, auc=0.914663, bac=0.341828, sens=0.341828, spec=0.940202
epoch=4 mix_val(alpha=0.705): acc=0.755028, f1=0.307453, auc=0.892169, bac=0.305242, sens=0.305242, spec=0.935259
epoch=4 iter=22 train: total=0.954285, prob=0.000000, batch=0.000000, channel=0.000000, cls=0.979715, gauss=0.000000, aux_recon=0.990303, aux_kl=0.001921, kd_logit=0.709467, kd_feat=0.003576, lite_recon=0.851310, lite_kl=0.644696, lite_ce=0.842110, lite_acc=0.734375, mix_alpha=0.7046391752577319
epoch=4 test: acc=0.838668, f1=0.450037, auc=0.948689, bac=0.417026, sens=0.417026, spec=0.960144
epoch=4 val: acc=0.838061, f1=0.433677, auc=0.956781, bac=0.406451, sens=0.406451, spec=0.958831
epoch=4 mix_test(alpha=0.705): acc=0.764068, f1=0.362505, auc=0.879547, bac=0.345941, sens=0.345941, spec=0.937091
epoch=4 mix_val(alpha=0.705): acc=0.766890, f1=0.330422, auc=0.874443, bac=0.328208, sens=0.328208, spec=0.937390
epoch=5 iter=6 train: total=0.959866, prob=0.000000, batch=0.000000, channel=0.000000, cls=0.917823, gauss=0.000000, aux_recon=0.983335, aux_kl=0.001950, kd_logit=0.686252, kd_feat=0.003574, lite_recon=0.795957, lite_kl=0.677809, lite_ce=0.897968, lite_acc=0.664062, mix_alpha=0.7061855670103092
epoch=5 test: acc=0.838410, f1=0.448662, auc=0.948708, bac=0.416430, sens=0.416430, spec=0.960062
epoch=5 val: acc=0.838061, f1=0.432661, auc=0.956807, bac=0.405885, sens=0.405885, spec=0.958968
epoch=5 mix_test(alpha=0.706): acc=0.762003, f1=0.309496, auc=0.888206, bac=0.310381, sens=0.310381, spec=0.935651
epoch=5 mix_val(alpha=0.706): acc=0.763796, f1=0.308746, auc=0.911483, bac=0.309584, sens=0.309584, spec=0.937044
epoch=5 iter=16 train: total=0.928497, prob=0.000000, batch=0.000000, channel=0.000000, cls=0.911929, gauss=0.000000, aux_recon=0.986545, aux_kl=0.001889, kd_logit=0.664790, kd_feat=0.003567, lite_recon=0.797070, lite_kl=0.729877, lite_ce=0.855211, lite_acc=0.750000, mix_alpha=0.7061855670103092
epoch=5 test: acc=0.838152, f1=0.452885, auc=0.948947, bac=0.420408, sens=0.420408, spec=0.960159
epoch=5 val: acc=0.836514, f1=0.431403, auc=0.957192, bac=0.405972, sens=0.405972, spec=0.958879
epoch=5 mix_test(alpha=0.706): acc=0.765101, f1=0.358995, auc=0.885070, bac=0.341319, sens=0.341319, spec=0.936652
epoch=5 mix_val(alpha=0.706): acc=0.767406, f1=0.330248, auc=0.892401, bac=0.323984, sens=0.323984, spec=0.937365
epoch=5 iter=26 train: total=0.812483, prob=0.000000, batch=0.000000, channel=0.000000, cls=0.913444, gauss=0.000000, aux_recon=0.999412, aux_kl=0.001981, kd_logit=0.652076, kd_feat=0.003575, lite_recon=0.825415, lite_kl=0.774161, lite_ce=0.623665, lite_acc=0.718750, mix_alpha=0.7061855670103092
epoch=5 test: acc=0.839442, f1=0.448925, auc=0.948671, bac=0.415535, sens=0.415535, spec=0.960239
epoch=5 val: acc=0.839092, f1=0.434061, auc=0.956339, bac=0.406636, sens=0.406636, spec=0.959309
epoch=5 mix_test(alpha=0.706): acc=0.766649, f1=0.354509, auc=0.903043, bac=0.333326, sens=0.333326, spec=0.936545
epoch=5 mix_val(alpha=0.706): acc=0.770500, f1=0.317454, auc=0.897957, bac=0.313574, sens=0.313574, spec=0.938665
epoch=6 iter=10 train: total=0.930323, prob=0.000000, batch=0.000000, channel=0.000000, cls=0.887992, gauss=0.000000, aux_recon=1.013113, aux_kl=0.001903, kd_logit=0.710567, kd_feat=0.003599, lite_recon=0.889478, lite_kl=0.740791, lite_ce=0.775874, lite_acc=0.695312, mix_alpha=0.7077319587628865
epoch=6 test: acc=0.839701, f1=0.447648, auc=0.948730, bac=0.414452, sens=0.414452, spec=0.960386
epoch=6 val: acc=0.837545, f1=0.432688, auc=0.955997, bac=0.405779, sens=0.405779, spec=0.958981
epoch=6 mix_test(alpha=0.708): acc=0.765875, f1=0.329131, auc=0.896463, bac=0.324670, sens=0.324670, spec=0.936236
epoch=6 mix_val(alpha=0.708): acc=0.765343, f1=0.301519, auc=0.896994, bac=0.305189, sens=0.305189, spec=0.937831
epoch=6 iter=20 train: total=0.920198, prob=0.000000, batch=0.000000, channel=0.000000, cls=0.878901, gauss=0.000000, aux_recon=1.007111, aux_kl=0.001983, kd_logit=0.699618, kd_feat=0.003566, lite_recon=0.820761, lite_kl=0.718500, lite_ce=0.794538, lite_acc=0.726562, mix_alpha=0.7077319587628865
epoch=6 test: acc=0.839184, f1=0.447396, auc=0.948443, bac=0.414374, sens=0.414374, spec=0.960479
epoch=6 val: acc=0.837029, f1=0.432817, auc=0.955339, bac=0.405682, sens=0.405682, spec=0.958779
epoch=6 mix_test(alpha=0.708): acc=0.767424, f1=0.322820, auc=0.896168, bac=0.318789, sens=0.318789, spec=0.937362
epoch=6 mix_val(alpha=0.708): acc=0.774110, f1=0.307879, auc=0.901920, bac=0.302726, sens=0.302726, spec=0.939063
epoch=7 iter=4 train: total=0.911791, prob=0.000000, batch=0.000000, channel=0.000000, cls=0.938334, gauss=0.000000, aux_recon=1.039616, aux_kl=0.002023, kd_logit=0.660630, kd_feat=0.003567, lite_recon=0.842365, lite_kl=0.775699, lite_ce=0.806924, lite_acc=0.679688, mix_alpha=0.7092783505154638
epoch=7 test: acc=0.837894, f1=0.437047, auc=0.948570, bac=0.407959, sens=0.407959, spec=0.960394
epoch=7 val: acc=0.837545, f1=0.432585, auc=0.955848, bac=0.406392, sens=0.406392, spec=0.959227
epoch=7 mix_test(alpha=0.709): acc=0.763810, f1=0.311907, auc=0.907893, bac=0.310833, sens=0.310833, spec=0.937488
epoch=7 mix_val(alpha=0.709): acc=0.764827, f1=0.319953, auc=0.904798, bac=0.319032, sens=0.319032, spec=0.938702
epoch=7 iter=14 train: total=0.777098, prob=0.000000, batch=0.000000, channel=0.000000, cls=0.924089, gauss=0.000000, aux_recon=0.957791, aux_kl=0.001886, kd_logit=0.596674, kd_feat=0.003590, lite_recon=0.757744, lite_kl=0.733907, lite_ce=0.636157, lite_acc=0.773438, mix_alpha=0.7092783505154638
epoch=7 test: acc=0.834796, f1=0.440850, auc=0.948374, bac=0.411606, sens=0.411606, spec=0.960294
epoch=7 val: acc=0.838577, f1=0.434121, auc=0.955314, bac=0.408576, sens=0.408576, spec=0.959842
epoch=7 mix_test(alpha=0.709): acc=0.765359, f1=0.314785, auc=0.892547, bac=0.314657, sens=0.314657, spec=0.937685
epoch=7 mix_val(alpha=0.709): acc=0.773079, f1=0.341173, auc=0.916235, bac=0.341680, sens=0.341680, spec=0.940327
epoch=7 iter=24 train: total=1.058242, prob=0.000000, batch=0.000000, channel=0.000000, cls=0.983668, gauss=0.000000, aux_recon=0.995604, aux_kl=0.001966, kd_logit=0.706749, kd_feat=0.003594, lite_recon=0.856653, lite_kl=0.662792, lite_ce=1.050224, lite_acc=0.671875, mix_alpha=0.7092783505154638
epoch=7 test: acc=0.839184, f1=0.447126, auc=0.948861, bac=0.414445, sens=0.414445, spec=0.960272
epoch=7 val: acc=0.836514, f1=0.432252, auc=0.956287, bac=0.405019, sens=0.405019, spec=0.958595
epoch=7 mix_test(alpha=0.709): acc=0.767682, f1=0.315930, auc=0.909352, bac=0.315761, sens=0.315761, spec=0.937478
epoch=7 mix_val(alpha=0.709): acc=0.767406, f1=0.321112, auc=0.912494, bac=0.318592, sens=0.318592, spec=0.938620
epoch=8 iter=8 train: total=0.955811, prob=0.000000, batch=0.000000, channel=0.000000, cls=1.000283, gauss=0.000000, aux_recon=1.029613, aux_kl=0.001950, kd_logit=0.652589, kd_feat=0.003597, lite_recon=0.898476, lite_kl=0.686132, lite_ce=0.882322, lite_acc=0.656250, mix_alpha=0.7108247422680412
epoch=8 test: acc=0.838152, f1=0.451451, auc=0.949144, bac=0.419403, sens=0.419403, spec=0.960105
epoch=8 val: acc=0.837029, f1=0.431818, auc=0.956797, bac=0.404550, sens=0.404550, spec=0.958345
epoch=8 mix_test(alpha=0.711): acc=0.758131, f1=0.304785, auc=0.901058, bac=0.307661, sens=0.307661, spec=0.936749
epoch=8 mix_val(alpha=0.711): acc=0.776173, f1=0.369264, auc=0.899355, bac=0.362273, sens=0.362273, spec=0.940990
epoch=8 iter=18 train: total=0.947099, prob=0.000000, batch=0.000000, channel=0.000000, cls=0.934965, gauss=0.000000, aux_recon=0.994202, aux_kl=0.001846, kd_logit=0.659943, kd_feat=0.003566, lite_recon=0.879415, lite_kl=0.701606, lite_ce=0.864892, lite_acc=0.703125, mix_alpha=0.7108247422680412
epoch=8 test: acc=0.838152, f1=0.447377, auc=0.948865, bac=0.413891, sens=0.413891, spec=0.959535
epoch=8 val: acc=0.838577, f1=0.432571, auc=0.956166, bac=0.404276, sens=0.404276, spec=0.958326
epoch=8 mix_test(alpha=0.711): acc=0.765101, f1=0.312860, auc=0.890884, bac=0.307714, sens=0.307714, spec=0.934877
epoch=8 mix_val(alpha=0.711): acc=0.771532, f1=0.339808, auc=0.889595, bac=0.333932, sens=0.333932, spec=0.937662
epoch=9 iter=2 train: total=0.881706, prob=0.000000, batch=0.000000, channel=0.000000, cls=0.896488, gauss=0.000000, aux_recon=1.003107, aux_kl=0.001962, kd_logit=0.648141, kd_feat=0.003588, lite_recon=0.850749, lite_kl=0.713407, lite_ce=0.757115, lite_acc=0.695312, mix_alpha=0.7123711340206185
epoch=9 test: acc=0.838152, f1=0.446613, auc=0.948762, bac=0.413477, sens=0.413477, spec=0.959884
epoch=9 val: acc=0.837029, f1=0.432746, auc=0.956027, bac=0.405116, sens=0.405116, spec=0.958437
epoch=9 mix_test(alpha=0.712): acc=0.759422, f1=0.334732, auc=0.886319, bac=0.320346, sens=0.320346, spec=0.935493
epoch=9 mix_val(alpha=0.712): acc=0.769985, f1=0.371942, auc=0.899775, bac=0.366815, sens=0.366815, spec=0.937452
epoch=9 iter=12 train: total=0.854713, prob=0.000000, batch=0.000000, channel=0.000000, cls=0.920938, gauss=0.000000, aux_recon=1.036567, aux_kl=0.001996, kd_logit=0.609025, kd_feat=0.003574, lite_recon=0.881986, lite_kl=0.726697, lite_ce=0.729499, lite_acc=0.742188, mix_alpha=0.7123711340206185
epoch=9 test: acc=0.837119, f1=0.448945, auc=0.948808, bac=0.418912, sens=0.418912, spec=0.960536
epoch=9 val: acc=0.838061, f1=0.433324, auc=0.956518, bac=0.408243, sens=0.408243, spec=0.959559
epoch=9 mix_test(alpha=0.712): acc=0.760454, f1=0.362783, auc=0.897506, bac=0.346856, sens=0.346856, spec=0.936745
epoch=9 mix_val(alpha=0.712): acc=0.760186, f1=0.327076, auc=0.898644, bac=0.326754, sens=0.326754, spec=0.935069
epoch=9 iter=22 train: total=1.061710, prob=0.000000, batch=0.000000, channel=0.000000, cls=0.932928, gauss=0.000000, aux_recon=0.999293, aux_kl=0.001989, kd_logit=0.693206, kd_feat=0.003584, lite_recon=0.820977, lite_kl=0.729584, lite_ce=1.083648, lite_acc=0.679688, mix_alpha=0.7123711340206185
epoch=9 test: acc=0.837377, f1=0.448734, auc=0.948954, bac=0.418343, sens=0.418343, spec=0.960622
epoch=9 val: acc=0.838061, f1=0.433927, auc=0.956524, bac=0.409092, sens=0.409092, spec=0.959781
epoch=9 mix_test(alpha=0.712): acc=0.763294, f1=0.314463, auc=0.874923, bac=0.314598, sens=0.314598, spec=0.937777
epoch=9 mix_val(alpha=0.712): acc=0.767406, f1=0.314780, auc=0.906248, bac=0.317444, sens=0.317444, spec=0.939211
epoch=10 iter=6 train: total=0.922028, prob=0.000000, batch=0.000000, channel=0.000000, cls=0.935581, gauss=0.000000, aux_recon=0.951704, aux_kl=0.001868, kd_logit=0.691473, kd_feat=0.003577, lite_recon=0.796542, lite_kl=0.677947, lite_ce=0.816830, lite_acc=0.648438, mix_alpha=0.7139175257731958
epoch=10 test: acc=0.836861, f1=0.458849, auc=0.948479, bac=0.424920, sens=0.424920, spec=0.960348
epoch=10 val: acc=0.836514, f1=0.432185, auc=0.956849, bac=0.407386, sens=0.407386, spec=0.959337
epoch=10 mix_test(alpha=0.714): acc=0.758389, f1=0.322411, auc=0.887810, bac=0.322684, sens=0.322684, spec=0.936658
epoch=10 mix_val(alpha=0.714): acc=0.759154, f1=0.298082, auc=0.896040, bac=0.304931, sens=0.304931, spec=0.936963
epoch=10 iter=16 train: total=0.975886, prob=0.000000, batch=0.000000, channel=0.000000, cls=0.908216, gauss=0.000000, aux_recon=0.937062, aux_kl=0.001816, kd_logit=0.726038, kd_feat=0.003567, lite_recon=0.795479, lite_kl=0.714626, lite_ce=0.889682, lite_acc=0.687500, mix_alpha=0.7139175257731958
epoch=10 test: acc=0.832989, f1=0.446389, auc=0.948701, bac=0.418682, sens=0.418682, spec=0.960362
epoch=10 val: acc=0.838061, f1=0.431776, auc=0.956381, bac=0.409044, sens=0.409044, spec=0.960166
epoch=10 mix_test(alpha=0.714): acc=0.760196, f1=0.316002, auc=0.886857, bac=0.315007, sens=0.315007, spec=0.937062
epoch=10 mix_val(alpha=0.714): acc=0.768953, f1=0.319266, auc=0.907863, bac=0.318432, sens=0.318432, spec=0.938353
epoch=10 iter=26 train: total=0.892108, prob=0.000000, batch=0.000000, channel=0.000000, cls=0.965136, gauss=0.000000, aux_recon=0.968032, aux_kl=0.001916, kd_logit=0.606015, kd_feat=0.003556, lite_recon=0.804909, lite_kl=0.743211, lite_ce=0.837817, lite_acc=0.687500, mix_alpha=0.7139175257731958
epoch=10 test: acc=0.834022, f1=0.446300, auc=0.948803, bac=0.416878, sens=0.416878, spec=0.960196
epoch=10 val: acc=0.839092, f1=0.434352, auc=0.956063, bac=0.409569, sens=0.409569, spec=0.960281
epoch=10 mix_test(alpha=0.714): acc=0.763810, f1=0.323528, auc=0.900320, bac=0.324765, sens=0.324765, spec=0.937877
epoch=10 mix_val(alpha=0.714): acc=0.762249, f1=0.317240, auc=0.907998, bac=0.320732, sens=0.320732, spec=0.938709
epoch=11 iter=10 train: total=1.042581, prob=0.000000, batch=0.000000, channel=0.000000, cls=0.940420, gauss=0.000000, aux_recon=1.000024, aux_kl=0.001911, kd_logit=0.788407, kd_feat=0.003605, lite_recon=0.864681, lite_kl=0.704246, lite_ce=0.933191, lite_acc=0.632812, mix_alpha=0.7154639175257732
epoch=11 test: acc=0.837894, f1=0.441276, auc=0.948613, bac=0.410624, sens=0.410624, spec=0.960316
epoch=11 val: acc=0.837545, f1=0.433554, auc=0.955892, bac=0.405779, sens=0.405779, spec=0.958727
epoch=11 mix_test(alpha=0.715): acc=0.758647, f1=0.303234, auc=0.885152, bac=0.303483, sens=0.303483, spec=0.936385
epoch=11 mix_val(alpha=0.715): acc=0.763280, f1=0.415417, auc=0.918840, bac=0.401079, sens=0.401079, spec=0.936486
epoch=11 iter=20 train: total=0.918932, prob=0.000000, batch=0.000000, channel=0.000000, cls=0.930191, gauss=0.000000, aux_recon=0.990303, aux_kl=0.001989, kd_logit=0.626426, kd_feat=0.003551, lite_recon=0.814183, lite_kl=0.718907, lite_ce=0.867835, lite_acc=0.710938, mix_alpha=0.7154639175257732
epoch=11 test: acc=0.839701, f1=0.449386, auc=0.948587, bac=0.417522, sens=0.417522, spec=0.960578
epoch=11 val: acc=0.838577, f1=0.433533, auc=0.956465, bac=0.406869, sens=0.406869, spec=0.959366
epoch=11 mix_test(alpha=0.715): acc=0.763810, f1=0.302581, auc=0.889384, bac=0.304020, sens=0.304020, spec=0.937436
epoch=11 mix_val(alpha=0.715): acc=0.760701, f1=0.300532, auc=0.894856, bac=0.298190, sens=0.298190, spec=0.937685
epoch=12 iter=4 train: total=0.860810, prob=0.000000, batch=0.000000, channel=0.000000, cls=1.007402, gauss=0.000000, aux_recon=0.990538, aux_kl=0.001943, kd_logit=0.636851, kd_feat=0.003580, lite_recon=0.814451, lite_kl=0.714647, lite_ce=0.741116, lite_acc=0.718750, mix_alpha=0.7170103092783505
epoch=12 test: acc=0.837119, f1=0.445885, auc=0.948744, bac=0.415432, sens=0.415432, spec=0.960444
epoch=12 val: acc=0.839608, f1=0.434631, auc=0.956185, bac=0.408722, sens=0.408722, spec=0.960105
epoch=12 mix_test(alpha=0.717): acc=0.761487, f1=0.310032, auc=0.893585, bac=0.308343, sens=0.308343, spec=0.937021
epoch=12 mix_val(alpha=0.717): acc=0.764312, f1=0.354247, auc=0.888360, bac=0.344163, sens=0.344163, spec=0.936967
epoch=12 iter=14 train: total=0.975564, prob=0.000000, batch=0.000000, channel=0.000000, cls=0.992967, gauss=0.000000, aux_recon=0.958727, aux_kl=0.001900, kd_logit=0.683892, kd_feat=0.003578, lite_recon=0.824811, lite_kl=0.734127, lite_ce=0.919052, lite_acc=0.671875, mix_alpha=0.7170103092783505
epoch=12 test: acc=0.837636, f1=0.445555, auc=0.948546, bac=0.414841, sens=0.414841, spec=0.960352
epoch=12 val: acc=0.837545, f1=0.432796, auc=0.956199, bac=0.406392, sens=0.406392, spec=0.959106
epoch=12 mix_test(alpha=0.717): acc=0.764326, f1=0.311267, auc=0.900467, bac=0.312720, sens=0.312720, spec=0.937814
epoch=12 mix_val(alpha=0.717): acc=0.765859, f1=0.342777, auc=0.893089, bac=0.343077, sens=0.343077, spec=0.939372
epoch=12 iter=24 train: total=0.930781, prob=0.000000, batch=0.000000, channel=0.000000, cls=0.932823, gauss=0.000000, aux_recon=0.949466, aux_kl=0.001843, kd_logit=0.667304, kd_feat=0.003586, lite_recon=0.804553, lite_kl=0.718881, lite_ce=0.854473, lite_acc=0.679688, mix_alpha=0.7170103092783505
epoch=12 test: acc=0.839959, f1=0.451319, auc=0.948728, bac=0.417650, sens=0.417650, spec=0.960374
epoch=12 val: acc=0.838061, f1=0.433288, auc=0.956308, bac=0.405593, sens=0.405593, spec=0.958810
epoch=12 mix_test(alpha=0.717): acc=0.761229, f1=0.333015, auc=0.873850, bac=0.331876, sens=0.331876, spec=0.936852
epoch=12 mix_val(alpha=0.717): acc=0.776173, f1=0.310687, auc=0.904421, bac=0.312015, sens=0.312015, spec=0.940159
epoch=13 iter=8 train: total=0.969005, prob=0.000000, batch=0.000000, channel=0.000000, cls=1.046626, gauss=0.000000, aux_recon=1.044333, aux_kl=0.001954, kd_logit=0.605122, kd_feat=0.003566, lite_recon=0.889654, lite_kl=0.738170, lite_ce=0.958696, lite_acc=0.656250, mix_alpha=0.7185567010309278
epoch=13 test: acc=0.840733, f1=0.449146, auc=0.948729, bac=0.414796, sens=0.414796, spec=0.960166
epoch=13 val: acc=0.838577, f1=0.433370, auc=0.956554, bac=0.404794, sens=0.404794, spec=0.958753
epoch=13 mix_test(alpha=0.719): acc=0.762519, f1=0.321840, auc=0.899861, bac=0.319570, sens=0.319570, spec=0.935974
epoch=13 mix_val(alpha=0.719): acc=0.759670, f1=0.322363, auc=0.908230, bac=0.320536, sens=0.320536, spec=0.936810
epoch=13 iter=18 train: total=0.856194, prob=0.000000, batch=0.000000, channel=0.000000, cls=0.957723, gauss=0.000000, aux_recon=1.054005, aux_kl=0.002026, kd_logit=0.609194, kd_feat=0.003568, lite_recon=0.853146, lite_kl=0.760389, lite_ce=0.743159, lite_acc=0.687500, mix_alpha=0.7185567010309278
epoch=13 test: acc=0.838410, f1=0.445323, auc=0.948265, bac=0.414481, sens=0.414481, spec=0.960613
epoch=13 val: acc=0.838577, f1=0.432158, auc=0.955716, bac=0.407019, sens=0.407019, spec=0.959726
epoch=13 mix_test(alpha=0.719): acc=0.769747, f1=0.333598, auc=0.899201, bac=0.331432, sens=0.331432, spec=0.937806
epoch=13 mix_val(alpha=0.719): acc=0.764312, f1=0.310632, auc=0.912682, bac=0.312302, sens=0.312302, spec=0.939726
epoch=14 iter=2 train: total=0.886507, prob=0.000000, batch=0.000000, channel=0.000000, cls=0.978593, gauss=0.000000, aux_recon=1.004988, aux_kl=0.001929, kd_logit=0.579250, kd_feat=0.003560, lite_recon=0.835784, lite_kl=0.730929, lite_ce=0.841271, lite_acc=0.718750, mix_alpha=0.7201030927835051
epoch=14 test: acc=0.838152, f1=0.449222, auc=0.948691, bac=0.417291, sens=0.417291, spec=0.960240
epoch=14 val: acc=0.838577, f1=0.433597, auc=0.956779, bac=0.406501, sens=0.406501, spec=0.959250
epoch=14 mix_test(alpha=0.720): acc=0.764326, f1=0.324410, auc=0.885071, bac=0.323655, sens=0.323655, spec=0.936653
epoch=14 mix_val(alpha=0.720): acc=0.761733, f1=0.335874, auc=0.870240, bac=0.333330, sens=0.333330, spec=0.935953
epoch=14 iter=12 train: total=1.004607, prob=0.000000, batch=0.000000, channel=0.000000, cls=0.959215, gauss=0.000000, aux_recon=1.000733, aux_kl=0.001972, kd_logit=0.678224, kd_feat=0.003559, lite_recon=0.812377, lite_kl=0.712772, lite_ce=0.988224, lite_acc=0.664062, mix_alpha=0.7201030927835051
epoch=14 test: acc=0.840475, f1=0.442012, auc=0.948553, bac=0.410183, sens=0.410183, spec=0.960321
epoch=14 val: acc=0.838061, f1=0.433017, auc=0.956431, bac=0.404414, sens=0.404414, spec=0.958454
epoch=14 mix_test(alpha=0.720): acc=0.756324, f1=0.300093, auc=0.884802, bac=0.301968, sens=0.301968, spec=0.935392
epoch=14 mix_val(alpha=0.720): acc=0.765343, f1=0.316798, auc=0.909958, bac=0.315668, sens=0.315668, spec=0.937901
epoch=14 iter=22 train: total=0.987522, prob=0.000000, batch=0.000000, channel=0.000000, cls=1.021314, gauss=0.000000, aux_recon=1.017123, aux_kl=0.002020, kd_logit=0.738582, kd_feat=0.003573, lite_recon=0.847250, lite_kl=0.693549, lite_ce=0.880117, lite_acc=0.679688, mix_alpha=0.7201030927835051
epoch=14 test: acc=0.838668, f1=0.448102, auc=0.948515, bac=0.416543, sens=0.416543, spec=0.960330
epoch=14 val: acc=0.839092, f1=0.434006, auc=0.956424, bac=0.407211, sens=0.407211, spec=0.959335
epoch=14 mix_test(alpha=0.720): acc=0.762519, f1=0.350871, auc=0.894775, bac=0.339338, sens=0.339338, spec=0.936870
epoch=14 mix_val(alpha=0.720): acc=0.756576, f1=0.306402, auc=0.875027, bac=0.309182, sens=0.309182, spec=0.936383
epoch=15 iter=6 train: total=0.930055, prob=0.000000, batch=0.000000, channel=0.000000, cls=0.989673, gauss=0.000000, aux_recon=0.995382, aux_kl=0.001947, kd_logit=0.684634, kd_feat=0.003601, lite_recon=0.818423, lite_kl=0.702083, lite_ce=0.830463, lite_acc=0.703125, mix_alpha=0.7216494845360825
epoch=15 test: acc=0.837636, f1=0.449664, auc=0.948829, bac=0.419009, sens=0.419009, spec=0.960613
epoch=15 val: acc=0.837029, f1=0.432718, auc=0.956327, bac=0.407766, sens=0.407766, spec=0.959404
epoch=15 mix_test(alpha=0.722): acc=0.759422, f1=0.303361, auc=0.905217, bac=0.306394, sens=0.306394, spec=0.936926
epoch=15 mix_val(alpha=0.722): acc=0.765343, f1=0.336693, auc=0.897462, bac=0.335520, sens=0.335520, spec=0.938350
epoch=15 iter=16 train: total=0.896117, prob=0.000000, batch=0.000000, channel=0.000000, cls=0.975041, gauss=0.000000, aux_recon=0.991992, aux_kl=0.001904, kd_logit=0.651031, kd_feat=0.003555, lite_recon=0.854059, lite_kl=0.648441, lite_ce=0.783054, lite_acc=0.703125, mix_alpha=0.7216494845360825
epoch=15 test: acc=0.838926, f1=0.447397, auc=0.948804, bac=0.415329, sens=0.415329, spec=0.960344
epoch=15 val: acc=0.836514, f1=0.432250, auc=0.956281, bac=0.404406, sens=0.404406, spec=0.958463
epoch=15 mix_test(alpha=0.722): acc=0.768973, f1=0.328214, auc=0.885788, bac=0.328064, sens=0.328064, spec=0.937756
epoch=15 mix_val(alpha=0.722): acc=0.756060, f1=0.291747, auc=0.897023, bac=0.294890, sens=0.294890, spec=0.937014
epoch=15 iter=26 train: total=0.941775, prob=0.000000, batch=0.000000, channel=0.000000, cls=0.931390, gauss=0.000000, aux_recon=0.998578, aux_kl=0.001971, kd_logit=0.739678, kd_feat=0.003567, lite_recon=0.817131, lite_kl=0.655901, lite_ce=0.800333, lite_acc=0.726562, mix_alpha=0.7216494845360825
epoch=15 test: acc=0.839959, f1=0.450900, auc=0.948859, bac=0.417961, sens=0.417961, spec=0.960328
epoch=15 val: acc=0.837029, f1=0.431289, auc=0.956831, bac=0.405078, sens=0.405078, spec=0.958566
epoch=15 mix_test(alpha=0.722): acc=0.763036, f1=0.327847, auc=0.897592, bac=0.326364, sens=0.326364, spec=0.936644
epoch=15 mix_val(alpha=0.722): acc=0.763280, f1=0.315574, auc=0.889064, bac=0.313790, sens=0.313790, spec=0.936374
epoch=16 iter=10 train: total=0.807840, prob=0.000000, batch=0.000000, channel=0.000000, cls=0.880265, gauss=0.000000, aux_recon=1.041870, aux_kl=0.002030, kd_logit=0.596421, kd_feat=0.003566, lite_recon=0.824767, lite_kl=0.755519, lite_ce=0.670675, lite_acc=0.781250, mix_alpha=0.7231958762886598
epoch=16 test: acc=0.836087, f1=0.449579, auc=0.948480, bac=0.420468, sens=0.420468, spec=0.960368
epoch=16 val: acc=0.838577, f1=0.434128, auc=0.956482, bac=0.409198, sens=0.409198, spec=0.959647
epoch=16 mix_test(alpha=0.723): acc=0.755034, f1=0.313328, auc=0.877114, bac=0.317396, sens=0.317396, spec=0.934739
epoch=16 mix_val(alpha=0.723): acc=0.756576, f1=0.318376, auc=0.902314, bac=0.324245, sens=0.324245, spec=0.936998
epoch=16 iter=20 train: total=1.005410, prob=0.000000, batch=0.000000, channel=0.000000, cls=0.979109, gauss=0.000000, aux_recon=0.975087, aux_kl=0.001907, kd_logit=0.716172, kd_feat=0.003575, lite_recon=0.819658, lite_kl=0.706631, lite_ce=0.949077, lite_acc=0.679688, mix_alpha=0.7231958762886598
epoch=16 test: acc=0.839184, f1=0.446384, auc=0.948138, bac=0.413427, sens=0.413427, spec=0.960201
epoch=16 val: acc=0.837545, f1=0.432514, auc=0.956156, bac=0.405213, sens=0.405213, spec=0.958753
epoch=16 mix_test(alpha=0.723): acc=0.754259, f1=0.301720, auc=0.894472, bac=0.301115, sens=0.301115, spec=0.934574
epoch=16 mix_val(alpha=0.723): acc=0.763796, f1=0.327490, auc=0.898666, bac=0.332001, sens=0.332001, spec=0.936668
epoch=17 iter=4 train: total=0.852981, prob=0.000000, batch=0.000000, channel=0.000000, cls=0.989524, gauss=0.000000, aux_recon=1.022692, aux_kl=0.002003, kd_logit=0.618002, kd_feat=0.003550, lite_recon=0.862113, lite_kl=0.727428, lite_ce=0.725015, lite_acc=0.734375, mix_alpha=0.7247422680412371
epoch=17 test: acc=0.837377, f1=0.459256, auc=0.949144, bac=0.422126, sens=0.422126, spec=0.959637
epoch=17 val: acc=0.837545, f1=0.432131, auc=0.957422, bac=0.404656, sens=0.404656, spec=0.958316
epoch=17 mix_test(alpha=0.725): acc=0.758389, f1=0.301725, auc=0.902125, bac=0.303669, sens=0.303669, spec=0.936250
epoch=17 mix_val(alpha=0.725): acc=0.760186, f1=0.353742, auc=0.911449, bac=0.339105, sens=0.339105, spec=0.936162
epoch=17 iter=14 train: total=0.931298, prob=0.000000, batch=0.000000, channel=0.000000, cls=0.975673, gauss=0.000000, aux_recon=0.966900, aux_kl=0.001889, kd_logit=0.714833, kd_feat=0.003592, lite_recon=0.822078, lite_kl=0.661832, lite_ce=0.802102, lite_acc=0.710938, mix_alpha=0.7247422680412371
epoch=17 test: acc=0.839184, f1=0.448851, auc=0.949241, bac=0.416424, sens=0.416424, spec=0.960325
epoch=17 val: acc=0.835998, f1=0.432352, auc=0.956765, bac=0.405449, sens=0.405449, spec=0.958530
epoch=17 mix_test(alpha=0.725): acc=0.762003, f1=0.385008, auc=0.897841, bac=0.357078, sens=0.357078, spec=0.936182
epoch=17 mix_val(alpha=0.725): acc=0.772047, f1=0.331656, auc=0.903299, bac=0.328676, sens=0.328676, spec=0.939040
epoch=17 iter=24 train: total=0.834988, prob=0.000000, batch=0.000000, channel=0.000000, cls=0.994190, gauss=0.000000, aux_recon=0.966868, aux_kl=0.001855, kd_logit=0.639813, kd_feat=0.003589, lite_recon=0.847766, lite_kl=0.695804, lite_ce=0.673551, lite_acc=0.757812, mix_alpha=0.7247422680412371
epoch=17 test: acc=0.838152, f1=0.446844, auc=0.949215, bac=0.414806, sens=0.414806, spec=0.959847
epoch=17 val: acc=0.837545, f1=0.432687, auc=0.956840, bac=0.406071, sens=0.406071, spec=0.958779
epoch=17 mix_test(alpha=0.725): acc=0.757873, f1=0.348465, auc=0.896277, bac=0.332006, sens=0.332006, spec=0.934434
epoch=17 mix_val(alpha=0.725): acc=0.760186, f1=0.313132, auc=0.910996, bac=0.315487, sens=0.315487, spec=0.936626
epoch=18 iter=8 train: total=0.804075, prob=0.000000, batch=0.000000, channel=0.000000, cls=0.935782, gauss=0.000000, aux_recon=1.008126, aux_kl=0.001941, kd_logit=0.627050, kd_feat=0.003559, lite_recon=0.837971, lite_kl=0.774486, lite_ce=0.626863, lite_acc=0.757812, mix_alpha=0.7262886597938144
epoch=18 test: acc=0.835570, f1=0.456202, auc=0.949018, bac=0.422009, sens=0.422009, spec=0.959999
epoch=18 val: acc=0.836514, f1=0.430110, auc=0.956895, bac=0.405641, sens=0.405641, spec=0.958882
epoch=18 mix_test(alpha=0.726): acc=0.760712, f1=0.309833, auc=0.903138, bac=0.310229, sens=0.310229, spec=0.935725
epoch=18 mix_val(alpha=0.726): acc=0.750903, f1=0.299916, auc=0.870469, bac=0.305107, sens=0.305107, spec=0.934341
epoch=18 iter=18 train: total=0.928685, prob=0.000000, batch=0.000000, channel=0.000000, cls=0.961152, gauss=0.000000, aux_recon=1.066280, aux_kl=0.002083, kd_logit=0.642046, kd_feat=0.003568, lite_recon=0.904828, lite_kl=0.793785, lite_ce=0.833949, lite_acc=0.695312, mix_alpha=0.7262886597938144
epoch=18 test: acc=0.839442, f1=0.452124, auc=0.948738, bac=0.419409, sens=0.419409, spec=0.960499
epoch=18 val: acc=0.837545, f1=0.433053, auc=0.956350, bac=0.406354, sens=0.406354, spec=0.958880
epoch=18 mix_test(alpha=0.726): acc=0.757099, f1=0.322914, auc=0.893587, bac=0.322098, sens=0.322098, spec=0.935142
epoch=18 mix_val(alpha=0.726): acc=0.762764, f1=0.335441, auc=0.879000, bac=0.333394, sens=0.333394, spec=0.935305
epoch=19 iter=2 train: total=1.010873, prob=0.000000, batch=0.000000, channel=0.000000, cls=1.049095, gauss=0.000000, aux_recon=1.027719, aux_kl=0.001993, kd_logit=0.742900, kd_feat=0.003567, lite_recon=0.880008, lite_kl=0.732908, lite_ce=0.908619, lite_acc=0.695312, mix_alpha=0.7278350515463917
epoch=19 test: acc=0.837119, f1=0.452650, auc=0.949036, bac=0.420020, sens=0.420020, spec=0.959430
epoch=19 val: acc=0.838061, f1=0.433834, auc=0.957069, bac=0.405894, sens=0.405894, spec=0.958252
epoch=19 mix_test(alpha=0.728): acc=0.758389, f1=0.351164, auc=0.887382, bac=0.342738, sens=0.342738, spec=0.935773
epoch=19 mix_val(alpha=0.728): acc=0.756576, f1=0.307957, auc=0.904251, bac=0.313586, sens=0.313586, spec=0.934833
epoch=19 iter=12 train: total=0.820328, prob=0.000000, batch=0.000000, channel=0.000000, cls=0.961209, gauss=0.000000, aux_recon=1.036440, aux_kl=0.001949, kd_logit=0.582592, kd_feat=0.003552, lite_recon=0.910240, lite_kl=0.717689, lite_ce=0.676062, lite_acc=0.773438, mix_alpha=0.7278350515463917
epoch=19 test: acc=0.839701, f1=0.447766, auc=0.948595, bac=0.413749, sens=0.413749, spec=0.959915
epoch=19 val: acc=0.837029, f1=0.432831, auc=0.956404, bac=0.404550, sens=0.404550, spec=0.958188
epoch=19 mix_test(alpha=0.728): acc=0.759680, f1=0.354796, auc=0.892714, bac=0.341855, sens=0.341855, spec=0.935012
epoch=19 mix_val(alpha=0.728): acc=0.763796, f1=0.389146, auc=0.898488, bac=0.376779, sens=0.376779, spec=0.936862
epoch=19 iter=22 train: total=0.794372, prob=0.000000, batch=0.000000, channel=0.000000, cls=0.961435, gauss=0.000000, aux_recon=1.052332, aux_kl=0.001940, kd_logit=0.537860, kd_feat=0.003569, lite_recon=0.927945, lite_kl=0.790409, lite_ce=0.660329, lite_acc=0.757812, mix_alpha=0.7278350515463917
epoch=19 test: acc=0.838668, f1=0.446056, auc=0.948791, bac=0.412575, sens=0.412575, spec=0.959887
epoch=19 val: acc=0.836514, f1=0.432638, auc=0.956598, bac=0.404453, sens=0.404453, spec=0.958114
epoch=19 mix_test(alpha=0.728): acc=0.758389, f1=0.295921, auc=0.896919, bac=0.296973, sens=0.296973, spec=0.935137
epoch=19 mix_val(alpha=0.728): acc=0.758123, f1=0.314210, auc=0.894794, bac=0.309851, sens=0.309851, spec=0.933338
epoch=20 iter=6 train: total=0.788675, prob=0.000000, batch=0.000000, channel=0.000000, cls=0.990178, gauss=0.000000, aux_recon=1.051687, aux_kl=0.002051, kd_logit=0.599222, kd_feat=0.003563, lite_recon=0.826315, lite_kl=0.772684, lite_ce=0.628585, lite_acc=0.757812, mix_alpha=0.729381443298969
epoch=20 test: acc=0.838926, f1=0.447144, auc=0.948552, bac=0.413929, sens=0.413929, spec=0.960040
epoch=20 val: acc=0.837545, f1=0.433099, auc=0.956501, bac=0.405496, sens=0.405496, spec=0.958733
epoch=20 mix_test(alpha=0.729): acc=0.757873, f1=0.314362, auc=0.898314, bac=0.315632, sens=0.315632, spec=0.936266
epoch=20 mix_val(alpha=0.729): acc=0.763796, f1=0.378387, auc=0.880868, bac=0.358631, sens=0.358631, spec=0.937603
epoch=20 iter=16 train: total=0.803104, prob=0.000000, batch=0.000000, channel=0.000000, cls=0.895472, gauss=0.000000, aux_recon=1.014027, aux_kl=0.002003, kd_logit=0.641692, kd_feat=0.003550, lite_recon=0.800741, lite_kl=0.800971, lite_ce=0.624651, lite_acc=0.820312, mix_alpha=0.729381443298969
epoch=20 test: acc=0.835312, f1=0.440217, auc=0.948635, bac=0.411274, sens=0.411274, spec=0.960318
epoch=20 val: acc=0.838061, f1=0.433905, auc=0.955995, bac=0.408526, sens=0.408526, spec=0.959654
epoch=20 mix_test(alpha=0.729): acc=0.755550, f1=0.301457, auc=0.884289, bac=0.303900, sens=0.303900, spec=0.934993
epoch=20 mix_val(alpha=0.729): acc=0.761217, f1=0.307938, auc=0.884481, bac=0.308077, sens=0.308077, spec=0.936843
epoch=20 iter=26 train: total=0.976928, prob=0.000000, batch=0.000000, channel=0.000000, cls=0.998238, gauss=0.000000, aux_recon=1.003385, aux_kl=0.001925, kd_logit=0.703798, kd_feat=0.003569, lite_recon=0.861233, lite_kl=0.761700, lite_ce=0.886763, lite_acc=0.710938, mix_alpha=0.729381443298969
epoch=20 test: acc=0.839184, f1=0.451052, auc=0.948757, bac=0.417811, sens=0.417811, spec=0.960484
epoch=20 val: acc=0.838061, f1=0.433672, auc=0.956293, bac=0.406969, sens=0.406969, spec=0.959401
epoch=20 mix_test(alpha=0.729): acc=0.763810, f1=0.317610, auc=0.898969, bac=0.312184, sens=0.312184, spec=0.937026
epoch=20 mix_val(alpha=0.729): acc=0.758123, f1=0.311098, auc=0.892718, bac=0.312387, sens=0.312387, spec=0.935843
epoch=21 iter=10 train: total=1.028895, prob=0.000000, batch=0.000000, channel=0.000000, cls=0.997428, gauss=0.000000, aux_recon=1.012157, aux_kl=0.001970, kd_logit=0.767820, kd_feat=0.003565, lite_recon=0.830541, lite_kl=0.685671, lite_ce=0.940476, lite_acc=0.648438, mix_alpha=0.7309278350515463
epoch=21 test: acc=0.839701, f1=0.447298, auc=0.948432, bac=0.416450, sens=0.416450, spec=0.960702
epoch=21 val: acc=0.835998, f1=0.430438, auc=0.955939, bac=0.405119, sens=0.405119, spec=0.958773
epoch=21 mix_test(alpha=0.731): acc=0.756840, f1=0.343493, auc=0.893112, bac=0.330642, sens=0.330642, spec=0.934946
epoch=21 mix_val(alpha=0.731): acc=0.758638, f1=0.305542, auc=0.880331, bac=0.305592, sens=0.305592, spec=0.935965
epoch=21 iter=20 train: total=0.895322, prob=0.000000, batch=0.000000, channel=0.000000, cls=0.973523, gauss=0.000000, aux_recon=1.006735, aux_kl=0.001993, kd_logit=0.633290, kd_feat=0.003583, lite_recon=0.814056, lite_kl=0.716835, lite_ce=0.813811, lite_acc=0.726562, mix_alpha=0.7309278350515463
epoch=21 test: acc=0.838152, f1=0.448401, auc=0.948690, bac=0.418144, sens=0.418144, spec=0.960440
epoch=21 val: acc=0.838577, f1=0.433940, auc=0.956220, bac=0.407727, sens=0.407727, spec=0.959378
epoch=21 mix_test(alpha=0.731): acc=0.754001, f1=0.341783, auc=0.894866, bac=0.330562, sens=0.330562, spec=0.934491
epoch=21 mix_val(alpha=0.731): acc=0.760186, f1=0.313555, auc=0.890962, bac=0.314358, sens=0.314358, spec=0.935877
epoch=22 iter=4 train: total=0.874046, prob=0.000000, batch=0.000000, channel=0.000000, cls=0.964989, gauss=0.000000, aux_recon=0.958712, aux_kl=0.001879, kd_logit=0.640419, kd_feat=0.003556, lite_recon=0.810862, lite_kl=0.718564, lite_ce=0.765401, lite_acc=0.765625, mix_alpha=0.7324742268041237
epoch=22 test: acc=0.841507, f1=0.449461, auc=0.948959, bac=0.415884, sens=0.415884, spec=0.960551
epoch=22 val: acc=0.838061, f1=0.433658, auc=0.956079, bac=0.405593, sens=0.405593, spec=0.958790
epoch=22 mix_test(alpha=0.732): acc=0.755292, f1=0.318105, auc=0.903708, bac=0.318060, sens=0.318060, spec=0.934331
epoch=22 mix_val(alpha=0.732): acc=0.760701, f1=0.318678, auc=0.879970, bac=0.321854, sens=0.321854, spec=0.937745
epoch=22 iter=14 train: total=0.852458, prob=0.000000, batch=0.000000, channel=0.000000, cls=0.963982, gauss=0.000000, aux_recon=0.964112, aux_kl=0.001873, kd_logit=0.646446, kd_feat=0.003567, lite_recon=0.804292, lite_kl=0.758561, lite_ce=0.718016, lite_acc=0.703125, mix_alpha=0.7324742268041237
epoch=22 test: acc=0.838152, f1=0.444972, auc=0.948611, bac=0.413335, sens=0.413335, spec=0.960386
epoch=22 val: acc=0.838061, f1=0.433984, auc=0.955649, bac=0.406686, sens=0.406686, spec=0.959156
epoch=22 mix_test(alpha=0.732): acc=0.755550, f1=0.298832, auc=0.866345, bac=0.302666, sens=0.302666, spec=0.934733
epoch=22 mix_val(alpha=0.732): acc=0.760186, f1=0.295310, auc=0.898317, bac=0.295532, sens=0.295532, spec=0.934318
epoch=22 iter=24 train: total=0.849166, prob=0.000000, batch=0.000000, channel=0.000000, cls=0.994930, gauss=0.000000, aux_recon=1.025212, aux_kl=0.001947, kd_logit=0.615612, kd_feat=0.003556, lite_recon=0.888819, lite_kl=0.771756, lite_ce=0.708202, lite_acc=0.734375, mix_alpha=0.7324742268041237
epoch=22 test: acc=0.836861, f1=0.447734, auc=0.949099, bac=0.417421, sens=0.417421, spec=0.960335
epoch=22 val: acc=0.838061, f1=0.433338, auc=0.956980, bac=0.408243, sens=0.408243, spec=0.959671
epoch=22 mix_test(alpha=0.732): acc=0.760712, f1=0.328446, auc=0.892064, bac=0.317810, sens=0.317810, spec=0.936765
epoch=22 mix_val(alpha=0.732): acc=0.753481, f1=0.312455, auc=0.879148, bac=0.320624, sens=0.320624, spec=0.936827
epoch=23 iter=8 train: total=0.899507, prob=0.000000, batch=0.000000, channel=0.000000, cls=0.951791, gauss=0.000000, aux_recon=0.986626, aux_kl=0.001914, kd_logit=0.659091, kd_feat=0.003563, lite_recon=0.804353, lite_kl=0.696718, lite_ce=0.800684, lite_acc=0.710938, mix_alpha=0.734020618556701
epoch=23 test: acc=0.837894, f1=0.444936, auc=0.949256, bac=0.413608, sens=0.413608, spec=0.960219
epoch=23 val: acc=0.838061, f1=0.433081, auc=0.956927, bac=0.407347, sens=0.407347, spec=0.959439
epoch=23 mix_test(alpha=0.734): acc=0.749355, f1=0.319252, auc=0.885992, bac=0.324189, sens=0.324189, spec=0.934250
epoch=23 mix_val(alpha=0.734): acc=0.757607, f1=0.371377, auc=0.875757, bac=0.356342, sens=0.356342, spec=0.935315
epoch=23 iter=18 train: total=0.901633, prob=0.000000, batch=0.000000, channel=0.000000, cls=1.040623, gauss=0.000000, aux_recon=1.000786, aux_kl=0.002035, kd_logit=0.630745, kd_feat=0.003580, lite_recon=0.796585, lite_kl=0.721690, lite_ce=0.835872, lite_acc=0.718750, mix_alpha=0.734020618556701
epoch=23 test: acc=0.835054, f1=0.455880, auc=0.949089, bac=0.422449, sens=0.422449, spec=0.960305
epoch=23 val: acc=0.839092, f1=0.431928, auc=0.956647, bac=0.408145, sens=0.408145, spec=0.960064
epoch=23 mix_test(alpha=0.734): acc=0.751420, f1=0.351779, auc=0.888995, bac=0.340797, sens=0.340797, spec=0.936801
epoch=23 mix_val(alpha=0.734): acc=0.767406, f1=0.310676, auc=0.884492, bac=0.317160, sens=0.317160, spec=0.937844
epoch=24 iter=2 train: total=0.901931, prob=0.000000, batch=0.000000, channel=0.000000, cls=0.987211, gauss=0.000000, aux_recon=0.970091, aux_kl=0.001816, kd_logit=0.680516, kd_feat=0.003537, lite_recon=0.846312, lite_kl=0.707719, lite_ce=0.767131, lite_acc=0.695312, mix_alpha=0.7355670103092783
epoch=24 test: acc=0.835054, f1=0.446970, auc=0.949191, bac=0.416907, sens=0.416907, spec=0.960327
epoch=24 val: acc=0.839608, f1=0.432936, auc=0.956388, bac=0.409091, sens=0.409091, spec=0.960350
epoch=24 mix_test(alpha=0.736): acc=0.759680, f1=0.310393, auc=0.866574, bac=0.316063, sens=0.316063, spec=0.937151
epoch=24 mix_val(alpha=0.736): acc=0.764827, f1=0.382130, auc=0.864632, bac=0.374125, sens=0.374125, spec=0.938554
epoch=24 iter=12 train: total=1.022359, prob=0.000000, batch=0.000000, channel=0.000000, cls=1.032327, gauss=0.000000, aux_recon=1.028904, aux_kl=0.001977, kd_logit=0.773077, kd_feat=0.003563, lite_recon=0.862053, lite_kl=0.706442, lite_ce=0.909128, lite_acc=0.648438, mix_alpha=0.7355670103092783
epoch=24 test: acc=0.837894, f1=0.458757, auc=0.949322, bac=0.423468, sens=0.423468, spec=0.960397
epoch=24 val: acc=0.837029, f1=0.431306, auc=0.956981, bac=0.407105, sens=0.407105, spec=0.959291
epoch=24 mix_test(alpha=0.736): acc=0.752452, f1=0.319161, auc=0.891042, bac=0.324847, sens=0.324847, spec=0.934715
epoch=24 mix_val(alpha=0.736): acc=0.753997, f1=0.352419, auc=0.885277, bac=0.333990, sens=0.333990, spec=0.934705
epoch=24 iter=22 train: total=0.831854, prob=0.000000, batch=0.000000, channel=0.000000, cls=0.937440, gauss=0.000000, aux_recon=0.987541, aux_kl=0.001925, kd_logit=0.581594, kd_feat=0.003567, lite_recon=0.823334, lite_kl=0.744878, lite_ce=0.734315, lite_acc=0.796875, mix_alpha=0.7355670103092783
epoch=24 test: acc=0.837119, f1=0.448321, auc=0.948849, bac=0.417753, sens=0.417753, spec=0.960301
epoch=24 val: acc=0.837545, f1=0.432796, auc=0.956756, bac=0.406392, sens=0.406392, spec=0.959106
epoch=24 mix_test(alpha=0.736): acc=0.749871, f1=0.295744, auc=0.892367, bac=0.300159, sens=0.300159, spec=0.935746
epoch=24 mix_val(alpha=0.736): acc=0.757091, f1=0.299655, auc=0.876526, bac=0.304512, sens=0.304512, spec=0.936965
epoch=25 iter=6 train: total=0.962555, prob=0.000000, batch=0.000000, channel=0.000000, cls=0.942370, gauss=0.000000, aux_recon=0.987386, aux_kl=0.001985, kd_logit=0.732171, kd_feat=0.003596, lite_recon=0.802279, lite_kl=0.735607, lite_ce=0.853719, lite_acc=0.718750, mix_alpha=0.7371134020618556
epoch=25 test: acc=0.836087, f1=0.441543, auc=0.948642, bac=0.411849, sens=0.411849, spec=0.960356
epoch=25 val: acc=0.838577, f1=0.433571, auc=0.956027, bac=0.407105, sens=0.407105, spec=0.959597
epoch=25 mix_test(alpha=0.737): acc=0.751678, f1=0.311326, auc=0.869044, bac=0.312412, sens=0.312412, spec=0.934856
epoch=25 mix_val(alpha=0.737): acc=0.751418, f1=0.387301, auc=0.875975, bac=0.375360, sens=0.375360, spec=0.934061
epoch=25 iter=16 train: total=0.815949, prob=0.000000, batch=0.000000, channel=0.000000, cls=1.040789, gauss=0.000000, aux_recon=0.961933, aux_kl=0.001907, kd_logit=0.545308, kd_feat=0.003565, lite_recon=0.790370, lite_kl=0.719082, lite_ce=0.752495, lite_acc=0.718750, mix_alpha=0.7371134020618556
epoch=25 test: acc=0.838410, f1=0.447289, auc=0.948417, bac=0.416237, sens=0.416237, spec=0.960406
epoch=25 val: acc=0.837545, f1=0.432686, auc=0.956426, bac=0.406062, sens=0.406062, spec=0.959106
epoch=25 mix_test(alpha=0.737): acc=0.749613, f1=0.310199, auc=0.898264, bac=0.317352, sens=0.317352, spec=0.934041
epoch=25 mix_val(alpha=0.737): acc=0.759154, f1=0.328542, auc=0.900993, bac=0.326903, sens=0.326903, spec=0.936559
epoch=25 iter=26 train: total=0.977027, prob=0.000000, batch=0.000000, channel=0.000000, cls=1.075237, gauss=0.000000, aux_recon=1.020763, aux_kl=0.001977, kd_logit=0.761069, kd_feat=0.003556, lite_recon=0.822814, lite_kl=0.742425, lite_ce=0.845454, lite_acc=0.703125, mix_alpha=0.7371134020618556
epoch=25 test: acc=0.837119, f1=0.442138, auc=0.948993, bac=0.413458, sens=0.413458, spec=0.960500
epoch=25 val: acc=0.835998, f1=0.431910, auc=0.956823, bac=0.407572, sens=0.407572, spec=0.959387
epoch=25 mix_test(alpha=0.737): acc=0.749613, f1=0.298167, auc=0.884244, bac=0.301239, sens=0.301239, spec=0.934115
epoch=25 mix_val(alpha=0.737): acc=0.761217, f1=0.291423, auc=0.867886, bac=0.299258, sens=0.299258, spec=0.939830
epoch=26 iter=10 train: total=0.926356, prob=0.000000, batch=0.000000, channel=0.000000, cls=1.012757, gauss=0.000000, aux_recon=0.968093, aux_kl=0.001923, kd_logit=0.681027, kd_feat=0.003583, lite_recon=0.777546, lite_kl=0.719778, lite_ce=0.842689, lite_acc=0.648438, mix_alpha=0.7386597938144329
epoch=26 test: acc=0.835829, f1=0.444502, auc=0.948594, bac=0.416152, sens=0.416152, spec=0.960710
epoch=26 val: acc=0.836514, f1=0.432346, auc=0.956266, bac=0.408235, sens=0.408235, spec=0.959582
epoch=26 mix_test(alpha=0.739): acc=0.748064, f1=0.297476, auc=0.859895, bac=0.305427, sens=0.305427, spec=0.935334
epoch=26 mix_val(alpha=0.739): acc=0.749871, f1=0.306924, auc=0.895149, bac=0.315849, sens=0.315849, spec=0.934166
epoch=26 iter=20 train: total=0.890311, prob=0.000000, batch=0.000000, channel=0.000000, cls=1.003247, gauss=0.000000, aux_recon=0.999737, aux_kl=0.001958, kd_logit=0.634834, kd_feat=0.003578, lite_recon=0.817860, lite_kl=0.700112, lite_ce=0.801063, lite_acc=0.734375, mix_alpha=0.7386597938144329
epoch=26 test: acc=0.838926, f1=0.448414, auc=0.948785, bac=0.415777, sens=0.415777, spec=0.960339
epoch=26 val: acc=0.837545, f1=0.433314, auc=0.956092, bac=0.406306, sens=0.406306, spec=0.958981
epoch=26 mix_test(alpha=0.739): acc=0.753485, f1=0.303336, auc=0.883651, bac=0.301895, sens=0.301895, spec=0.934996
epoch=26 mix_val(alpha=0.739): acc=0.756576, f1=0.294665, auc=0.892045, bac=0.299343, sens=0.299343, spec=0.935976
epoch=27 iter=4 train: total=0.738224, prob=0.000000, batch=0.000000, channel=0.000000, cls=0.901562, gauss=0.000000, aux_recon=1.001065, aux_kl=0.001954, kd_logit=0.556312, kd_feat=0.003546, lite_recon=0.812164, lite_kl=0.798123, lite_ce=0.575763, lite_acc=0.789062, mix_alpha=0.7402061855670102
epoch=27 test: acc=0.838668, f1=0.445097, auc=0.948413, bac=0.413743, sens=0.413743, spec=0.960493
epoch=27 val: acc=0.839092, f1=0.434595, auc=0.956104, bac=0.408437, sens=0.408437, spec=0.959561
epoch=27 mix_test(alpha=0.740): acc=0.756324, f1=0.308118, auc=0.894230, bac=0.311658, sens=0.311658, spec=0.935919
epoch=27 mix_val(alpha=0.740): acc=0.754513, f1=0.298152, auc=0.886628, bac=0.303514, sens=0.303514, spec=0.934691
epoch=27 iter=14 train: total=0.969962, prob=0.000000, batch=0.000000, channel=0.000000, cls=1.015139, gauss=0.000000, aux_recon=1.009998, aux_kl=0.001967, kd_logit=0.736112, kd_feat=0.003565, lite_recon=0.867655, lite_kl=0.682914, lite_ce=0.839527, lite_acc=0.687500, mix_alpha=0.7402061855670102
epoch=27 test: acc=0.838410, f1=0.442113, auc=0.948617, bac=0.409872, sens=0.409872, spec=0.959921
epoch=27 val: acc=0.837545, f1=0.433265, auc=0.956644, bac=0.405213, sens=0.405213, spec=0.958391
epoch=27 mix_test(alpha=0.740): acc=0.755808, f1=0.339777, auc=0.870165, bac=0.327942, sens=0.327942, spec=0.935455
epoch=27 mix_val(alpha=0.740): acc=0.756576, f1=0.312942, auc=0.896628, bac=0.318498, sens=0.318498, spec=0.935641
epoch=27 iter=24 train: total=0.893255, prob=0.000000, batch=0.000000, channel=0.000000, cls=1.006593, gauss=0.000000, aux_recon=0.988203, aux_kl=0.001941, kd_logit=0.612830, kd_feat=0.003562, lite_recon=0.809229, lite_kl=0.710760, lite_ce=0.832211, lite_acc=0.656250, mix_alpha=0.7402061855670102
epoch=27 test: acc=0.838668, f1=0.450541, auc=0.948889, bac=0.416822, sens=0.416822, spec=0.959960
epoch=27 val: acc=0.837029, f1=0.431526, auc=0.956578, bac=0.404550, sens=0.404550, spec=0.958576
epoch=27 mix_test(alpha=0.740): acc=0.754259, f1=0.310277, auc=0.877748, bac=0.308867, sens=0.308867, spec=0.935239
epoch=27 mix_val(alpha=0.740): acc=0.758638, f1=0.298587, auc=0.879862, bac=0.301547, sens=0.301547, spec=0.936651
epoch=28 iter=8 train: total=0.993172, prob=0.000000, batch=0.000000, channel=0.000000, cls=0.997079, gauss=0.000000, aux_recon=1.040735, aux_kl=0.002028, kd_logit=0.781991, kd_feat=0.003591, lite_recon=0.857435, lite_kl=0.692466, lite_ce=0.843939, lite_acc=0.710938, mix_alpha=0.7417525773195875
epoch=28 test: acc=0.839442, f1=0.442970, auc=0.948687, bac=0.411085, sens=0.411085, spec=0.960179
epoch=28 val: acc=0.837545, f1=0.433621, auc=0.956792, bac=0.406637, sens=0.406637, spec=0.958867
epoch=28 mix_test(alpha=0.742): acc=0.750645, f1=0.308115, auc=0.886295, bac=0.309893, sens=0.309893, spec=0.933194
epoch=28 mix_val(alpha=0.742): acc=0.752450, f1=0.284473, auc=0.887751, bac=0.287543, sens=0.287543, spec=0.933325
epoch=28 iter=18 train: total=0.882159, prob=0.000000, batch=0.000000, channel=0.000000, cls=1.047649, gauss=0.000000, aux_recon=0.986110, aux_kl=0.001922, kd_logit=0.583180, kd_feat=0.003554, lite_recon=0.836030, lite_kl=0.731358, lite_ce=0.828544, lite_acc=0.687500, mix_alpha=0.7417525773195875
epoch=28 test: acc=0.837636, f1=0.448338, auc=0.948890, bac=0.417114, sens=0.417114, spec=0.960193
epoch=28 val: acc=0.838577, f1=0.433832, auc=0.956156, bac=0.408340, sens=0.408340, spec=0.959513
epoch=28 mix_test(alpha=0.742): acc=0.747290, f1=0.302156, auc=0.873112, bac=0.306449, sens=0.306449, spec=0.933540
epoch=28 mix_val(alpha=0.742): acc=0.754513, f1=0.323519, auc=0.889847, bac=0.330474, sens=0.330474, spec=0.936345
epoch=29 iter=2 train: total=0.990144, prob=0.000000, batch=0.000000, channel=0.000000, cls=0.977551, gauss=0.000000, aux_recon=1.038518, aux_kl=0.002001, kd_logit=0.750646, kd_feat=0.003564, lite_recon=0.849621, lite_kl=0.722913, lite_ce=0.871770, lite_acc=0.726562, mix_alpha=0.7432989690721649
epoch=29 test: acc=0.837894, f1=0.442264, auc=0.949116, bac=0.410590, sens=0.410590, spec=0.959799
epoch=29 val: acc=0.838061, f1=0.433998, auc=0.956525, bac=0.406498, sens=0.406498, spec=0.958700
epoch=29 mix_test(alpha=0.743): acc=0.754517, f1=0.351617, auc=0.879845, bac=0.341412, sens=0.341412, spec=0.934667
epoch=29 mix_val(alpha=0.743): acc=0.747808, f1=0.311852, auc=0.897300, bac=0.320558, sens=0.320558, spec=0.934824
epoch=29 iter=12 train: total=1.022158, prob=0.000000, batch=0.000000, channel=0.000000, cls=1.067757, gauss=0.000000, aux_recon=0.999430, aux_kl=0.001942, kd_logit=0.662000, kd_feat=0.003567, lite_recon=0.826567, lite_kl=0.709916, lite_ce=1.033923, lite_acc=0.609375, mix_alpha=0.7432989690721649
epoch=29 test: acc=0.836603, f1=0.447501, auc=0.948756, bac=0.413309, sens=0.413309, spec=0.958952
epoch=29 val: acc=0.839608, f1=0.433548, auc=0.956406, bac=0.405036, sens=0.405036, spec=0.958586
epoch=29 mix_test(alpha=0.743): acc=0.751420, f1=0.293878, auc=0.883819, bac=0.297183, sens=0.297183, spec=0.932620
epoch=29 mix_val(alpha=0.743): acc=0.751418, f1=0.290270, auc=0.867927, bac=0.295679, sens=0.295679, spec=0.934351
epoch=29 iter=22 train: total=0.907392, prob=0.000000, batch=0.000000, channel=0.000000, cls=1.000559, gauss=0.000000, aux_recon=1.033817, aux_kl=0.001964, kd_logit=0.683128, kd_feat=0.003567, lite_recon=0.860182, lite_kl=0.758181, lite_ce=0.768852, lite_acc=0.718750, mix_alpha=0.7432989690721649
epoch=29 test: acc=0.838668, f1=0.445886, auc=0.949026, bac=0.413569, sens=0.413569, spec=0.960135
epoch=29 val: acc=0.838061, f1=0.434162, auc=0.956280, bac=0.406734, sens=0.406734, spec=0.958929
epoch=29 mix_test(alpha=0.743): acc=0.750903, f1=0.311500, auc=0.885346, bac=0.315660, sens=0.315660, spec=0.934811
epoch=29 mix_val(alpha=0.743): acc=0.751934, f1=0.312051, auc=0.854343, bac=0.322380, sens=0.322380, spec=0.934967
epoch=30 iter=6 train: total=0.881548, prob=0.000000, batch=0.000000, channel=0.000000, cls=1.017543, gauss=0.000000, aux_recon=1.011515, aux_kl=0.001923, kd_logit=0.670612, kd_feat=0.003545, lite_recon=0.866358, lite_kl=0.739805, lite_ce=0.727600, lite_acc=0.757812, mix_alpha=0.7448453608247423
epoch=30 test: acc=0.840217, f1=0.449700, auc=0.948990, bac=0.416440, sens=0.416440, spec=0.960358
epoch=30 val: acc=0.839092, f1=0.434290, auc=0.956181, bac=0.406645, sens=0.406645, spec=0.958972
epoch=30 mix_test(alpha=0.745): acc=0.741353, f1=0.310886, auc=0.868502, bac=0.304160, sens=0.304160, spec=0.931901
epoch=30 mix_val(alpha=0.745): acc=0.754513, f1=0.341700, auc=0.872927, bac=0.340205, sens=0.340205, spec=0.935296
epoch=30 iter=16 train: total=0.856783, prob=0.000000, batch=0.000000, channel=0.000000, cls=1.005624, gauss=0.000000, aux_recon=0.986209, aux_kl=0.001942, kd_logit=0.581045, kd_feat=0.003551, lite_recon=0.802445, lite_kl=0.721102, lite_ce=0.793570, lite_acc=0.679688, mix_alpha=0.7448453608247423
epoch=30 test: acc=0.839442, f1=0.450242, auc=0.948838, bac=0.417958, sens=0.417958, spec=0.960478
epoch=30 val: acc=0.837545, f1=0.432666, auc=0.956162, bac=0.405166, sens=0.405166, spec=0.958857
epoch=30 mix_test(alpha=0.745): acc=0.753743, f1=0.309850, auc=0.884286, bac=0.313496, sens=0.313496, spec=0.934276
epoch=30 mix_val(alpha=0.745): acc=0.756576, f1=0.320160, auc=0.900901, bac=0.320176, sens=0.320176, spec=0.934152
epoch=30 iter=26 train: total=0.953014, prob=0.000000, batch=0.000000, channel=0.000000, cls=1.097576, gauss=0.000000, aux_recon=1.011676, aux_kl=0.001882, kd_logit=0.671542, kd_feat=0.003569, lite_recon=0.861430, lite_kl=0.719949, lite_ce=0.871945, lite_acc=0.664062, mix_alpha=0.7448453608247423
epoch=30 test: acc=0.839184, f1=0.446607, auc=0.948962, bac=0.414666, sens=0.414666, spec=0.960210
epoch=30 val: acc=0.839092, f1=0.434594, auc=0.956673, bac=0.407824, sens=0.407824, spec=0.959433
epoch=30 mix_test(alpha=0.745): acc=0.751162, f1=0.293918, auc=0.859264, bac=0.300090, sens=0.300090, spec=0.935911
epoch=30 mix_val(alpha=0.745): acc=0.756576, f1=0.298411, auc=0.891126, bac=0.303718, sens=0.303718, spec=0.936618
epoch=31 iter=10 train: total=0.758309, prob=0.000000, batch=0.000000, channel=0.000000, cls=0.991469, gauss=0.000000, aux_recon=0.976584, aux_kl=0.001912, kd_logit=0.506718, kd_feat=0.003566, lite_recon=0.798085, lite_kl=0.741695, lite_ce=0.672266, lite_acc=0.773438, mix_alpha=0.7463917525773196
epoch=31 test: acc=0.837119, f1=0.449523, auc=0.948701, bac=0.417564, sens=0.417564, spec=0.960291
epoch=31 val: acc=0.839608, f1=0.434798, auc=0.956630, bac=0.408817, sens=0.408817, spec=0.959759
epoch=31 mix_test(alpha=0.746): acc=0.743676, f1=0.338327, auc=0.859391, bac=0.325618, sens=0.325618, spec=0.932991
epoch=31 mix_val(alpha=0.746): acc=0.753481, f1=0.289168, auc=0.900790, bac=0.298123, sens=0.298123, spec=0.936509
epoch=31 iter=20 train: total=0.923237, prob=0.000000, batch=0.000000, channel=0.000000, cls=1.047996, gauss=0.000000, aux_recon=1.076108, aux_kl=0.002076, kd_logit=0.624713, kd_feat=0.003557, lite_recon=0.924335, lite_kl=0.753570, lite_ce=0.833398, lite_acc=0.664062, mix_alpha=0.7463917525773196
epoch=31 test: acc=0.838152, f1=0.449281, auc=0.948904, bac=0.419119, sens=0.419119, spec=0.960806
epoch=31 val: acc=0.837545, f1=0.431538, auc=0.956391, bac=0.406825, sens=0.406825, spec=0.959584
epoch=31 mix_test(alpha=0.746): acc=0.754259, f1=0.311633, auc=0.889552, bac=0.317409, sens=0.317409, spec=0.934882
epoch=31 mix_val(alpha=0.746): acc=0.744714, f1=0.293653, auc=0.878567, bac=0.299096, sens=0.299096, spec=0.932647
epoch=32 iter=4 train: total=0.907992, prob=0.000000, batch=0.000000, channel=0.000000, cls=0.981280, gauss=0.000000, aux_recon=0.998512, aux_kl=0.001987, kd_logit=0.625568, kd_feat=0.003562, lite_recon=0.842134, lite_kl=0.726016, lite_ce=0.835480, lite_acc=0.687500, mix_alpha=0.7479381443298969
epoch=32 test: acc=0.837377, f1=0.440669, auc=0.948743, bac=0.409961, sens=0.409961, spec=0.960088
epoch=32 val: acc=0.837029, f1=0.432545, auc=0.956703, bac=0.406587, sens=0.406587, spec=0.959048
epoch=32 mix_test(alpha=0.748): acc=0.746773, f1=0.283965, auc=0.876201, bac=0.288498, sens=0.288498, spec=0.933825
epoch=32 mix_val(alpha=0.748): acc=0.755028, f1=0.322150, auc=0.838337, bac=0.327280, sens=0.327280, spec=0.935484
epoch=32 iter=14 train: total=0.911677, prob=0.000000, batch=0.000000, channel=0.000000, cls=1.044709, gauss=0.000000, aux_recon=1.011344, aux_kl=0.001934, kd_logit=0.614698, kd_feat=0.003542, lite_recon=0.868700, lite_kl=0.742118, lite_ce=0.842791, lite_acc=0.687500, mix_alpha=0.7479381443298969
epoch=32 test: acc=0.836603, f1=0.434004, auc=0.948604, bac=0.406048, sens=0.406048, spec=0.960103
epoch=32 val: acc=0.835998, f1=0.432166, auc=0.956475, bac=0.406723, sens=0.406723, spec=0.958904
epoch=32 mix_test(alpha=0.748): acc=0.742901, f1=0.285433, auc=0.863282, bac=0.291328, sens=0.291328, spec=0.933084
epoch=32 mix_val(alpha=0.748): acc=0.755028, f1=0.299538, auc=0.875562, bac=0.305434, sens=0.305434, spec=0.936063
epoch=32 iter=24 train: total=0.923769, prob=0.000000, batch=0.000000, channel=0.000000, cls=1.071837, gauss=0.000000, aux_recon=1.015217, aux_kl=0.001988, kd_logit=0.617373, kd_feat=0.003574, lite_recon=0.824938, lite_kl=0.714207, lite_ce=0.882332, lite_acc=0.710938, mix_alpha=0.7479381443298969
epoch=32 test: acc=0.838152, f1=0.447346, auc=0.948795, bac=0.415627, sens=0.415627, spec=0.960538
epoch=32 val: acc=0.837545, f1=0.433789, auc=0.955743, bac=0.407533, sens=0.407533, spec=0.959213
epoch=32 mix_test(alpha=0.748): acc=0.740578, f1=0.287907, auc=0.865982, bac=0.292734, sens=0.292734, spec=0.932380
epoch=32 mix_val(alpha=0.748): acc=0.765859, f1=0.338132, auc=0.903406, bac=0.339852, sens=0.339852, spec=0.938224
epoch=33 iter=8 train: total=1.009179, prob=0.000000, batch=0.000000, channel=0.000000, cls=1.033423, gauss=0.000000, aux_recon=0.999192, aux_kl=0.001929, kd_logit=0.758025, kd_feat=0.003583, lite_recon=0.867679, lite_kl=0.724004, lite_ce=0.895198, lite_acc=0.710938, mix_alpha=0.7494845360824742
epoch=33 test: acc=0.838668, f1=0.448493, auc=0.948798, bac=0.416114, sens=0.416114, spec=0.960312
epoch=33 val: acc=0.837029, f1=0.432929, auc=0.956147, bac=0.406823, sens=0.406823, spec=0.959037
epoch=33 mix_test(alpha=0.749): acc=0.751936, f1=0.289662, auc=0.877543, bac=0.291910, sens=0.291910, spec=0.935578
epoch=33 mix_val(alpha=0.749): acc=0.738009, f1=0.296133, auc=0.889110, bac=0.307850, sens=0.307850, spec=0.932395
epoch=33 iter=18 train: total=0.917764, prob=0.000000, batch=0.000000, channel=0.000000, cls=0.995413, gauss=0.000000, aux_recon=0.991903, aux_kl=0.001987, kd_logit=0.643819, kd_feat=0.003551, lite_recon=0.832106, lite_kl=0.642007, lite_ce=0.842477, lite_acc=0.742188, mix_alpha=0.7494845360824742
epoch=33 test: acc=0.838668, f1=0.449800, auc=0.948416, bac=0.418548, sens=0.418548, spec=0.960577
epoch=33 val: acc=0.838061, f1=0.431926, auc=0.956397, bac=0.407913, sens=0.407913, spec=0.959561
epoch=33 mix_test(alpha=0.749): acc=0.743418, f1=0.298527, auc=0.887371, bac=0.307264, sens=0.307264, spec=0.933042
epoch=33 mix_val(alpha=0.749): acc=0.751934, f1=0.315315, auc=0.877211, bac=0.326642, sens=0.326642, spec=0.933644
epoch=34 iter=2 train: total=0.942067, prob=0.000000, batch=0.000000, channel=0.000000, cls=1.042430, gauss=0.000000, aux_recon=1.046727, aux_kl=0.002015, kd_logit=0.724683, kd_feat=0.003557, lite_recon=0.858053, lite_kl=0.783180, lite_ce=0.797008, lite_acc=0.710938, mix_alpha=0.7510309278350515
epoch=34 test: acc=0.839442, f1=0.450339, auc=0.948931, bac=0.417105, sens=0.417105, spec=0.960240
epoch=34 val: acc=0.838061, f1=0.433747, auc=0.956689, bac=0.406403, sens=0.406403, spec=0.959045
epoch=34 mix_test(alpha=0.751): acc=0.746773, f1=0.297771, auc=0.875367, bac=0.300834, sens=0.300834, spec=0.933259
epoch=34 mix_val(alpha=0.751): acc=0.755028, f1=0.324800, auc=0.900312, bac=0.327887, sens=0.327887, spec=0.935585
epoch=34 iter=12 train: total=0.985794, prob=0.000000, batch=0.000000, channel=0.000000, cls=1.102394, gauss=0.000000, aux_recon=0.971387, aux_kl=0.001856, kd_logit=0.705079, kd_feat=0.003557, lite_recon=0.835491, lite_kl=0.720228, lite_ce=0.914352, lite_acc=0.679688, mix_alpha=0.7510309278350515
epoch=34 test: acc=0.839184, f1=0.447434, auc=0.949047, bac=0.415519, sens=0.415519, spec=0.960503
epoch=34 val: acc=0.838577, f1=0.434060, auc=0.956420, bac=0.407114, sens=0.407114, spec=0.959359
epoch=34 mix_test(alpha=0.751): acc=0.747031, f1=0.301834, auc=0.875387, bac=0.304418, sens=0.304418, spec=0.935203
epoch=34 mix_val(alpha=0.751): acc=0.752450, f1=0.301288, auc=0.858417, bac=0.305590, sens=0.305590, spec=0.935886
epoch=34 iter=22 train: total=0.938275, prob=0.000000, batch=0.000000, channel=0.000000, cls=0.989113, gauss=0.000000, aux_recon=0.996439, aux_kl=0.001889, kd_logit=0.716751, kd_feat=0.003568, lite_recon=0.844029, lite_kl=0.754593, lite_ce=0.803527, lite_acc=0.703125, mix_alpha=0.7510309278350515
epoch=34 test: acc=0.838668, f1=0.448338, auc=0.948716, bac=0.415130, sens=0.415130, spec=0.960016
epoch=34 val: acc=0.836514, f1=0.431428, auc=0.956731, bac=0.404453, sens=0.404453, spec=0.958500
epoch=34 mix_test(alpha=0.751): acc=0.745225, f1=0.318439, auc=0.874196, bac=0.309059, sens=0.309059, spec=0.932135
epoch=34 mix_val(alpha=0.751): acc=0.752965, f1=0.312894, auc=0.887503, bac=0.318576, sens=0.318576, spec=0.936071
epoch=35 iter=6 train: total=0.865351, prob=0.000000, batch=0.000000, channel=0.000000, cls=1.035724, gauss=0.000000, aux_recon=1.016030, aux_kl=0.001915, kd_logit=0.625411, kd_feat=0.003574, lite_recon=0.860245, lite_kl=0.735589, lite_ce=0.742908, lite_acc=0.750000, mix_alpha=0.7525773195876289
epoch=35 test: acc=0.835312, f1=0.444316, auc=0.948484, bac=0.414687, sens=0.414687, spec=0.960500
epoch=35 val: acc=0.837545, f1=0.433528, auc=0.955956, bac=0.408995, sens=0.408995, spec=0.959825
epoch=35 mix_test(alpha=0.753): acc=0.739804, f1=0.287433, auc=0.873398, bac=0.295668, sens=0.295668, spec=0.934579
epoch=35 mix_val(alpha=0.753): acc=0.740072, f1=0.295304, auc=0.892624, bac=0.307928, sens=0.307928, spec=0.934236
epoch=35 iter=16 train: total=0.841518, prob=0.000000, batch=0.000000, channel=0.000000, cls=1.028423, gauss=0.000000, aux_recon=0.942926, aux_kl=0.001856, kd_logit=0.603412, kd_feat=0.003559, lite_recon=0.789930, lite_kl=0.757035, lite_ce=0.744954, lite_acc=0.750000, mix_alpha=0.7525773195876289
epoch=35 test: acc=0.838152, f1=0.449634, auc=0.948683, bac=0.417739, sens=0.417739, spec=0.960318
epoch=35 val: acc=0.837029, f1=0.432900, auc=0.956309, bac=0.407153, sens=0.407153, spec=0.959047
epoch=35 mix_test(alpha=0.753): acc=0.740062, f1=0.309853, auc=0.870239, bac=0.315165, sens=0.315165, spec=0.931084
epoch=35 mix_val(alpha=0.753): acc=0.745229, f1=0.290739, auc=0.880381, bac=0.302998, sens=0.302998, spec=0.934492
epoch=35 iter=26 train: total=0.972325, prob=0.000000, batch=0.000000, channel=0.000000, cls=1.095836, gauss=0.000000, aux_recon=0.966142, aux_kl=0.001867, kd_logit=0.663702, kd_feat=0.003565, lite_recon=0.834492, lite_kl=0.766750, lite_ce=0.928252, lite_acc=0.703125, mix_alpha=0.7525773195876289
epoch=35 test: acc=0.839442, f1=0.448123, auc=0.948822, bac=0.414978, sens=0.414978, spec=0.960239
epoch=35 val: acc=0.839092, f1=0.433630, auc=0.956293, bac=0.406353, sens=0.406353, spec=0.959315
epoch=35 mix_test(alpha=0.753): acc=0.737739, f1=0.286421, auc=0.874855, bac=0.289960, sens=0.289960, spec=0.930886
epoch=35 mix_val(alpha=0.753): acc=0.757091, f1=0.324900, auc=0.870182, bac=0.323720, sens=0.323720, spec=0.933816
epoch=36 iter=10 train: total=0.948207, prob=0.000000, batch=0.000000, channel=0.000000, cls=1.087559, gauss=0.000000, aux_recon=1.034341, aux_kl=0.002041, kd_logit=0.671765, kd_feat=0.003564, lite_recon=0.860978, lite_kl=0.781389, lite_ce=0.861066, lite_acc=0.687500, mix_alpha=0.7541237113402062
epoch=36 test: acc=0.839701, f1=0.448155, auc=0.948570, bac=0.415644, sens=0.415644, spec=0.960169
epoch=36 val: acc=0.837029, f1=0.432176, auc=0.956471, bac=0.404833, sens=0.404833, spec=0.958449
epoch=36 mix_test(alpha=0.754): acc=0.746515, f1=0.311543, auc=0.892312, bac=0.312690, sens=0.312690, spec=0.931869
epoch=36 mix_val(alpha=0.754): acc=0.735946, f1=0.292233, auc=0.873929, bac=0.297604, sens=0.297604, spec=0.930485
epoch=36 iter=20 train: total=0.881343, prob=0.000000, batch=0.000000, channel=0.000000, cls=0.998320, gauss=0.000000, aux_recon=0.971195, aux_kl=0.001881, kd_logit=0.687751, kd_feat=0.003564, lite_recon=0.805297, lite_kl=0.688470, lite_ce=0.735482, lite_acc=0.726562, mix_alpha=0.7541237113402062
epoch=36 test: acc=0.839442, f1=0.447178, auc=0.948437, bac=0.415473, sens=0.415473, spec=0.960252
epoch=36 val: acc=0.836514, f1=0.430597, auc=0.956478, bac=0.403793, sens=0.403793, spec=0.958472
epoch=36 mix_test(alpha=0.754): acc=0.747031, f1=0.294617, auc=0.892706, bac=0.302625, sens=0.302625, spec=0.934255
epoch=36 mix_val(alpha=0.754): acc=0.753997, f1=0.312461, auc=0.901948, bac=0.317712, sens=0.317712, spec=0.934769
epoch=37 iter=4 train: total=0.860768, prob=0.000000, batch=0.000000, channel=0.000000, cls=1.013498, gauss=0.000000, aux_recon=0.983391, aux_kl=0.001935, kd_logit=0.616961, kd_feat=0.003569, lite_recon=0.806153, lite_kl=0.720321, lite_ce=0.764138, lite_acc=0.718750, mix_alpha=0.7556701030927835
epoch=37 test: acc=0.839701, f1=0.451509, auc=0.948691, bac=0.416875, sens=0.416875, spec=0.959913
epoch=37 val: acc=0.837029, f1=0.432435, auc=0.956721, bac=0.403985, sens=0.403985, spec=0.957966
epoch=37 mix_test(alpha=0.756): acc=0.742643, f1=0.283009, auc=0.886455, bac=0.285381, sens=0.285381, spec=0.932185
epoch=37 mix_val(alpha=0.756): acc=0.743167, f1=0.292781, auc=0.879110, bac=0.292912, sens=0.292912, spec=0.932097
epoch=37 iter=14 train: total=0.901602, prob=0.000000, batch=0.000000, channel=0.000000, cls=1.068689, gauss=0.000000, aux_recon=0.932699, aux_kl=0.001810, kd_logit=0.648795, kd_feat=0.003582, lite_recon=0.807864, lite_kl=0.705303, lite_ce=0.813574, lite_acc=0.718750, mix_alpha=0.7556701030927835
epoch=37 test: acc=0.838926, f1=0.443202, auc=0.948931, bac=0.409224, sens=0.409224, spec=0.959327
epoch=37 val: acc=0.837545, f1=0.432461, auc=0.956793, bac=0.403516, sens=0.403516, spec=0.957812
epoch=37 mix_test(alpha=0.756): acc=0.744966, f1=0.277908, auc=0.873728, bac=0.278889, sens=0.278889, spec=0.930165
epoch=37 mix_val(alpha=0.756): acc=0.748324, f1=0.348447, auc=0.872632, bac=0.335997, sens=0.335997, spec=0.933189
epoch=37 iter=24 train: total=0.986949, prob=0.000000, batch=0.000000, channel=0.000000, cls=1.144916, gauss=0.000000, aux_recon=1.031750, aux_kl=0.001925, kd_logit=0.667963, kd_feat=0.003577, lite_recon=0.912233, lite_kl=0.729645, lite_ce=0.922873, lite_acc=0.648438, mix_alpha=0.7556701030927835
epoch=37 test: acc=0.838410, f1=0.441810, auc=0.948767, bac=0.409990, sens=0.409990, spec=0.959976
epoch=37 val: acc=0.837029, f1=0.433595, auc=0.956455, bac=0.405691, sens=0.405691, spec=0.958313
epoch=37 mix_test(alpha=0.756): acc=0.743934, f1=0.304635, auc=0.868313, bac=0.310421, sens=0.310421, spec=0.933318
epoch=37 mix_val(alpha=0.756): acc=0.746261, f1=0.307967, auc=0.862543, bac=0.315695, sens=0.315695, spec=0.934853
epoch=38 iter=8 train: total=0.893497, prob=0.000000, batch=0.000000, channel=0.000000, cls=1.013952, gauss=0.000000, aux_recon=1.005130, aux_kl=0.001953, kd_logit=0.674402, kd_feat=0.003572, lite_recon=0.864072, lite_kl=0.702078, lite_ce=0.749349, lite_acc=0.750000, mix_alpha=0.7572164948453608
epoch=38 test: acc=0.838410, f1=0.446264, auc=0.948752, bac=0.414779, sens=0.414779, spec=0.960383
epoch=38 val: acc=0.838577, f1=0.434649, auc=0.956397, bac=0.407066, sens=0.407066, spec=0.959336
epoch=38 mix_test(alpha=0.757): acc=0.745999, f1=0.316370, auc=0.879315, bac=0.309258, sens=0.309258, spec=0.933507
epoch=38 mix_val(alpha=0.757): acc=0.752965, f1=0.315152, auc=0.907885, bac=0.316757, sens=0.316757, spec=0.936033
epoch=38 iter=18 train: total=0.860528, prob=0.000000, batch=0.000000, channel=0.000000, cls=1.016301, gauss=0.000000, aux_recon=0.976557, aux_kl=0.001925, kd_logit=0.626041, kd_feat=0.003547, lite_recon=0.810693, lite_kl=0.726041, lite_ce=0.752670, lite_acc=0.695312, mix_alpha=0.7572164948453608
epoch=38 test: acc=0.839701, f1=0.451988, auc=0.949030, bac=0.418718, sens=0.418718, spec=0.960581
epoch=38 val: acc=0.837029, f1=0.432412, auc=0.956453, bac=0.405965, sens=0.405965, spec=0.959027
epoch=38 mix_test(alpha=0.757): acc=0.745999, f1=0.305758, auc=0.865084, bac=0.306056, sens=0.306056, spec=0.932263
epoch=38 mix_val(alpha=0.757): acc=0.755028, f1=0.367726, auc=0.887280, bac=0.349621, sens=0.349621, spec=0.935400
epoch=39 iter=2 train: total=0.878107, prob=0.000000, batch=0.000000, channel=0.000000, cls=1.050882, gauss=0.000000, aux_recon=0.936944, aux_kl=0.001825, kd_logit=0.653690, kd_feat=0.003577, lite_recon=0.811940, lite_kl=0.715551, lite_ce=0.759859, lite_acc=0.718750, mix_alpha=0.7587628865979381
epoch=39 test: acc=0.838926, f1=0.450642, auc=0.949036, bac=0.417201, sens=0.417201, spec=0.959951
epoch=39 val: acc=0.837545, f1=0.432455, auc=0.956633, bac=0.404647, sens=0.404647, spec=0.958403
epoch=39 mix_test(alpha=0.759): acc=0.745741, f1=0.321582, auc=0.866170, bac=0.312477, sens=0.312477, spec=0.933027
epoch=39 mix_val(alpha=0.759): acc=0.739041, f1=0.287655, auc=0.853857, bac=0.302506, sens=0.302506, spec=0.933541
epoch=39 iter=12 train: total=0.892852, prob=0.000000, batch=0.000000, channel=0.000000, cls=1.080582, gauss=0.000000, aux_recon=0.968438, aux_kl=0.001898, kd_logit=0.674096, kd_feat=0.003560, lite_recon=0.797625, lite_kl=0.756773, lite_ce=0.773863, lite_acc=0.734375, mix_alpha=0.7587628865979381
epoch=39 test: acc=0.838926, f1=0.447915, auc=0.948947, bac=0.415800, sens=0.415800, spec=0.960478
epoch=39 val: acc=0.839092, f1=0.433376, auc=0.956637, bac=0.407014, sens=0.407014, spec=0.959461
epoch=39 mix_test(alpha=0.759): acc=0.744708, f1=0.289329, auc=0.877884, bac=0.294053, sens=0.294053, spec=0.933766
epoch=39 mix_val(alpha=0.759): acc=0.759670, f1=0.333935, auc=0.905076, bac=0.336292, sens=0.336292, spec=0.935775
epoch=39 iter=22 train: total=0.930770, prob=0.000000, batch=0.000000, channel=0.000000, cls=1.001814, gauss=0.000000, aux_recon=1.033332, aux_kl=0.001948, kd_logit=0.728231, kd_feat=0.003539, lite_recon=0.883693, lite_kl=0.752022, lite_ce=0.761252, lite_acc=0.750000, mix_alpha=0.7587628865979381
epoch=39 test: acc=0.838152, f1=0.447979, auc=0.948949, bac=0.415647, sens=0.415647, spec=0.960134
epoch=39 val: acc=0.835998, f1=0.431979, auc=0.956596, bac=0.405214, sens=0.405214, spec=0.958426
epoch=39 mix_test(alpha=0.759): acc=0.739029, f1=0.315486, auc=0.867252, bac=0.311437, sens=0.311437, spec=0.931463
epoch=39 mix_val(alpha=0.759): acc=0.750903, f1=0.344945, auc=0.880453, bac=0.338176, sens=0.338176, spec=0.933433
epoch=40 iter=6 train: total=1.004191, prob=0.000000, batch=0.000000, channel=0.000000, cls=1.130753, gauss=0.000000, aux_recon=0.965791, aux_kl=0.001840, kd_logit=0.645379, kd_feat=0.003558, lite_recon=0.831443, lite_kl=0.738925, lite_ce=1.012090, lite_acc=0.648438, mix_alpha=0.7603092783505154
epoch=40 test: acc=0.837894, f1=0.446244, auc=0.948525, bac=0.414890, sens=0.414890, spec=0.960455
epoch=40 val: acc=0.838577, f1=0.433736, auc=0.956418, bac=0.408340, sens=0.408340, spec=0.959627
epoch=40 mix_test(alpha=0.760): acc=0.733351, f1=0.291936, auc=0.856838, bac=0.302965, sens=0.302965, spec=0.930744
epoch=40 mix_val(alpha=0.760): acc=0.746261, f1=0.274444, auc=0.866879, bac=0.282516, sens=0.282516, spec=0.933805
epoch=40 iter=16 train: total=0.931498, prob=0.000000, batch=0.000000, channel=0.000000, cls=1.037048, gauss=0.000000, aux_recon=0.974551, aux_kl=0.001867, kd_logit=0.657893, kd_feat=0.003569, lite_recon=0.866043, lite_kl=0.690910, lite_ce=0.841298, lite_acc=0.695312, mix_alpha=0.7603092783505154
epoch=40 test: acc=0.838410, f1=0.447532, auc=0.948578, bac=0.414955, sens=0.414955, spec=0.960272
epoch=40 val: acc=0.838061, f1=0.433626, auc=0.955921, bac=0.405876, sens=0.405876, spec=0.958811
epoch=40 mix_test(alpha=0.760): acc=0.746515, f1=0.293010, auc=0.858894, bac=0.298398, sens=0.298398, spec=0.933543
epoch=40 mix_val(alpha=0.760): acc=0.744198, f1=0.286084, auc=0.870844, bac=0.292568, sens=0.292568, spec=0.935107
epoch=40 iter=26 train: total=0.986674, prob=0.000000, batch=0.000000, channel=0.000000, cls=1.078956, gauss=0.000000, aux_recon=0.964259, aux_kl=0.001838, kd_logit=0.712246, kd_feat=0.003587, lite_recon=0.846914, lite_kl=0.694808, lite_ce=0.904852, lite_acc=0.632812, mix_alpha=0.7603092783505154
epoch=40 test: acc=0.838152, f1=0.448035, auc=0.948823, bac=0.417659, sens=0.417659, spec=0.960441
epoch=40 val: acc=0.836514, f1=0.431211, auc=0.956981, bac=0.407339, sens=0.407339, spec=0.959217
epoch=40 mix_test(alpha=0.760): acc=0.737223, f1=0.287214, auc=0.886592, bac=0.293427, sens=0.293427, spec=0.931980
epoch=40 mix_val(alpha=0.760): acc=0.729242, f1=0.285150, auc=0.821374, bac=0.296893, sens=0.296893, spec=0.930731
epoch=41 iter=10 train: total=0.877545, prob=0.000000, batch=0.000000, channel=0.000000, cls=1.032988, gauss=0.000000, aux_recon=1.081946, aux_kl=0.002014, kd_logit=0.636363, kd_feat=0.003546, lite_recon=0.900881, lite_kl=0.719389, lite_ce=0.740441, lite_acc=0.750000, mix_alpha=0.7618556701030927
epoch=41 test: acc=0.838926, f1=0.446032, auc=0.948874, bac=0.415603, sens=0.415603, spec=0.960327
epoch=41 val: acc=0.835998, f1=0.431935, auc=0.957328, bac=0.406723, sens=0.406723, spec=0.958913
epoch=41 mix_test(alpha=0.762): acc=0.735932, f1=0.311940, auc=0.859925, bac=0.307550, sens=0.307550, spec=0.931565
epoch=41 mix_val(alpha=0.762): acc=0.750387, f1=0.297815, auc=0.872154, bac=0.302584, sens=0.302584, spec=0.935704
epoch=41 iter=20 train: total=0.987944, prob=0.000000, batch=0.000000, channel=0.000000, cls=1.088902, gauss=0.000000, aux_recon=0.980955, aux_kl=0.001860, kd_logit=0.738564, kd_feat=0.003563, lite_recon=0.853725, lite_kl=0.708191, lite_ce=0.878106, lite_acc=0.679688, mix_alpha=0.7618556701030927
epoch=41 test: acc=0.836345, f1=0.447364, auc=0.948713, bac=0.417528, sens=0.417528, spec=0.960258
epoch=41 val: acc=0.836514, f1=0.432168, auc=0.957133, bac=0.407386, sens=0.407386, spec=0.959225
epoch=41 mix_test(alpha=0.762): acc=0.741353, f1=0.293633, auc=0.863868, bac=0.306888, sens=0.306888, spec=0.933533
epoch=41 mix_val(alpha=0.762): acc=0.738009, f1=0.310092, auc=0.879998, bac=0.317144, sens=0.317144, spec=0.933825
epoch=42 iter=4 train: total=0.891459, prob=0.000000, batch=0.000000, channel=0.000000, cls=1.124706, gauss=0.000000, aux_recon=1.018051, aux_kl=0.002010, kd_logit=0.630751, kd_feat=0.003561, lite_recon=0.826092, lite_kl=0.720753, lite_ce=0.803754, lite_acc=0.695312, mix_alpha=0.76340206185567
epoch=42 test: acc=0.839184, f1=0.450026, auc=0.948906, bac=0.417811, sens=0.417811, spec=0.960515
epoch=42 val: acc=0.837545, f1=0.433057, auc=0.956643, bac=0.406684, sens=0.406684, spec=0.958998
epoch=42 mix_test(alpha=0.763): acc=0.733867, f1=0.274130, auc=0.860022, bac=0.280183, sens=0.280183, spec=0.929675
epoch=42 mix_val(alpha=0.763): acc=0.742135, f1=0.291812, auc=0.879733, bac=0.300134, sens=0.300134, spec=0.933528
epoch=42 iter=14 train: total=0.903758, prob=0.000000, batch=0.000000, channel=0.000000, cls=1.090198, gauss=0.000000, aux_recon=0.963406, aux_kl=0.001894, kd_logit=0.650759, kd_feat=0.003549, lite_recon=0.822736, lite_kl=0.812574, lite_ce=0.807862, lite_acc=0.687500, mix_alpha=0.76340206185567
epoch=42 test: acc=0.838926, f1=0.451090, auc=0.948757, bac=0.417488, sens=0.417488, spec=0.959834
epoch=42 val: acc=0.838061, f1=0.432508, auc=0.957023, bac=0.404462, sens=0.404462, spec=0.958366
epoch=42 mix_test(alpha=0.763): acc=0.748064, f1=0.304731, auc=0.855783, bac=0.305976, sens=0.305976, spec=0.933230
epoch=42 mix_val(alpha=0.763): acc=0.740588, f1=0.289011, auc=0.886148, bac=0.295551, sens=0.295551, spec=0.932594
epoch=42 iter=24 train: total=0.973939, prob=0.000000, batch=0.000000, channel=0.000000, cls=1.027014, gauss=0.000000, aux_recon=1.005172, aux_kl=0.002018, kd_logit=0.734181, kd_feat=0.003561, lite_recon=0.776992, lite_kl=0.713538, lite_ce=0.885068, lite_acc=0.664062, mix_alpha=0.76340206185567
epoch=42 test: acc=0.839442, f1=0.450093, auc=0.948765, bac=0.417124, sens=0.417124, spec=0.960357
epoch=42 val: acc=0.837545, f1=0.433100, auc=0.956531, bac=0.406306, sens=0.406306, spec=0.959102
epoch=42 mix_test(alpha=0.763): acc=0.744192, f1=0.335477, auc=0.880504, bac=0.332008, sens=0.332008, spec=0.934345
epoch=42 mix_val(alpha=0.763): acc=0.748840, f1=0.275356, auc=0.856028, bac=0.280197, sens=0.280197, spec=0.933487
epoch=43 iter=8 train: total=0.933922, prob=0.000000, batch=0.000000, channel=0.000000, cls=1.040969, gauss=0.000000, aux_recon=0.959940, aux_kl=0.001870, kd_logit=0.700138, kd_feat=0.003569, lite_recon=0.793692, lite_kl=0.727853, lite_ce=0.832104, lite_acc=0.679688, mix_alpha=0.7649484536082474
epoch=43 test: acc=0.838668, f1=0.447077, auc=0.948913, bac=0.414676, sens=0.414676, spec=0.959732
epoch=43 val: acc=0.837545, f1=0.433285, auc=0.956960, bac=0.404892, sens=0.404892, spec=0.958161
epoch=43 mix_test(alpha=0.765): acc=0.736964, f1=0.297735, auc=0.856753, bac=0.304862, sens=0.304862, spec=0.930825
epoch=43 mix_val(alpha=0.765): acc=0.747808, f1=0.301903, auc=0.884795, bac=0.309657, sens=0.309657, spec=0.933545
epoch=43 iter=18 train: total=0.974704, prob=0.000000, batch=0.000000, channel=0.000000, cls=1.060100, gauss=0.000000, aux_recon=0.993980, aux_kl=0.001966, kd_logit=0.667097, kd_feat=0.003566, lite_recon=0.849132, lite_kl=0.735005, lite_ce=0.924392, lite_acc=0.625000, mix_alpha=0.7649484536082474
epoch=43 test: acc=0.840475, f1=0.449109, auc=0.948764, bac=0.414894, sens=0.414894, spec=0.959970
epoch=43 val: acc=0.839092, f1=0.433869, auc=0.956771, bac=0.405796, sens=0.405796, spec=0.958518
epoch=43 mix_test(alpha=0.765): acc=0.744450, f1=0.290575, auc=0.862351, bac=0.294363, sens=0.294363, spec=0.931911
epoch=43 mix_val(alpha=0.765): acc=0.745745, f1=0.306825, auc=0.847278, bac=0.311281, sens=0.311281, spec=0.933145
epoch=44 iter=2 train: total=0.790698, prob=0.000000, batch=0.000000, channel=0.000000, cls=0.988771, gauss=0.000000, aux_recon=0.998192, aux_kl=0.001922, kd_logit=0.579404, kd_feat=0.003547, lite_recon=0.799288, lite_kl=0.703538, lite_ce=0.664659, lite_acc=0.750000, mix_alpha=0.7664948453608247
epoch=44 test: acc=0.838926, f1=0.444737, auc=0.948834, bac=0.411340, sens=0.411340, spec=0.959460
epoch=44 val: acc=0.839608, f1=0.432739, auc=0.956891, bac=0.404384, sens=0.404384, spec=0.958340
epoch=44 mix_test(alpha=0.766): acc=0.744192, f1=0.292486, auc=0.861179, bac=0.298239, sens=0.298239, spec=0.933214
epoch=44 mix_val(alpha=0.766): acc=0.735946, f1=0.290150, auc=0.871651, bac=0.302166, sens=0.302166, spec=0.931767
epoch=44 iter=12 train: total=0.841857, prob=0.000000, batch=0.000000, channel=0.000000, cls=1.023757, gauss=0.000000, aux_recon=1.039484, aux_kl=0.002052, kd_logit=0.600699, kd_feat=0.003561, lite_recon=0.896016, lite_kl=0.775339, lite_ce=0.705541, lite_acc=0.742188, mix_alpha=0.7664948453608247
epoch=44 test: acc=0.837119, f1=0.449110, auc=0.948652, bac=0.418558, sens=0.418558, spec=0.960629
epoch=44 val: acc=0.839608, f1=0.434523, auc=0.956338, bac=0.409053, sens=0.409053, spec=0.960115
epoch=44 mix_test(alpha=0.766): acc=0.740320, f1=0.292691, auc=0.881947, bac=0.302575, sens=0.302575, spec=0.932844
epoch=44 mix_val(alpha=0.766): acc=0.742135, f1=0.290281, auc=0.863150, bac=0.297783, sens=0.297783, spec=0.932357
epoch=44 iter=22 train: total=0.798745, prob=0.000000, batch=0.000000, channel=0.000000, cls=0.996148, gauss=0.000000, aux_recon=0.989072, aux_kl=0.001942, kd_logit=0.653799, kd_feat=0.003558, lite_recon=0.810079, lite_kl=0.786734, lite_ce=0.600366, lite_acc=0.835938, mix_alpha=0.7664948453608247
epoch=44 test: acc=0.836345, f1=0.447988, auc=0.948756, bac=0.417414, sens=0.417414, spec=0.960564
epoch=44 val: acc=0.837029, f1=0.431343, auc=0.956502, bac=0.407058, sens=0.407058, spec=0.959629
epoch=44 mix_test(alpha=0.766): acc=0.745999, f1=0.310646, auc=0.882770, bac=0.321616, sens=0.321616, spec=0.934590
epoch=44 mix_val(alpha=0.766): acc=0.740588, f1=0.298199, auc=0.886037, bac=0.307681, sens=0.307681, spec=0.933079
epoch=45 iter=6 train: total=0.949970, prob=0.000000, batch=0.000000, channel=0.000000, cls=1.075804, gauss=0.000000, aux_recon=1.004405, aux_kl=0.001944, kd_logit=0.665924, kd_feat=0.003569, lite_recon=0.877366, lite_kl=0.702627, lite_ce=0.865447, lite_acc=0.703125, mix_alpha=0.768041237113402
epoch=45 test: acc=0.836087, f1=0.446829, auc=0.948993, bac=0.415659, sens=0.415659, spec=0.960121
epoch=45 val: acc=0.837545, f1=0.429974, auc=0.956177, bac=0.404921, sens=0.404921, spec=0.959357
epoch=45 mix_test(alpha=0.768): acc=0.740320, f1=0.330449, auc=0.866037, bac=0.326325, sens=0.326325, spec=0.933404
epoch=45 mix_val(alpha=0.768): acc=0.733883, f1=0.302595, auc=0.870245, bac=0.310929, sens=0.310929, spec=0.932009
epoch=45 iter=16 train: total=0.830080, prob=0.000000, batch=0.000000, channel=0.000000, cls=1.082362, gauss=0.000000, aux_recon=0.970809, aux_kl=0.001940, kd_logit=0.582700, kd_feat=0.003554, lite_recon=0.786849, lite_kl=0.733086, lite_ce=0.744504, lite_acc=0.710938, mix_alpha=0.768041237113402
epoch=45 test: acc=0.836861, f1=0.448315, auc=0.948984, bac=0.417251, sens=0.417251, spec=0.960291
epoch=45 val: acc=0.838577, f1=0.434637, auc=0.956773, bac=0.408293, sens=0.408293, spec=0.959480
epoch=45 mix_test(alpha=0.768): acc=0.739804, f1=0.329530, auc=0.860378, bac=0.325040, sens=0.325040, spec=0.932677
epoch=45 mix_val(alpha=0.768): acc=0.752450, f1=0.319080, auc=0.864245, bac=0.325562, sens=0.325562, spec=0.935596
epoch=45 iter=26 train: total=0.922053, prob=0.000000, batch=0.000000, channel=0.000000, cls=1.067167, gauss=0.000000, aux_recon=1.051142, aux_kl=0.001960, kd_logit=0.653986, kd_feat=0.003542, lite_recon=0.919803, lite_kl=0.788049, lite_ce=0.802896, lite_acc=0.687500, mix_alpha=0.768041237113402
epoch=45 test: acc=0.837636, f1=0.448859, auc=0.948791, bac=0.416501, sens=0.416501, spec=0.960116
epoch=45 val: acc=0.837029, f1=0.432805, auc=0.956304, bac=0.405682, sens=0.405682, spec=0.958783
epoch=45 mix_test(alpha=0.768): acc=0.740062, f1=0.288086, auc=0.865953, bac=0.301964, sens=0.301964, spec=0.933277
epoch=45 mix_val(alpha=0.768): acc=0.735431, f1=0.276744, auc=0.855028, bac=0.291778, sens=0.291778, spec=0.932022
epoch=46 iter=10 train: total=0.943535, prob=0.000000, batch=0.000000, channel=0.000000, cls=1.064650, gauss=0.000000, aux_recon=1.028554, aux_kl=0.001942, kd_logit=0.678018, kd_feat=0.003563, lite_recon=0.841383, lite_kl=0.746535, lite_ce=0.854006, lite_acc=0.703125, mix_alpha=0.7695876288659793
epoch=46 test: acc=0.838410, f1=0.437424, auc=0.948722, bac=0.408056, sens=0.408056, spec=0.960349
epoch=46 val: acc=0.838061, f1=0.434185, auc=0.956228, bac=0.407630, sens=0.407630, spec=0.959174
epoch=46 mix_test(alpha=0.770): acc=0.735932, f1=0.279645, auc=0.856327, bac=0.288525, sens=0.288525, spec=0.931651
epoch=46 mix_val(alpha=0.770): acc=0.734915, f1=0.301806, auc=0.866342, bac=0.317921, sens=0.317921, spec=0.932343
epoch=46 iter=20 train: total=0.921760, prob=0.000000, batch=0.000000, channel=0.000000, cls=1.097300, gauss=0.000000, aux_recon=1.024388, aux_kl=0.001950, kd_logit=0.661768, kd_feat=0.003531, lite_recon=0.869921, lite_kl=0.759373, lite_ce=0.815066, lite_acc=0.710938, mix_alpha=0.7695876288659793
epoch=46 test: acc=0.838668, f1=0.447796, auc=0.948816, bac=0.417053, sens=0.417053, spec=0.960741
epoch=46 val: acc=0.839092, f1=0.434275, auc=0.956067, bac=0.408390, sens=0.408390, spec=0.959691
epoch=46 mix_test(alpha=0.770): acc=0.743418, f1=0.287367, auc=0.865354, bac=0.295082, sens=0.295082, spec=0.933711
epoch=46 mix_val(alpha=0.770): acc=0.738009, f1=0.283071, auc=0.850146, bac=0.289574, sens=0.289574, spec=0.932824
epoch=47 iter=4 train: total=0.953176, prob=0.000000, batch=0.000000, channel=0.000000, cls=1.112910, gauss=0.000000, aux_recon=1.005294, aux_kl=0.001959, kd_logit=0.651773, kd_feat=0.003564, lite_recon=0.864257, lite_kl=0.738300, lite_ce=0.890547, lite_acc=0.695312, mix_alpha=0.7711340206185566
epoch=47 test: acc=0.837636, f1=0.443653, auc=0.948421, bac=0.412629, sens=0.412629, spec=0.960221
epoch=47 val: acc=0.839092, f1=0.434293, auc=0.955810, bac=0.407163, sens=0.407163, spec=0.959543
epoch=47 mix_test(alpha=0.771): acc=0.738513, f1=0.276138, auc=0.860481, bac=0.284109, sens=0.284109, spec=0.933139
epoch=47 mix_val(alpha=0.771): acc=0.739556, f1=0.298715, auc=0.838401, bac=0.305623, sens=0.305623, spec=0.932459
epoch=47 iter=14 train: total=0.937232, prob=0.000000, batch=0.000000, channel=0.000000, cls=1.139556, gauss=0.000000, aux_recon=0.980991, aux_kl=0.001923, kd_logit=0.621974, kd_feat=0.003559, lite_recon=0.819521, lite_kl=0.710151, lite_ce=0.906920, lite_acc=0.695312, mix_alpha=0.7711340206185566
epoch=47 test: acc=0.837377, f1=0.445744, auc=0.948605, bac=0.412590, sens=0.412590, spec=0.959145
epoch=47 val: acc=0.837029, f1=0.430079, auc=0.956872, bac=0.402193, sens=0.402193, spec=0.957742
epoch=47 mix_test(alpha=0.771): acc=0.744450, f1=0.306953, auc=0.842545, bac=0.313332, sens=0.313332, spec=0.931735
epoch=47 mix_val(alpha=0.771): acc=0.731305, f1=0.288313, auc=0.877575, bac=0.299095, sens=0.299095, spec=0.930889
epoch=47 iter=24 train: total=1.003026, prob=0.000000, batch=0.000000, channel=0.000000, cls=1.113067, gauss=0.000000, aux_recon=1.038344, aux_kl=0.002021, kd_logit=0.702373, kd_feat=0.003542, lite_recon=0.859268, lite_kl=0.732788, lite_ce=0.941775, lite_acc=0.617188, mix_alpha=0.7711340206185566
epoch=47 test: acc=0.839701, f1=0.437569, auc=0.948587, bac=0.403645, sens=0.403645, spec=0.958880
epoch=47 val: acc=0.841671, f1=0.431091, auc=0.956396, bac=0.401096, sens=0.401096, spec=0.958504
epoch=47 mix_test(alpha=0.771): acc=0.738771, f1=0.292423, auc=0.853087, bac=0.300115, sens=0.300115, spec=0.930404
epoch=47 mix_val(alpha=0.771): acc=0.746261, f1=0.301420, auc=0.861393, bac=0.302892, sens=0.302892, spec=0.930861
epoch=48 iter=8 train: total=0.785247, prob=0.000000, batch=0.000000, channel=0.000000, cls=1.013679, gauss=0.000000, aux_recon=0.984120, aux_kl=0.001926, kd_logit=0.611765, kd_feat=0.003560, lite_recon=0.809891, lite_kl=0.747532, lite_ce=0.616262, lite_acc=0.789062, mix_alpha=0.7726804123711339
epoch=48 test: acc=0.838410, f1=0.443522, auc=0.948807, bac=0.411088, sens=0.411088, spec=0.959970
epoch=48 val: acc=0.837545, f1=0.432636, auc=0.956385, bac=0.406354, sens=0.406354, spec=0.959007
epoch=48 mix_test(alpha=0.773): acc=0.732834, f1=0.283437, auc=0.857501, bac=0.292162, sens=0.292162, spec=0.930849
epoch=48 mix_val(alpha=0.773): acc=0.732852, f1=0.277350, auc=0.865296, bac=0.290013, sens=0.290013, spec=0.931933
epoch=48 iter=18 train: total=0.853515, prob=0.000000, batch=0.000000, channel=0.000000, cls=1.045078, gauss=0.000000, aux_recon=1.003100, aux_kl=0.001955, kd_logit=0.604473, kd_feat=0.003547, lite_recon=0.829147, lite_kl=0.779400, lite_ce=0.751764, lite_acc=0.757812, mix_alpha=0.7726804123711339
epoch=48 test: acc=0.838926, f1=0.446487, auc=0.948472, bac=0.413886, sens=0.413886, spec=0.960059
epoch=48 val: acc=0.837545, f1=0.431094, auc=0.956582, bac=0.405127, sens=0.405127, spec=0.958993
epoch=48 mix_test(alpha=0.773): acc=0.734641, f1=0.306975, auc=0.866401, bac=0.306330, sens=0.306330, spec=0.930770
epoch=48 mix_val(alpha=0.773): acc=0.731821, f1=0.353456, auc=0.864325, bac=0.365178, sens=0.365178, spec=0.927975
epoch=49 iter=2 train: total=0.845503, prob=0.000000, batch=0.000000, channel=0.000000, cls=1.115822, gauss=0.000000, aux_recon=1.003811, aux_kl=0.001869, kd_logit=0.622746, kd_feat=0.003537, lite_recon=0.897675, lite_kl=0.801924, lite_ce=0.689615, lite_acc=0.742188, mix_alpha=0.7742268041237113
epoch=49 test: acc=0.835054, f1=0.440512, auc=0.948647, bac=0.412083, sens=0.412083, spec=0.960413
epoch=49 val: acc=0.839092, f1=0.434434, auc=0.956051, bac=0.409569, sens=0.409569, spec=0.960051
epoch=49 mix_test(alpha=0.774): acc=0.731027, f1=0.273400, auc=0.871606, bac=0.284192, sens=0.284192, spec=0.931291
epoch=49 mix_val(alpha=0.774): acc=0.738525, f1=0.336193, auc=0.862860, bac=0.362530, sens=0.362530, spec=0.934153
epoch=49 iter=12 train: total=0.978442, prob=0.000000, batch=0.000000, channel=0.000000, cls=1.097261, gauss=0.000000, aux_recon=1.067712, aux_kl=0.002079, kd_logit=0.670004, kd_feat=0.003574, lite_recon=0.896460, lite_kl=0.741663, lite_ce=0.909889, lite_acc=0.648438, mix_alpha=0.7742268041237113
epoch=49 test: acc=0.838152, f1=0.448586, auc=0.948885, bac=0.417880, sens=0.417880, spec=0.960449
epoch=49 val: acc=0.838061, f1=0.433185, auc=0.956741, bac=0.407677, sens=0.407677, spec=0.959439
epoch=49 mix_test(alpha=0.774): acc=0.733092, f1=0.290436, auc=0.864671, bac=0.300707, sens=0.300707, spec=0.930110
epoch=49 mix_val(alpha=0.774): acc=0.744198, f1=0.287996, auc=0.842975, bac=0.300857, sens=0.300857, spec=0.934649
epoch=49 iter=22 train: total=0.983831, prob=0.000000, batch=0.000000, channel=0.000000, cls=1.062977, gauss=0.000000, aux_recon=0.971283, aux_kl=0.001914, kd_logit=0.662674, kd_feat=0.003551, lite_recon=0.822322, lite_kl=0.768759, lite_ce=0.957132, lite_acc=0.695312, mix_alpha=0.7742268041237113
epoch=49 test: acc=0.838668, f1=0.448729, auc=0.948519, bac=0.413834, sens=0.413834, spec=0.959477
epoch=49 val: acc=0.839092, f1=0.433450, auc=0.956620, bac=0.404656, sens=0.404656, spec=0.958384
epoch=49 mix_test(alpha=0.774): acc=0.735157, f1=0.283307, auc=0.855734, bac=0.291834, sens=0.291834, spec=0.930594
epoch=49 mix_val(alpha=0.774): acc=0.734399, f1=0.275196, auc=0.855526, bac=0.285613, sens=0.285613, spec=0.930576
epoch=50 iter=6 train: total=0.814854, prob=0.000000, batch=0.000000, channel=0.000000, cls=1.069945, gauss=0.000000, aux_recon=0.967923, aux_kl=0.001923, kd_logit=0.619282, kd_feat=0.003569, lite_recon=0.812313, lite_kl=0.755637, lite_ce=0.666818, lite_acc=0.750000, mix_alpha=0.7757731958762886
epoch=50 test: acc=0.838926, f1=0.449303, auc=0.948747, bac=0.417781, sens=0.417781, spec=0.960595
epoch=50 val: acc=0.839092, f1=0.434477, auc=0.956568, bac=0.408437, sens=0.408437, spec=0.959567
epoch=50 mix_test(alpha=0.776): acc=0.731802, f1=0.293897, auc=0.858201, bac=0.304574, sens=0.304574, spec=0.931183
epoch=50 mix_val(alpha=0.776): acc=0.740072, f1=0.288218, auc=0.871920, bac=0.297273, sens=0.297273, spec=0.932328
epoch=50 iter=16 train: total=0.920200, prob=0.000000, batch=0.000000, channel=0.000000, cls=1.095080, gauss=0.000000, aux_recon=1.009035, aux_kl=0.001981, kd_logit=0.643257, kd_feat=0.003559, lite_recon=0.839624, lite_kl=0.740387, lite_ce=0.842926, lite_acc=0.718750, mix_alpha=0.7757731958762886
epoch=50 test: acc=0.838926, f1=0.449811, auc=0.948605, bac=0.418191, sens=0.418191, spec=0.960421
epoch=50 val: acc=0.838577, f1=0.433490, auc=0.956405, bac=0.405973, sens=0.405973, spec=0.959009
epoch=50 mix_test(alpha=0.776): acc=0.731027, f1=0.322092, auc=0.868504, bac=0.323634, sens=0.323634, spec=0.930823
epoch=50 mix_val(alpha=0.776): acc=0.736978, f1=0.274225, auc=0.873800, bac=0.282141, sens=0.282141, spec=0.932821
epoch=50 iter=26 train: total=0.876970, prob=0.000000, batch=0.000000, channel=0.000000, cls=1.070844, gauss=0.000000, aux_recon=1.012179, aux_kl=0.001951, kd_logit=0.733377, kd_feat=0.003549, lite_recon=0.842148, lite_kl=0.748466, lite_ce=0.665186, lite_acc=0.734375, mix_alpha=0.7757731958762886
epoch=50 test: acc=0.839184, f1=0.450339, auc=0.948863, bac=0.418141, sens=0.418141, spec=0.960405
epoch=50 val: acc=0.837029, f1=0.432649, auc=0.956741, bac=0.405974, sens=0.405974, spec=0.958917
epoch=50 mix_test(alpha=0.776): acc=0.734641, f1=0.293444, auc=0.853167, bac=0.303281, sens=0.303281, spec=0.931195
epoch=50 mix_val(alpha=0.776): acc=0.741619, f1=0.321152, auc=0.872616, bac=0.334548, sens=0.334548, spec=0.933632
epoch=51 iter=10 train: total=0.853378, prob=0.000000, batch=0.000000, channel=0.000000, cls=1.072447, gauss=0.000000, aux_recon=1.056631, aux_kl=0.002081, kd_logit=0.608995, kd_feat=0.003560, lite_recon=0.884185, lite_kl=0.699555, lite_ce=0.726535, lite_acc=0.742188, mix_alpha=0.7773195876288659
epoch=51 test: acc=0.835829, f1=0.444156, auc=0.948634, bac=0.414945, sens=0.414945, spec=0.960572
epoch=51 val: acc=0.838061, f1=0.433797, auc=0.956456, bac=0.408809, sens=0.408809, spec=0.959667
epoch=51 mix_test(alpha=0.777): acc=0.726123, f1=0.282323, auc=0.863292, bac=0.294733, sens=0.294733, spec=0.931360
epoch=51 mix_val(alpha=0.777): acc=0.729242, f1=0.259300, auc=0.842503, bac=0.271645, sens=0.271645, spec=0.932230
epoch=51 iter=20 train: total=0.788364, prob=0.000000, batch=0.000000, channel=0.000000, cls=1.044478, gauss=0.000000, aux_recon=1.036634, aux_kl=0.001991, kd_logit=0.524023, kd_feat=0.003541, lite_recon=0.867137, lite_kl=0.757232, lite_ce=0.687163, lite_acc=0.765625, mix_alpha=0.7773195876288659
epoch=51 test: acc=0.836345, f1=0.443285, auc=0.948288, bac=0.414159, sens=0.414159, spec=0.960531
epoch=51 val: acc=0.836514, f1=0.432659, auc=0.955716, bac=0.407008, sens=0.407008, spec=0.959195
epoch=51 mix_test(alpha=0.777): acc=0.732060, f1=0.305300, auc=0.862399, bac=0.300476, sens=0.300476, spec=0.931381
epoch=51 mix_val(alpha=0.777): acc=0.736462, f1=0.308369, auc=0.876725, bac=0.316950, sens=0.316950, spec=0.931569
epoch=52 iter=4 train: total=0.851494, prob=0.000000, batch=0.000000, channel=0.000000, cls=1.103174, gauss=0.000000, aux_recon=1.045778, aux_kl=0.002117, kd_logit=0.604388, kd_feat=0.003541, lite_recon=0.818790, lite_kl=0.726973, lite_ce=0.753003, lite_acc=0.726562, mix_alpha=0.7788659793814433
epoch=52 test: acc=0.839442, f1=0.444304, auc=0.948502, bac=0.413149, sens=0.413149, spec=0.960815
epoch=52 val: acc=0.838061, f1=0.434461, auc=0.955908, bac=0.406969, sens=0.406969, spec=0.959258
epoch=52 mix_test(alpha=0.779): acc=0.731027, f1=0.291326, auc=0.872257, bac=0.303361, sens=0.303361, spec=0.930921
epoch=52 mix_val(alpha=0.779): acc=0.741619, f1=0.301423, auc=0.868775, bac=0.305212, sens=0.305212, spec=0.933018
epoch=52 iter=14 train: total=0.962188, prob=0.000000, batch=0.000000, channel=0.000000, cls=1.176088, gauss=0.000000, aux_recon=0.943787, aux_kl=0.001841, kd_logit=0.704554, kd_feat=0.003565, lite_recon=0.797052, lite_kl=0.720778, lite_ce=0.883020, lite_acc=0.679688, mix_alpha=0.7788659793814433
epoch=52 test: acc=0.839701, f1=0.452082, auc=0.948820, bac=0.418907, sens=0.418907, spec=0.960402
epoch=52 val: acc=0.838577, f1=0.434355, auc=0.956126, bac=0.406831, sens=0.406831, spec=0.959002
epoch=52 mix_test(alpha=0.779): acc=0.725865, f1=0.271834, auc=0.848554, bac=0.283930, sens=0.283930, spec=0.927929
epoch=52 mix_val(alpha=0.779): acc=0.744198, f1=0.294558, auc=0.822865, bac=0.299849, sens=0.299849, spec=0.934472
epoch=52 iter=24 train: total=1.001126, prob=0.000000, batch=0.000000, channel=0.000000, cls=1.147104, gauss=0.000000, aux_recon=1.053625, aux_kl=0.002029, kd_logit=0.634597, kd_feat=0.003574, lite_recon=0.912979, lite_kl=0.697581, lite_ce=0.984937, lite_acc=0.640625, mix_alpha=0.7788659793814433
epoch=52 test: acc=0.838926, f1=0.450480, auc=0.948783, bac=0.417271, sens=0.417271, spec=0.960108
epoch=52 val: acc=0.838061, f1=0.433869, auc=0.956338, bac=0.405876, sens=0.405876, spec=0.958794
epoch=52 mix_test(alpha=0.779): acc=0.735932, f1=0.293818, auc=0.857361, bac=0.307764, sens=0.307764, spec=0.932113
epoch=52 mix_val(alpha=0.779): acc=0.734915, f1=0.265743, auc=0.835692, bac=0.272824, sens=0.272824, spec=0.930844
epoch=53 iter=8 train: total=0.843161, prob=0.000000, batch=0.000000, channel=0.000000, cls=1.100350, gauss=0.000000, aux_recon=1.001421, aux_kl=0.001944, kd_logit=0.628544, kd_feat=0.003572, lite_recon=0.816120, lite_kl=0.719633, lite_ce=0.713364, lite_acc=0.757812, mix_alpha=0.7804123711340206
epoch=53 test: acc=0.839959, f1=0.452122, auc=0.949130, bac=0.418531, sens=0.418531, spec=0.960317
epoch=53 val: acc=0.836514, f1=0.431774, auc=0.956577, bac=0.404736, sens=0.404736, spec=0.958493
epoch=53 mix_test(alpha=0.780): acc=0.732060, f1=0.295416, auc=0.864866, bac=0.291861, sens=0.291861, spec=0.929489
epoch=53 mix_val(alpha=0.780): acc=0.723053, f1=0.274568, auc=0.876138, bac=0.286328, sens=0.286328, spec=0.929577
epoch=53 iter=18 train: total=0.856685, prob=0.000000, batch=0.000000, channel=0.000000, cls=1.078453, gauss=0.000000, aux_recon=0.958385, aux_kl=0.001899, kd_logit=0.658802, kd_feat=0.003560, lite_recon=0.789875, lite_kl=0.644333, lite_ce=0.722171, lite_acc=0.750000, mix_alpha=0.7804123711340206
epoch=53 test: acc=0.836861, f1=0.444547, auc=0.948553, bac=0.413862, sens=0.413862, spec=0.960310
epoch=53 val: acc=0.838577, f1=0.433641, auc=0.956313, bac=0.408340, sens=0.408340, spec=0.959745
epoch=53 mix_test(alpha=0.780): acc=0.730253, f1=0.275201, auc=0.864410, bac=0.285038, sens=0.285038, spec=0.931148
epoch=53 mix_val(alpha=0.780): acc=0.736978, f1=0.283493, auc=0.856730, bac=0.291302, sens=0.291302, spec=0.933563
epoch=54 iter=2 train: total=0.874759, prob=0.000000, batch=0.000000, channel=0.000000, cls=1.086257, gauss=0.000000, aux_recon=1.014522, aux_kl=0.001950, kd_logit=0.639050, kd_feat=0.003534, lite_recon=0.840727, lite_kl=0.733551, lite_ce=0.755973, lite_acc=0.750000, mix_alpha=0.7819587628865979
epoch=54 test: acc=0.837894, f1=0.452321, auc=0.949060, bac=0.420152, sens=0.420152, spec=0.960173
epoch=54 val: acc=0.834966, f1=0.429103, auc=0.956961, bac=0.405020, sens=0.405020, spec=0.958662
epoch=54 mix_test(alpha=0.782): acc=0.736706, f1=0.316399, auc=0.867578, bac=0.309895, sens=0.309895, spec=0.931239
epoch=54 mix_val(alpha=0.782): acc=0.730789, f1=0.277127, auc=0.867751, bac=0.291253, sens=0.291253, spec=0.932198
epoch=54 iter=12 train: total=0.933920, prob=0.000000, batch=0.000000, channel=0.000000, cls=1.097649, gauss=0.000000, aux_recon=1.030485, aux_kl=0.001992, kd_logit=0.701309, kd_feat=0.003569, lite_recon=0.865369, lite_kl=0.725767, lite_ce=0.802299, lite_acc=0.734375, mix_alpha=0.7819587628865979
epoch=54 test: acc=0.837894, f1=0.446405, auc=0.948609, bac=0.416031, sens=0.416031, spec=0.960504
epoch=54 val: acc=0.837545, f1=0.433562, auc=0.956119, bac=0.407533, sens=0.407533, spec=0.959223
epoch=54 mix_test(alpha=0.782): acc=0.725348, f1=0.282651, auc=0.860871, bac=0.299430, sens=0.299430, spec=0.930380
epoch=54 mix_val(alpha=0.782): acc=0.734399, f1=0.273571, auc=0.860007, bac=0.286228, sens=0.286228, spec=0.931761
epoch=54 iter=22 train: total=0.996848, prob=0.000000, batch=0.000000, channel=0.000000, cls=1.178539, gauss=0.000000, aux_recon=0.972125, aux_kl=0.001912, kd_logit=0.687312, kd_feat=0.003565, lite_recon=0.857985, lite_kl=0.709836, lite_ce=0.945428, lite_acc=0.656250, mix_alpha=0.7819587628865979
epoch=54 test: acc=0.837894, f1=0.447988, auc=0.948699, bac=0.415197, sens=0.415197, spec=0.959683
epoch=54 val: acc=0.835998, f1=0.431886, auc=0.957036, bac=0.404356, sens=0.404356, spec=0.958174
epoch=54 mix_test(alpha=0.782): acc=0.721735, f1=0.276159, auc=0.856376, bac=0.289240, sens=0.289240, spec=0.928991
epoch=54 mix_val(alpha=0.782): acc=0.739041, f1=0.294611, auc=0.833083, bac=0.308422, sens=0.308422, spec=0.934911
epoch=55 iter=6 train: total=0.852065, prob=0.000000, batch=0.000000, channel=0.000000, cls=0.995057, gauss=0.000000, aux_recon=1.007516, aux_kl=0.001926, kd_logit=0.598050, kd_feat=0.003540, lite_recon=0.813328, lite_kl=0.767872, lite_ce=0.761850, lite_acc=0.734375, mix_alpha=0.7835051546391752
epoch=55 test: acc=0.838926, f1=0.449670, auc=0.948987, bac=0.417762, sens=0.417762, spec=0.960526
epoch=55 val: acc=0.838577, f1=0.433611, auc=0.956929, bac=0.406586, sens=0.406586, spec=0.959134
epoch=55 mix_test(alpha=0.784): acc=0.731285, f1=0.279874, auc=0.857166, bac=0.290503, sens=0.290503, spec=0.930512
epoch=55 mix_val(alpha=0.784): acc=0.732336, f1=0.316989, auc=0.880012, bac=0.325568, sens=0.325568, spec=0.930415
epoch=55 iter=16 train: total=0.984014, prob=0.000000, batch=0.000000, channel=0.000000, cls=1.104749, gauss=0.000000, aux_recon=1.030933, aux_kl=0.002019, kd_logit=0.655734, kd_feat=0.003548, lite_recon=0.834209, lite_kl=0.724095, lite_ce=0.960580, lite_acc=0.679688, mix_alpha=0.7835051546391752
epoch=55 test: acc=0.839442, f1=0.447478, auc=0.948860, bac=0.415972, sens=0.415972, spec=0.960543
epoch=55 val: acc=0.837029, f1=0.431583, auc=0.956701, bac=0.405926, sens=0.405926, spec=0.958913
epoch=55 mix_test(alpha=0.784): acc=0.724832, f1=0.292866, auc=0.863437, bac=0.293453, sens=0.293453, spec=0.929204
epoch=55 mix_val(alpha=0.784): acc=0.731821, f1=0.279994, auc=0.849183, bac=0.289723, sens=0.289723, spec=0.928835
epoch=55 iter=26 train: total=0.832237, prob=0.000000, batch=0.000000, channel=0.000000, cls=1.116968, gauss=0.000000, aux_recon=1.042745, aux_kl=0.002034, kd_logit=0.548086, kd_feat=0.003550, lite_recon=0.856656, lite_kl=0.694231, lite_ce=0.756291, lite_acc=0.710938, mix_alpha=0.7835051546391752
epoch=55 test: acc=0.839959, f1=0.446291, auc=0.948597, bac=0.414249, sens=0.414249, spec=0.960490
epoch=55 val: acc=0.837545, f1=0.433099, auc=0.956155, bac=0.405496, sens=0.405496, spec=0.958733
epoch=55 mix_test(alpha=0.784): acc=0.725865, f1=0.276025, auc=0.847510, bac=0.289633, sens=0.289633, spec=0.929604
epoch=55 mix_val(alpha=0.784): acc=0.719959, f1=0.245828, auc=0.861594, bac=0.258894, sens=0.258894, spec=0.929169
epoch=56 iter=10 train: total=0.843889, prob=0.000000, batch=0.000000, channel=0.000000, cls=1.091795, gauss=0.000000, aux_recon=0.977236, aux_kl=0.001885, kd_logit=0.636976, kd_feat=0.003557, lite_recon=0.803023, lite_kl=0.763752, lite_ce=0.710760, lite_acc=0.710938, mix_alpha=0.7850515463917526
epoch=56 test: acc=0.836345, f1=0.448117, auc=0.948852, bac=0.418177, sens=0.418177, spec=0.960376
epoch=56 val: acc=0.837545, f1=0.432814, auc=0.956795, bac=0.408146, sens=0.408146, spec=0.959609
epoch=56 mix_test(alpha=0.785): acc=0.724316, f1=0.286856, auc=0.882623, bac=0.306142, sens=0.306142, spec=0.931013
epoch=56 mix_val(alpha=0.785): acc=0.732852, f1=0.277428, auc=0.817922, bac=0.285216, sens=0.285216, spec=0.932190
epoch=56 iter=20 train: total=0.912042, prob=0.000000, batch=0.000000, channel=0.000000, cls=1.065541, gauss=0.000000, aux_recon=1.054443, aux_kl=0.002006, kd_logit=0.605183, kd_feat=0.003537, lite_recon=0.886241, lite_kl=0.767764, lite_ce=0.845513, lite_acc=0.679688, mix_alpha=0.7850515463917526
epoch=56 test: acc=0.838668, f1=0.446284, auc=0.948543, bac=0.415012, sens=0.415012, spec=0.960668
epoch=56 val: acc=0.837029, f1=0.433041, auc=0.956220, bac=0.407105, sens=0.407105, spec=0.959155
epoch=56 mix_test(alpha=0.785): acc=0.725865, f1=0.261881, auc=0.855776, bac=0.270573, sens=0.270573, spec=0.929932
epoch=56 mix_val(alpha=0.785): acc=0.735946, f1=0.302140, auc=0.840259, bac=0.310196, sens=0.310196, spec=0.932349
epoch=57 iter=4 train: total=0.992164, prob=0.000000, batch=0.000000, channel=0.000000, cls=1.145743, gauss=0.000000, aux_recon=0.966134, aux_kl=0.001846, kd_logit=0.714609, kd_feat=0.003543, lite_recon=0.816911, lite_kl=0.722365, lite_ce=0.924964, lite_acc=0.687500, mix_alpha=0.7865979381443299
epoch=57 test: acc=0.837894, f1=0.439600, auc=0.949168, bac=0.409067, sens=0.409067, spec=0.960148
epoch=57 val: acc=0.837029, f1=0.433659, auc=0.956428, bac=0.406870, sens=0.406870, spec=0.958783
epoch=57 mix_test(alpha=0.787): acc=0.730253, f1=0.300579, auc=0.858290, bac=0.297839, sens=0.297839, spec=0.930684
epoch=57 mix_val(alpha=0.787): acc=0.733368, f1=0.279724, auc=0.874431, bac=0.294182, sens=0.294182, spec=0.932040
epoch=57 iter=14 train: total=0.924917, prob=0.000000, batch=0.000000, channel=0.000000, cls=1.080614, gauss=0.000000, aux_recon=1.003218, aux_kl=0.001914, kd_logit=0.717164, kd_feat=0.003558, lite_recon=0.850570, lite_kl=0.724168, lite_ce=0.774400, lite_acc=0.734375, mix_alpha=0.7865979381443299
epoch=57 test: acc=0.838410, f1=0.449885, auc=0.949025, bac=0.418000, sens=0.418000, spec=0.960247
epoch=57 val: acc=0.836514, f1=0.431790, auc=0.956630, bac=0.406207, sens=0.406207, spec=0.958983
epoch=57 mix_test(alpha=0.787): acc=0.716830, f1=0.257091, auc=0.854087, bac=0.268803, sens=0.268803, spec=0.927992
epoch=57 mix_val(alpha=0.787): acc=0.735946, f1=0.318452, auc=0.861577, bac=0.332580, sens=0.332580, spec=0.933456
epoch=57 iter=24 train: total=0.882783, prob=0.000000, batch=0.000000, channel=0.000000, cls=1.121647, gauss=0.000000, aux_recon=0.995228, aux_kl=0.001944, kd_logit=0.633710, kd_feat=0.003544, lite_recon=0.841190, lite_kl=0.770747, lite_ce=0.776420, lite_acc=0.695312, mix_alpha=0.7865979381443299
epoch=57 test: acc=0.839442, f1=0.452145, auc=0.948757, bac=0.419669, sens=0.419669, spec=0.960548
epoch=57 val: acc=0.837545, f1=0.433130, auc=0.956099, bac=0.406589, sens=0.406589, spec=0.959219
epoch=57 mix_test(alpha=0.787): acc=0.725865, f1=0.292813, auc=0.844858, bac=0.288357, sens=0.288357, spec=0.929680
epoch=57 mix_val(alpha=0.787): acc=0.732336, f1=0.286761, auc=0.851420, bac=0.300734, sens=0.300734, spec=0.930910
epoch=58 iter=8 train: total=0.975249, prob=0.000000, batch=0.000000, channel=0.000000, cls=1.112099, gauss=0.000000, aux_recon=0.967909, aux_kl=0.001946, kd_logit=0.765770, kd_feat=0.003558, lite_recon=0.779537, lite_kl=0.728254, lite_ce=0.854789, lite_acc=0.710938, mix_alpha=0.7881443298969072
epoch=58 test: acc=0.840217, f1=0.447973, auc=0.948573, bac=0.413968, sens=0.413968, spec=0.959868
epoch=58 val: acc=0.839608, f1=0.434062, auc=0.956579, bac=0.404705, sens=0.404705, spec=0.958664
epoch=58 mix_test(alpha=0.788): acc=0.734641, f1=0.288690, auc=0.837327, bac=0.296734, sens=0.296734, spec=0.930702
epoch=58 mix_val(alpha=0.788): acc=0.720474, f1=0.264166, auc=0.837266, bac=0.276691, sens=0.276691, spec=0.928538
epoch=58 iter=18 train: total=0.899904, prob=0.000000, batch=0.000000, channel=0.000000, cls=1.156872, gauss=0.000000, aux_recon=0.955888, aux_kl=0.001870, kd_logit=0.686605, kd_feat=0.003555, lite_recon=0.787101, lite_kl=0.748234, lite_ce=0.779842, lite_acc=0.718750, mix_alpha=0.7881443298969072
epoch=58 test: acc=0.839442, f1=0.448084, auc=0.948858, bac=0.415289, sens=0.415289, spec=0.960063
epoch=58 val: acc=0.839092, f1=0.432121, auc=0.956852, bac=0.405419, sens=0.405419, spec=0.959091
epoch=58 mix_test(alpha=0.788): acc=0.725090, f1=0.286186, auc=0.848991, bac=0.297608, sens=0.297608, spec=0.929633
epoch=58 mix_val(alpha=0.788): acc=0.716349, f1=0.264099, auc=0.869086, bac=0.281093, sens=0.281093, spec=0.927327
epoch=59 iter=2 train: total=0.956981, prob=0.000000, batch=0.000000, channel=0.000000, cls=1.155354, gauss=0.000000, aux_recon=0.997103, aux_kl=0.001895, kd_logit=0.744729, kd_feat=0.003576, lite_recon=0.832830, lite_kl=0.706119, lite_ce=0.818403, lite_acc=0.718750, mix_alpha=0.7896907216494845
epoch=59 test: acc=0.838152, f1=0.441732, auc=0.949036, bac=0.408928, sens=0.408928, spec=0.959457
epoch=59 val: acc=0.837545, f1=0.432725, auc=0.957007, bac=0.405213, sens=0.405213, spec=0.958636
epoch=59 mix_test(alpha=0.790): acc=0.725607, f1=0.280137, auc=0.855792, bac=0.293051, sens=0.293051, spec=0.928852
epoch=59 mix_val(alpha=0.790): acc=0.715833, f1=0.270776, auc=0.859472, bac=0.303939, sens=0.303939, spec=0.929077
epoch=59 iter=12 train: total=0.817505, prob=0.000000, batch=0.000000, channel=0.000000, cls=1.099644, gauss=0.000000, aux_recon=0.963295, aux_kl=0.001858, kd_logit=0.583499, kd_feat=0.003549, lite_recon=0.832920, lite_kl=0.721500, lite_ce=0.700364, lite_acc=0.710938, mix_alpha=0.7896907216494845
epoch=59 test: acc=0.840475, f1=0.447906, auc=0.948921, bac=0.415361, sens=0.415361, spec=0.960402
epoch=59 val: acc=0.837545, f1=0.431538, auc=0.957039, bac=0.405410, sens=0.405410, spec=0.958872
epoch=59 mix_test(alpha=0.790): acc=0.727414, f1=0.301765, auc=0.838574, bac=0.299611, sens=0.299611, spec=0.929908
epoch=59 mix_val(alpha=0.790): acc=0.731305, f1=0.291809, auc=0.862902, bac=0.300336, sens=0.300336, spec=0.930812
epoch=59 iter=22 train: total=0.953591, prob=0.000000, batch=0.000000, channel=0.000000, cls=1.153782, gauss=0.000000, aux_recon=1.002744, aux_kl=0.001950, kd_logit=0.679288, kd_feat=0.003547, lite_recon=0.834919, lite_kl=0.786075, lite_ce=0.874659, lite_acc=0.671875, mix_alpha=0.7896907216494845
epoch=59 test: acc=0.837894, f1=0.448548, auc=0.949092, bac=0.416979, sens=0.416979, spec=0.960228
epoch=59 val: acc=0.837029, f1=0.432652, auc=0.957027, bac=0.406257, sens=0.406257, spec=0.958923
epoch=59 mix_test(alpha=0.790): acc=0.727672, f1=0.304911, auc=0.856237, bac=0.296956, sens=0.296956, spec=0.931638
epoch=59 mix_val(alpha=0.790): acc=0.717380, f1=0.258948, auc=0.867629, bac=0.274812, sens=0.274812, spec=0.930804
epoch=60 iter=6 train: total=0.768613, prob=0.000000, batch=0.000000, channel=0.000000, cls=1.061347, gauss=0.000000, aux_recon=1.008084, aux_kl=0.001971, kd_logit=0.574932, kd_feat=0.003573, lite_recon=0.816555, lite_kl=0.684169, lite_ce=0.618415, lite_acc=0.765625, mix_alpha=0.7912371134020618
epoch=60 test: acc=0.839184, f1=0.450282, auc=0.949089, bac=0.417957, sens=0.417957, spec=0.960357
epoch=60 val: acc=0.837029, f1=0.430652, auc=0.956854, bac=0.405644, sens=0.405644, spec=0.958838
epoch=60 mix_test(alpha=0.791): acc=0.724058, f1=0.268232, auc=0.855935, bac=0.277512, sens=0.277512, spec=0.928604
epoch=60 mix_val(alpha=0.791): acc=0.720990, f1=0.330437, auc=0.865265, bac=0.324967, sens=0.324967, spec=0.929388
epoch=60 iter=16 train: total=0.888972, prob=0.000000, batch=0.000000, channel=0.000000, cls=1.180322, gauss=0.000000, aux_recon=1.011319, aux_kl=0.001968, kd_logit=0.621860, kd_feat=0.003570, lite_recon=0.884669, lite_kl=0.752563, lite_ce=0.783596, lite_acc=0.703125, mix_alpha=0.7912371134020618
epoch=60 test: acc=0.834796, f1=0.444385, auc=0.948798, bac=0.416505, sens=0.416505, spec=0.960737
epoch=60 val: acc=0.838061, f1=0.433305, auc=0.956412, bac=0.409375, sens=0.409375, spec=0.960158
epoch=60 mix_test(alpha=0.791): acc=0.719153, f1=0.289179, auc=0.839502, bac=0.290374, sens=0.290374, spec=0.929157
epoch=60 mix_val(alpha=0.791): acc=0.721506, f1=0.261160, auc=0.832622, bac=0.280487, sens=0.280487, spec=0.931214
epoch=60 iter=26 train: total=0.920090, prob=0.000000, batch=0.000000, channel=0.000000, cls=1.123644, gauss=0.000000, aux_recon=0.959410, aux_kl=0.001862, kd_logit=0.707296, kd_feat=0.003547, lite_recon=0.797428, lite_kl=0.737122, lite_ce=0.795624, lite_acc=0.750000, mix_alpha=0.7912371134020618
epoch=60 test: acc=0.834022, f1=0.447483, auc=0.948461, bac=0.419509, sens=0.419509, spec=0.960628
epoch=60 val: acc=0.837029, f1=0.431739, auc=0.956192, bac=0.408615, sens=0.408615, spec=0.960146
epoch=60 mix_test(alpha=0.791): acc=0.719670, f1=0.270343, auc=0.863850, bac=0.290359, sens=0.290359, spec=0.930832
epoch=60 mix_val(alpha=0.791): acc=0.724600, f1=0.279034, auc=0.840647, bac=0.297942, sens=0.297942, spec=0.931904
epoch=61 iter=10 train: total=0.868279, prob=0.000000, batch=0.000000, channel=0.000000, cls=1.130496, gauss=0.000000, aux_recon=0.962721, aux_kl=0.001931, kd_logit=0.627706, kd_feat=0.003544, lite_recon=0.793384, lite_kl=0.754833, lite_ce=0.772858, lite_acc=0.742188, mix_alpha=0.7927835051546391
epoch=61 test: acc=0.837636, f1=0.447423, auc=0.948552, bac=0.416808, sens=0.416808, spec=0.960362
epoch=61 val: acc=0.839608, f1=0.435118, auc=0.956753, bac=0.408204, sens=0.408204, spec=0.959511
epoch=61 mix_test(alpha=0.793): acc=0.720444, f1=0.270182, auc=0.838742, bac=0.281708, sens=0.281708, spec=0.928324
epoch=61 mix_val(alpha=0.793): acc=0.739556, f1=0.303505, auc=0.898522, bac=0.310315, sens=0.310315, spec=0.932418
epoch=61 iter=20 train: total=0.874137, prob=0.000000, batch=0.000000, channel=0.000000, cls=1.116407, gauss=0.000000, aux_recon=1.014646, aux_kl=0.001946, kd_logit=0.586260, kd_feat=0.003553, lite_recon=0.858390, lite_kl=0.763349, lite_ce=0.799837, lite_acc=0.687500, mix_alpha=0.7927835051546391
epoch=61 test: acc=0.838410, f1=0.450319, auc=0.948590, bac=0.417524, sens=0.417524, spec=0.960279
epoch=61 val: acc=0.838061, f1=0.434061, auc=0.956167, bac=0.407017, sens=0.407017, spec=0.959053
epoch=61 mix_test(alpha=0.793): acc=0.716572, f1=0.266794, auc=0.836025, bac=0.287166, sens=0.287166, spec=0.927013
epoch=61 mix_val(alpha=0.793): acc=0.738009, f1=0.281979, auc=0.872862, bac=0.294447, sens=0.294447, spec=0.933252
epoch=62 iter=4 train: total=0.881516, prob=0.000000, batch=0.000000, channel=0.000000, cls=1.132638, gauss=0.000000, aux_recon=1.008928, aux_kl=0.001929, kd_logit=0.673380, kd_feat=0.003565, lite_recon=0.864757, lite_kl=0.718269, lite_ce=0.725819, lite_acc=0.742188, mix_alpha=0.7943298969072164
epoch=62 test: acc=0.837119, f1=0.447713, auc=0.948224, bac=0.417362, sens=0.417362, spec=0.960463
epoch=62 val: acc=0.839092, f1=0.434543, auc=0.956226, bac=0.409616, sens=0.409616, spec=0.960049
epoch=62 mix_test(alpha=0.794): acc=0.719670, f1=0.278798, auc=0.844694, bac=0.294435, sens=0.294435, spec=0.930000
epoch=62 mix_val(alpha=0.794): acc=0.732336, f1=0.301698, auc=0.852535, bac=0.320430, sens=0.320430, spec=0.932448
epoch=62 iter=14 train: total=0.916552, prob=0.000000, batch=0.000000, channel=0.000000, cls=1.180123, gauss=0.000000, aux_recon=1.014791, aux_kl=0.001962, kd_logit=0.661000, kd_feat=0.003566, lite_recon=0.839347, lite_kl=0.715105, lite_ce=0.818497, lite_acc=0.695312, mix_alpha=0.7943298969072164
epoch=62 test: acc=0.838410, f1=0.449647, auc=0.948865, bac=0.417854, sens=0.417854, spec=0.960295
epoch=62 val: acc=0.838061, f1=0.433554, auc=0.956417, bac=0.407913, sens=0.407913, spec=0.959543
epoch=62 mix_test(alpha=0.794): acc=0.722251, f1=0.273419, auc=0.831650, bac=0.284661, sens=0.284661, spec=0.929599
epoch=62 mix_val(alpha=0.794): acc=0.732336, f1=0.297501, auc=0.868400, bac=0.322797, sens=0.322797, spec=0.932305
epoch=62 iter=24 train: total=0.922052, prob=0.000000, batch=0.000000, channel=0.000000, cls=1.086759, gauss=0.000000, aux_recon=0.966718, aux_kl=0.001913, kd_logit=0.674926, kd_feat=0.003553, lite_recon=0.792364, lite_kl=0.697191, lite_ce=0.834736, lite_acc=0.750000, mix_alpha=0.7943298969072164
epoch=62 test: acc=0.837119, f1=0.439092, auc=0.948869, bac=0.409798, sens=0.409798, spec=0.960280
epoch=62 val: acc=0.839092, f1=0.434398, auc=0.956285, bac=0.408720, sens=0.408720, spec=0.959803
epoch=62 mix_test(alpha=0.794): acc=0.715539, f1=0.250473, auc=0.820049, bac=0.263021, sens=0.263021, spec=0.929722
epoch=62 mix_val(alpha=0.794): acc=0.720990, f1=0.309873, auc=0.833464, bac=0.334069, sens=0.334069, spec=0.928883
epoch=63 iter=8 train: total=0.977548, prob=0.000000, batch=0.000000, channel=0.000000, cls=1.137673, gauss=0.000000, aux_recon=1.006855, aux_kl=0.001949, kd_logit=0.685166, kd_feat=0.003555, lite_recon=0.840403, lite_kl=0.737087, lite_ce=0.915473, lite_acc=0.679688, mix_alpha=0.7958762886597938
epoch=63 test: acc=0.838410, f1=0.448026, auc=0.948793, bac=0.415972, sens=0.415972, spec=0.960175
epoch=63 val: acc=0.838577, f1=0.433916, auc=0.956592, bac=0.407444, sens=0.407444, spec=0.959261
epoch=63 mix_test(alpha=0.796): acc=0.718121, f1=0.331176, auc=0.817529, bac=0.336194, sens=0.336194, spec=0.928519
epoch=63 mix_val(alpha=0.796): acc=0.712739, f1=0.286448, auc=0.812159, bac=0.314721, sens=0.314721, spec=0.929188
epoch=63 iter=18 train: total=0.900551, prob=0.000000, batch=0.000000, channel=0.000000, cls=1.096161, gauss=0.000000, aux_recon=1.021791, aux_kl=0.001993, kd_logit=0.682987, kd_feat=0.003563, lite_recon=0.841945, lite_kl=0.741812, lite_ce=0.762937, lite_acc=0.757812, mix_alpha=0.7958762886597938
epoch=63 test: acc=0.837636, f1=0.449894, auc=0.948956, bac=0.418373, sens=0.418373, spec=0.960525
epoch=63 val: acc=0.839092, f1=0.432764, auc=0.956233, bac=0.408059, sens=0.408059, spec=0.959811
epoch=63 mix_test(alpha=0.796): acc=0.724058, f1=0.274551, auc=0.843022, bac=0.290295, sens=0.290295, spec=0.929518
epoch=63 mix_val(alpha=0.796): acc=0.715317, f1=0.271080, auc=0.862304, bac=0.295861, sens=0.295861, spec=0.928749
epoch=64 iter=2 train: total=0.970404, prob=0.000000, batch=0.000000, channel=0.000000, cls=1.154570, gauss=0.000000, aux_recon=0.987792, aux_kl=0.001978, kd_logit=0.644739, kd_feat=0.003546, lite_recon=0.795635, lite_kl=0.737597, lite_ce=0.959517, lite_acc=0.718750, mix_alpha=0.7974226804123711
epoch=64 test: acc=0.835312, f1=0.447227, auc=0.948658, bac=0.418242, sens=0.418242, spec=0.960454
epoch=64 val: acc=0.839092, f1=0.434447, auc=0.956166, bac=0.409852, sens=0.409852, spec=0.960172
epoch=64 mix_test(alpha=0.797): acc=0.719928, f1=0.278956, auc=0.853063, bac=0.296935, sens=0.296935, spec=0.930693
epoch=64 mix_val(alpha=0.797): acc=0.717896, f1=0.306977, auc=0.847101, bac=0.312931, sens=0.312931, spec=0.929328
epoch=64 iter=12 train: total=0.812081, prob=0.000000, batch=0.000000, channel=0.000000, cls=1.135684, gauss=0.000000, aux_recon=1.000090, aux_kl=0.001954, kd_logit=0.511477, kd_feat=0.003541, lite_recon=0.833939, lite_kl=0.756879, lite_ce=0.760429, lite_acc=0.710938, mix_alpha=0.7974226804123711
epoch=64 test: acc=0.838410, f1=0.449893, auc=0.948722, bac=0.417547, sens=0.417547, spec=0.960356
epoch=64 val: acc=0.838577, f1=0.432408, auc=0.956645, bac=0.407114, sens=0.407114, spec=0.959381
epoch=64 mix_test(alpha=0.797): acc=0.713216, f1=0.257185, auc=0.863049, bac=0.277117, sens=0.277117, spec=0.927485
epoch=64 mix_val(alpha=0.797): acc=0.730789, f1=0.291394, auc=0.868925, bac=0.302786, sens=0.302786, spec=0.930853
epoch=64 iter=22 train: total=0.910557, prob=0.000000, batch=0.000000, channel=0.000000, cls=1.181130, gauss=0.000000, aux_recon=1.021347, aux_kl=0.001974, kd_logit=0.606695, kd_feat=0.003568, lite_recon=0.878933, lite_kl=0.695742, lite_ce=0.845363, lite_acc=0.703125, mix_alpha=0.7974226804123711
epoch=64 test: acc=0.836603, f1=0.446988, auc=0.948877, bac=0.416354, sens=0.416354, spec=0.960058
epoch=64 val: acc=0.838061, f1=0.431751, auc=0.957001, bac=0.407064, sens=0.407064, spec=0.959323
epoch=64 mix_test(alpha=0.797): acc=0.716056, f1=0.270310, auc=0.856522, bac=0.286500, sens=0.286500, spec=0.929161
epoch=64 mix_val(alpha=0.797): acc=0.706034, f1=0.261671, auc=0.860607, bac=0.280642, sens=0.280642, spec=0.924935
epoch=65 iter=6 train: total=0.874046, prob=0.000000, batch=0.000000, channel=0.000000, cls=1.203504, gauss=0.000000, aux_recon=1.027770, aux_kl=0.002015, kd_logit=0.627308, kd_feat=0.003555, lite_recon=0.843181, lite_kl=0.768944, lite_ce=0.764577, lite_acc=0.718750, mix_alpha=0.7989690721649484
epoch=65 test: acc=0.835829, f1=0.445354, auc=0.948386, bac=0.415882, sens=0.415882, spec=0.960379
epoch=65 val: acc=0.840124, f1=0.435541, auc=0.955914, bac=0.410329, sens=0.410329, spec=0.960408
epoch=65 mix_test(alpha=0.799): acc=0.723025, f1=0.283256, auc=0.837076, bac=0.296964, sens=0.296964, spec=0.929306
epoch=65 mix_val(alpha=0.799): acc=0.718927, f1=0.303569, auc=0.838153, bac=0.333428, sens=0.333428, spec=0.929521
epoch=65 iter=16 train: total=0.887855, prob=0.000000, batch=0.000000, channel=0.000000, cls=1.174790, gauss=0.000000, aux_recon=1.045220, aux_kl=0.001984, kd_logit=0.650971, kd_feat=0.003530, lite_recon=0.892531, lite_kl=0.782340, lite_ce=0.748549, lite_acc=0.734375, mix_alpha=0.7989690721649484
epoch=65 test: acc=0.837119, f1=0.447326, auc=0.948578, bac=0.415481, sens=0.415481, spec=0.959886
epoch=65 val: acc=0.836514, f1=0.431564, auc=0.956588, bac=0.404736, sens=0.404736, spec=0.958614
epoch=65 mix_test(alpha=0.799): acc=0.721218, f1=0.267506, auc=0.847265, bac=0.278691, sens=0.278691, spec=0.928991
epoch=65 mix_val(alpha=0.799): acc=0.738009, f1=0.343694, auc=0.806471, bac=0.342668, sens=0.342668, spec=0.932986
epoch=65 iter=26 train: total=0.870615, prob=0.000000, batch=0.000000, channel=0.000000, cls=1.109789, gauss=0.000000, aux_recon=1.027959, aux_kl=0.001998, kd_logit=0.644550, kd_feat=0.003557, lite_recon=0.862965, lite_kl=0.687789, lite_ce=0.734181, lite_acc=0.718750, mix_alpha=0.7989690721649484
epoch=65 test: acc=0.837894, f1=0.450585, auc=0.948574, bac=0.418478, sens=0.418478, spec=0.960061
epoch=65 val: acc=0.837029, f1=0.431459, auc=0.956905, bac=0.405456, sens=0.405456, spec=0.958609
epoch=65 mix_test(alpha=0.799): acc=0.715023, f1=0.263739, auc=0.826928, bac=0.274853, sens=0.274853, spec=0.927457
epoch=65 mix_val(alpha=0.799): acc=0.718927, f1=0.301488, auc=0.875250, bac=0.323622, sens=0.323622, spec=0.930018
epoch=66 iter=10 train: total=0.915922, prob=0.000000, batch=0.000000, channel=0.000000, cls=1.180282, gauss=0.000000, aux_recon=1.010026, aux_kl=0.001901, kd_logit=0.621161, kd_feat=0.003557, lite_recon=0.872076, lite_kl=0.761897, lite_ce=0.843058, lite_acc=0.687500, mix_alpha=0.8005154639175257
epoch=66 test: acc=0.838410, f1=0.447425, auc=0.948913, bac=0.412808, sens=0.412808, spec=0.959032
epoch=66 val: acc=0.840124, f1=0.433425, auc=0.956896, bac=0.404001, sens=0.404001, spec=0.958192
epoch=66 mix_test(alpha=0.801): acc=0.716056, f1=0.262407, auc=0.834841, bac=0.280273, sens=0.280273, spec=0.927389
epoch=66 mix_val(alpha=0.801): acc=0.722022, f1=0.313769, auc=0.861207, bac=0.304357, sens=0.304357, spec=0.928158
epoch=66 iter=20 train: total=0.818870, prob=0.000000, batch=0.000000, channel=0.000000, cls=1.143651, gauss=0.000000, aux_recon=0.915146, aux_kl=0.001860, kd_logit=0.642055, kd_feat=0.003546, lite_recon=0.745724, lite_kl=0.770590, lite_ce=0.678437, lite_acc=0.734375, mix_alpha=0.8005154639175257
epoch=66 test: acc=0.838668, f1=0.444583, auc=0.948475, bac=0.413436, sens=0.413436, spec=0.960366
epoch=66 val: acc=0.838061, f1=0.433530, auc=0.956273, bac=0.406403, sens=0.406403, spec=0.959166
epoch=66 mix_test(alpha=0.801): acc=0.717863, f1=0.287521, auc=0.827550, bac=0.289916, sens=0.289916, spec=0.929416
epoch=66 mix_val(alpha=0.801): acc=0.724600, f1=0.278671, auc=0.818502, bac=0.308283, sens=0.308283, spec=0.932069
epoch=67 iter=4 train: total=0.954637, prob=0.000000, batch=0.000000, channel=0.000000, cls=1.174616, gauss=0.000000, aux_recon=0.979221, aux_kl=0.001891, kd_logit=0.693423, kd_feat=0.003535, lite_recon=0.785816, lite_kl=0.748279, lite_ce=0.883023, lite_acc=0.687500, mix_alpha=0.802061855670103
epoch=67 test: acc=0.840475, f1=0.451875, auc=0.949105, bac=0.418892, sens=0.418892, spec=0.960516
epoch=67 val: acc=0.837029, f1=0.430912, auc=0.956992, bac=0.405313, sens=0.405313, spec=0.958925
epoch=67 mix_test(alpha=0.802): acc=0.705989, f1=0.259091, auc=0.855182, bac=0.273269, sens=0.273269, spec=0.925598
epoch=67 mix_val(alpha=0.802): acc=0.713770, f1=0.276008, auc=0.834010, bac=0.299825, sens=0.299825, spec=0.928092
epoch=67 iter=14 train: total=0.881070, prob=0.000000, batch=0.000000, channel=0.000000, cls=1.231199, gauss=0.000000, aux_recon=1.039791, aux_kl=0.002025, kd_logit=0.584852, kd_feat=0.003533, lite_recon=0.863788, lite_kl=0.744810, lite_ce=0.813342, lite_acc=0.742188, mix_alpha=0.802061855670103
epoch=67 test: acc=0.840991, f1=0.445994, auc=0.948846, bac=0.413444, sens=0.413444, spec=0.960686
epoch=67 val: acc=0.838061, f1=0.433614, auc=0.956440, bac=0.406121, sens=0.406121, spec=0.958930
epoch=67 mix_test(alpha=0.802): acc=0.713991, f1=0.263601, auc=0.832627, bac=0.279643, sens=0.279643, spec=0.928258
epoch=67 mix_val(alpha=0.802): acc=0.725116, f1=0.284102, auc=0.842571, bac=0.306572, sens=0.306572, spec=0.931440
epoch=67 iter=24 train: total=0.964883, prob=0.000000, batch=0.000000, channel=0.000000, cls=1.182311, gauss=0.000000, aux_recon=1.022679, aux_kl=0.002012, kd_logit=0.708781, kd_feat=0.003520, lite_recon=0.832459, lite_kl=0.799047, lite_ce=0.868501, lite_acc=0.710938, mix_alpha=0.802061855670103
epoch=67 test: acc=0.837894, f1=0.442840, auc=0.948934, bac=0.411604, sens=0.411604, spec=0.960093
epoch=67 val: acc=0.836514, f1=0.432127, auc=0.956764, bac=0.405349, sens=0.405349, spec=0.958604
epoch=67 mix_test(alpha=0.802): acc=0.714507, f1=0.284372, auc=0.822242, bac=0.287222, sens=0.287222, spec=0.926789
epoch=67 mix_val(alpha=0.802): acc=0.720990, f1=0.348915, auc=0.859628, bac=0.352175, sens=0.352175, spec=0.931365
epoch=68 iter=8 train: total=0.978656, prob=0.000000, batch=0.000000, channel=0.000000, cls=1.125130, gauss=0.000000, aux_recon=1.002002, aux_kl=0.001986, kd_logit=0.751132, kd_feat=0.003558, lite_recon=0.820900, lite_kl=0.751060, lite_ce=0.859241, lite_acc=0.742188, mix_alpha=0.8036082474226804
epoch=68 test: acc=0.838668, f1=0.444516, auc=0.948325, bac=0.411989, sens=0.411989, spec=0.960217
epoch=68 val: acc=0.838061, f1=0.433746, auc=0.955534, bac=0.405263, sens=0.405263, spec=0.958673
epoch=68 mix_test(alpha=0.804): acc=0.721993, f1=0.282383, auc=0.820068, bac=0.297648, sens=0.297648, spec=0.930326
epoch=68 mix_val(alpha=0.804): acc=0.718412, f1=0.265664, auc=0.831428, bac=0.284723, sens=0.284723, spec=0.928644
epoch=68 iter=18 train: total=0.952161, prob=0.000000, batch=0.000000, channel=0.000000, cls=1.191649, gauss=0.000000, aux_recon=0.990175, aux_kl=0.001932, kd_logit=0.726898, kd_feat=0.003547, lite_recon=0.806367, lite_kl=0.759129, lite_ce=0.836148, lite_acc=0.710938, mix_alpha=0.8036082474226804
epoch=68 test: acc=0.838926, f1=0.443807, auc=0.948224, bac=0.411877, sens=0.411877, spec=0.960169
epoch=68 val: acc=0.837029, f1=0.431216, auc=0.956433, bac=0.405030, sens=0.405030, spec=0.958680
epoch=68 mix_test(alpha=0.804): acc=0.715281, f1=0.287557, auc=0.848733, bac=0.294273, sens=0.294273, spec=0.928616
epoch=68 mix_val(alpha=0.804): acc=0.729242, f1=0.286481, auc=0.826773, bac=0.307120, sens=0.307120, spec=0.930576
epoch=69 iter=2 train: total=0.888572, prob=0.000000, batch=0.000000, channel=0.000000, cls=1.170776, gauss=0.000000, aux_recon=0.958816, aux_kl=0.001892, kd_logit=0.622613, kd_feat=0.003544, lite_recon=0.842468, lite_kl=0.761479, lite_ce=0.798770, lite_acc=0.734375, mix_alpha=0.8051546391752578
epoch=69 test: acc=0.837894, f1=0.448766, auc=0.948527, bac=0.416979, sens=0.416979, spec=0.960203
epoch=69 val: acc=0.836514, f1=0.430574, auc=0.956612, bac=0.404933, sens=0.404933, spec=0.958737
epoch=69 mix_test(alpha=0.805): acc=0.713474, f1=0.255423, auc=0.859325, bac=0.264228, sens=0.264228, spec=0.926865
epoch=69 mix_val(alpha=0.805): acc=0.701908, f1=0.244352, auc=0.798599, bac=0.267566, sens=0.267566, spec=0.925694
epoch=69 iter=12 train: total=0.893547, prob=0.000000, batch=0.000000, channel=0.000000, cls=1.174060, gauss=0.000000, aux_recon=1.016884, aux_kl=0.001972, kd_logit=0.644998, kd_feat=0.003546, lite_recon=0.819978, lite_kl=0.743853, lite_ce=0.795680, lite_acc=0.710938, mix_alpha=0.8051546391752578
epoch=69 test: acc=0.838410, f1=0.449388, auc=0.948412, bac=0.418240, sens=0.418240, spec=0.960422
epoch=69 val: acc=0.835998, f1=0.429715, auc=0.956868, bac=0.404884, sens=0.404884, spec=0.958797
epoch=69 mix_test(alpha=0.805): acc=0.711926, f1=0.258302, auc=0.838083, bac=0.273760, sens=0.273760, spec=0.927348
epoch=69 mix_val(alpha=0.805): acc=0.717380, f1=0.274497, auc=0.873920, bac=0.294635, sens=0.294635, spec=0.930258
epoch=69 iter=22 train: total=1.030064, prob=0.000000, batch=0.000000, channel=0.000000, cls=1.179780, gauss=0.000000, aux_recon=0.998491, aux_kl=0.002003, kd_logit=0.756599, kd_feat=0.003557, lite_recon=0.800169, lite_kl=0.712468, lite_ce=0.965655, lite_acc=0.648438, mix_alpha=0.8051546391752578
epoch=69 test: acc=0.839442, f1=0.449559, auc=0.949007, bac=0.417411, sens=0.417411, spec=0.960432
epoch=69 val: acc=0.837545, f1=0.433393, auc=0.956682, bac=0.406354, sens=0.406354, spec=0.958867
epoch=69 mix_test(alpha=0.805): acc=0.713474, f1=0.279478, auc=0.817809, bac=0.280764, sens=0.280764, spec=0.927875
epoch=69 mix_val(alpha=0.805): acc=0.715317, f1=0.253794, auc=0.832892, bac=0.269499, sens=0.269499, spec=0.927175
epoch=70 iter=6 train: total=0.936591, prob=0.000000, batch=0.000000, channel=0.000000, cls=1.179910, gauss=0.000000, aux_recon=0.980653, aux_kl=0.001952, kd_logit=0.662977, kd_feat=0.003556, lite_recon=0.794040, lite_kl=0.724608, lite_ce=0.874541, lite_acc=0.695312, mix_alpha=0.8067010309278351
epoch=70 test: acc=0.838410, f1=0.445503, auc=0.948471, bac=0.414252, sens=0.414252, spec=0.960454
epoch=70 val: acc=0.838061, f1=0.433330, auc=0.956251, bac=0.406489, sens=0.406489, spec=0.959167
epoch=70 mix_test(alpha=0.807): acc=0.716314, f1=0.282640, auc=0.846121, bac=0.288805, sens=0.288805, spec=0.929506
epoch=70 mix_val(alpha=0.807): acc=0.717896, f1=0.282827, auc=0.854480, bac=0.313680, sens=0.313680, spec=0.930198
epoch=70 iter=16 train: total=0.966866, prob=0.000000, batch=0.000000, channel=0.000000, cls=1.158618, gauss=0.000000, aux_recon=1.029069, aux_kl=0.001978, kd_logit=0.693135, kd_feat=0.003543, lite_recon=0.846039, lite_kl=0.758031, lite_ce=0.883477, lite_acc=0.648438, mix_alpha=0.8067010309278351
epoch=70 test: acc=0.836087, f1=0.447889, auc=0.948624, bac=0.417727, sens=0.417727, spec=0.960340
epoch=70 val: acc=0.839092, f1=0.434562, auc=0.955959, bac=0.408625, sens=0.408625, spec=0.960021
epoch=70 mix_test(alpha=0.807): acc=0.708828, f1=0.257731, auc=0.841628, bac=0.277705, sens=0.277705, spec=0.926873
epoch=70 mix_val(alpha=0.807): acc=0.712739, f1=0.255978, auc=0.832807, bac=0.273354, sens=0.273354, spec=0.928706
epoch=70 iter=26 train: total=1.013704, prob=0.000000, batch=0.000000, channel=0.000000, cls=1.202062, gauss=0.000000, aux_recon=0.995123, aux_kl=0.001973, kd_logit=0.706400, kd_feat=0.003547, lite_recon=0.867231, lite_kl=0.665051, lite_ce=0.957267, lite_acc=0.625000, mix_alpha=0.8067010309278351
epoch=70 test: acc=0.838668, f1=0.442742, auc=0.948635, bac=0.410590, sens=0.410590, spec=0.960003
epoch=70 val: acc=0.836514, f1=0.432347, auc=0.956427, bac=0.404123, sens=0.404123, spec=0.958339
epoch=70 mix_test(alpha=0.807): acc=0.713991, f1=0.253109, auc=0.814932, bac=0.269896, sens=0.269896, spec=0.928199
epoch=70 mix_val(alpha=0.807): acc=0.717380, f1=0.269424, auc=0.845851, bac=0.291924, sens=0.291924, spec=0.929983
epoch=71 iter=10 train: total=0.986731, prob=0.000000, batch=0.000000, channel=0.000000, cls=1.163414, gauss=0.000000, aux_recon=0.993390, aux_kl=0.001908, kd_logit=0.724239, kd_feat=0.003555, lite_recon=0.862134, lite_kl=0.737632, lite_ce=0.886063, lite_acc=0.679688, mix_alpha=0.8082474226804124
epoch=71 test: acc=0.836345, f1=0.447720, auc=0.948648, bac=0.417437, sens=0.417437, spec=0.960469
epoch=71 val: acc=0.839092, f1=0.434550, auc=0.956204, bac=0.409569, sens=0.409569, spec=0.960044
epoch=71 mix_test(alpha=0.808): acc=0.706763, f1=0.281052, auc=0.848193, bac=0.297443, sens=0.297443, spec=0.927384
epoch=71 mix_val(alpha=0.808): acc=0.705003, f1=0.284351, auc=0.827529, bac=0.325080, sens=0.325080, spec=0.926423
epoch=71 iter=20 train: total=0.928341, prob=0.000000, batch=0.000000, channel=0.000000, cls=1.150106, gauss=0.000000, aux_recon=1.070605, aux_kl=0.002002, kd_logit=0.603462, kd_feat=0.003532, lite_recon=0.923755, lite_kl=0.744882, lite_ce=0.865288, lite_acc=0.734375, mix_alpha=0.8082474226804124
epoch=71 test: acc=0.837636, f1=0.442493, auc=0.949118, bac=0.411862, sens=0.411862, spec=0.960189
epoch=71 val: acc=0.837029, f1=0.432690, auc=0.957003, bac=0.407200, sens=0.407200, spec=0.959277
epoch=71 mix_test(alpha=0.808): acc=0.709861, f1=0.290660, auc=0.865391, bac=0.304616, sens=0.304616, spec=0.928298
epoch=71 mix_val(alpha=0.808): acc=0.710676, f1=0.317067, auc=0.850045, bac=0.330040, sens=0.330040, spec=0.930458
epoch=72 iter=4 train: total=0.822227, prob=0.000000, batch=0.000000, channel=0.000000, cls=1.130874, gauss=0.000000, aux_recon=1.052460, aux_kl=0.002007, kd_logit=0.643107, kd_feat=0.003537, lite_recon=0.897008, lite_kl=0.806606, lite_ce=0.622874, lite_acc=0.750000, mix_alpha=0.8097938144329897
epoch=72 test: acc=0.834796, f1=0.454618, auc=0.948869, bac=0.422731, sens=0.422731, spec=0.960479
epoch=72 val: acc=0.838577, f1=0.433714, auc=0.956893, bac=0.409519, sens=0.409519, spec=0.960223
epoch=72 mix_test(alpha=0.810): acc=0.703924, f1=0.250378, auc=0.828135, bac=0.269852, sens=0.269852, spec=0.927759
epoch=72 mix_val(alpha=0.810): acc=0.711707, f1=0.284161, auc=0.847838, bac=0.315769, sens=0.315769, spec=0.928366
epoch=72 iter=14 train: total=0.810299, prob=0.000000, batch=0.000000, channel=0.000000, cls=1.174512, gauss=0.000000, aux_recon=0.978204, aux_kl=0.001952, kd_logit=0.608588, kd_feat=0.003542, lite_recon=0.814771, lite_kl=0.754372, lite_ce=0.667472, lite_acc=0.757812, mix_alpha=0.8097938144329897
epoch=72 test: acc=0.834796, f1=0.449351, auc=0.948875, bac=0.420696, sens=0.420696, spec=0.960599
epoch=72 val: acc=0.838577, f1=0.431779, auc=0.956335, bac=0.408614, sens=0.408614, spec=0.960221
epoch=72 mix_test(alpha=0.810): acc=0.718895, f1=0.286065, auc=0.846222, bac=0.315336, sens=0.315336, spec=0.930729
epoch=72 mix_val(alpha=0.810): acc=0.715833, f1=0.283022, auc=0.842903, bac=0.314446, sens=0.314446, spec=0.929970
epoch=72 iter=24 train: total=0.985469, prob=0.000000, batch=0.000000, channel=0.000000, cls=1.210597, gauss=0.000000, aux_recon=1.084634, aux_kl=0.002129, kd_logit=0.687888, kd_feat=0.003541, lite_recon=0.895721, lite_kl=0.727370, lite_ce=0.906672, lite_acc=0.679688, mix_alpha=0.8097938144329897
epoch=72 test: acc=0.837636, f1=0.447926, auc=0.949198, bac=0.416954, sens=0.416954, spec=0.960069
epoch=72 val: acc=0.838061, f1=0.433633, auc=0.956983, bac=0.407630, sens=0.407630, spec=0.959307
epoch=72 mix_test(alpha=0.810): acc=0.700826, f1=0.235093, auc=0.826167, bac=0.250705, sens=0.250705, spec=0.925939
epoch=72 mix_val(alpha=0.810): acc=0.709128, f1=0.251687, auc=0.824777, bac=0.266908, sens=0.266908, spec=0.928106
epoch=73 iter=8 train: total=0.879204, prob=0.000000, batch=0.000000, channel=0.000000, cls=1.124207, gauss=0.000000, aux_recon=0.973128, aux_kl=0.001885, kd_logit=0.665063, kd_feat=0.003534, lite_recon=0.787751, lite_kl=0.746645, lite_ce=0.759779, lite_acc=0.765625, mix_alpha=0.811340206185567
epoch=73 test: acc=0.839184, f1=0.446836, auc=0.949109, bac=0.411239, sens=0.411239, spec=0.959001
epoch=73 val: acc=0.841155, f1=0.434549, auc=0.956824, bac=0.405044, sens=0.405044, spec=0.958567
epoch=73 mix_test(alpha=0.811): acc=0.705731, f1=0.264342, auc=0.850027, bac=0.263035, sens=0.263035, spec=0.925864
epoch=73 mix_val(alpha=0.811): acc=0.713770, f1=0.254210, auc=0.814593, bac=0.273282, sens=0.273282, spec=0.927591
epoch=73 iter=18 train: total=0.884092, prob=0.000000, batch=0.000000, channel=0.000000, cls=1.174018, gauss=0.000000, aux_recon=1.015414, aux_kl=0.001973, kd_logit=0.598445, kd_feat=0.003563, lite_recon=0.839946, lite_kl=0.724953, lite_ce=0.815699, lite_acc=0.718750, mix_alpha=0.811340206185567
epoch=73 test: acc=0.839442, f1=0.448096, auc=0.949046, bac=0.415426, sens=0.415426, spec=0.960421
epoch=73 val: acc=0.838061, f1=0.433421, auc=0.956401, bac=0.405876, sens=0.405876, spec=0.958925
epoch=73 mix_test(alpha=0.811): acc=0.708054, f1=0.254973, auc=0.838310, bac=0.268021, sens=0.268021, spec=0.927069
epoch=73 mix_val(alpha=0.811): acc=0.707581, f1=0.258567, auc=0.796087, bac=0.277453, sens=0.277453, spec=0.927539
epoch=74 iter=2 train: total=0.859701, prob=0.000000, batch=0.000000, channel=0.000000, cls=1.163065, gauss=0.000000, aux_recon=1.018962, aux_kl=0.001976, kd_logit=0.614523, kd_feat=0.003560, lite_recon=0.879673, lite_kl=0.720714, lite_ce=0.735036, lite_acc=0.765625, mix_alpha=0.8128865979381443
epoch=74 test: acc=0.839959, f1=0.445246, auc=0.949090, bac=0.411954, sens=0.411954, spec=0.960009
epoch=74 val: acc=0.838577, f1=0.434442, auc=0.956673, bac=0.406265, sens=0.406265, spec=0.958757
epoch=74 mix_test(alpha=0.813): acc=0.712184, f1=0.263732, auc=0.807043, bac=0.285879, sens=0.285879, spec=0.927357
epoch=74 mix_val(alpha=0.813): acc=0.730273, f1=0.286696, auc=0.814433, bac=0.308655, sens=0.308655, spec=0.930747
epoch=74 iter=12 train: total=0.734272, prob=0.000000, batch=0.000000, channel=0.000000, cls=1.148191, gauss=0.000000, aux_recon=1.015876, aux_kl=0.001943, kd_logit=0.525590, kd_feat=0.003539, lite_recon=0.865288, lite_kl=0.791625, lite_ce=0.577468, lite_acc=0.781250, mix_alpha=0.8128865979381443
epoch=74 test: acc=0.838410, f1=0.447075, auc=0.948835, bac=0.414930, sens=0.414930, spec=0.960050
epoch=74 val: acc=0.837029, f1=0.433169, auc=0.956720, bac=0.405974, sens=0.405974, spec=0.958557
epoch=74 mix_test(alpha=0.813): acc=0.706247, f1=0.260015, auc=0.822528, bac=0.278173, sens=0.278173, spec=0.926914
epoch=74 mix_val(alpha=0.813): acc=0.720474, f1=0.257956, auc=0.852064, bac=0.270649, sens=0.270649, spec=0.928893
epoch=74 iter=22 train: total=0.888997, prob=0.000000, batch=0.000000, channel=0.000000, cls=1.194528, gauss=0.000000, aux_recon=0.958950, aux_kl=0.001888, kd_logit=0.662488, kd_feat=0.003560, lite_recon=0.798472, lite_kl=0.713456, lite_ce=0.778288, lite_acc=0.726562, mix_alpha=0.8128865979381443
epoch=74 test: acc=0.838410, f1=0.449470, auc=0.949193, bac=0.417406, sens=0.417406, spec=0.960246
epoch=74 val: acc=0.837545, f1=0.432947, auc=0.956955, bac=0.406684, sens=0.406684, spec=0.959001
epoch=74 mix_test(alpha=0.813): acc=0.709861, f1=0.262057, auc=0.852800, bac=0.290786, sens=0.290786, spec=0.928292
epoch=74 mix_val(alpha=0.813): acc=0.719443, f1=0.271133, auc=0.854923, bac=0.290684, sens=0.290684, spec=0.932180
epoch=75 iter=6 train: total=0.822817, prob=0.000000, batch=0.000000, channel=0.000000, cls=1.223416, gauss=0.000000, aux_recon=0.945897, aux_kl=0.001844, kd_logit=0.603627, kd_feat=0.003543, lite_recon=0.796337, lite_kl=0.714135, lite_ce=0.705647, lite_acc=0.750000, mix_alpha=0.8144329896907216
epoch=75 test: acc=0.838410, f1=0.449952, auc=0.948937, bac=0.417882, sens=0.417882, spec=0.959896
epoch=75 val: acc=0.839092, f1=0.433152, auc=0.956861, bac=0.406079, sens=0.406079, spec=0.959001
epoch=75 mix_test(alpha=0.814): acc=0.705731, f1=0.257618, auc=0.832849, bac=0.278722, sens=0.278722, spec=0.927749
epoch=75 mix_val(alpha=0.814): acc=0.712223, f1=0.257551, auc=0.853295, bac=0.279286, sens=0.279286, spec=0.928333
epoch=75 iter=16 train: total=0.800382, prob=0.000000, batch=0.000000, channel=0.000000, cls=1.155125, gauss=0.000000, aux_recon=1.004615, aux_kl=0.001953, kd_logit=0.587328, kd_feat=0.003537, lite_recon=0.858883, lite_kl=0.703036, lite_ce=0.652284, lite_acc=0.742188, mix_alpha=0.8144329896907216
epoch=75 test: acc=0.840475, f1=0.452251, auc=0.948906, bac=0.418322, sens=0.418322, spec=0.960388
epoch=75 val: acc=0.837029, f1=0.432414, auc=0.956348, bac=0.404833, sens=0.404833, spec=0.958436
epoch=75 mix_test(alpha=0.814): acc=0.716056, f1=0.270638, auc=0.802325, bac=0.294496, sens=0.294496, spec=0.928391
epoch=75 mix_val(alpha=0.814): acc=0.710676, f1=0.265191, auc=0.797511, bac=0.291979, sens=0.291979, spec=0.927836
epoch=75 iter=26 train: total=0.835776, prob=0.000000, batch=0.000000, channel=0.000000, cls=1.186259, gauss=0.000000, aux_recon=0.963208, aux_kl=0.001875, kd_logit=0.597547, kd_feat=0.003538, lite_recon=0.797621, lite_kl=0.714975, lite_ce=0.737119, lite_acc=0.757812, mix_alpha=0.8144329896907216
epoch=75 test: acc=0.838668, f1=0.450347, auc=0.948979, bac=0.418284, sens=0.418284, spec=0.960381
epoch=75 val: acc=0.838061, f1=0.433618, auc=0.956376, bac=0.407347, sens=0.407347, spec=0.959186
epoch=75 mix_test(alpha=0.814): acc=0.703407, f1=0.266599, auc=0.851665, bac=0.288916, sens=0.288916, spec=0.926369
epoch=75 mix_val(alpha=0.814): acc=0.721506, f1=0.279528, auc=0.815718, bac=0.303008, sens=0.303008, spec=0.931224
epoch=76 iter=10 train: total=0.962671, prob=0.000000, batch=0.000000, channel=0.000000, cls=1.267742, gauss=0.000000, aux_recon=1.023006, aux_kl=0.001984, kd_logit=0.684730, kd_feat=0.003541, lite_recon=0.848265, lite_kl=0.773302, lite_ce=0.882299, lite_acc=0.710938, mix_alpha=0.815979381443299
epoch=76 test: acc=0.837119, f1=0.448190, auc=0.948772, bac=0.417489, sens=0.417489, spec=0.960376
epoch=76 val: acc=0.835998, f1=0.431638, auc=0.957061, bac=0.407006, sens=0.407006, spec=0.959154
epoch=76 mix_test(alpha=0.816): acc=0.703407, f1=0.263178, auc=0.825565, bac=0.284677, sens=0.284677, spec=0.926136
epoch=76 mix_val(alpha=0.816): acc=0.696751, f1=0.235186, auc=0.760197, bac=0.252534, sens=0.252534, spec=0.926140
epoch=76 iter=20 train: total=0.981835, prob=0.000000, batch=0.000000, channel=0.000000, cls=1.197666, gauss=0.000000, aux_recon=1.029221, aux_kl=0.002027, kd_logit=0.697118, kd_feat=0.003553, lite_recon=0.835603, lite_kl=0.769362, lite_ce=0.913370, lite_acc=0.671875, mix_alpha=0.815979381443299
epoch=76 test: acc=0.836603, f1=0.457587, auc=0.948837, bac=0.421040, sens=0.421040, spec=0.959354
epoch=76 val: acc=0.836514, f1=0.431719, auc=0.957490, bac=0.404510, sens=0.404510, spec=0.958050
epoch=76 mix_test(alpha=0.816): acc=0.704956, f1=0.300247, auc=0.828913, bac=0.303869, sens=0.303869, spec=0.925593
epoch=76 mix_val(alpha=0.816): acc=0.709128, f1=0.261898, auc=0.836715, bac=0.279989, sens=0.279989, spec=0.925094
epoch=77 iter=4 train: total=0.855892, prob=0.000000, batch=0.000000, channel=0.000000, cls=1.233748, gauss=0.000000, aux_recon=0.968143, aux_kl=0.001883, kd_logit=0.600118, kd_feat=0.003542, lite_recon=0.807664, lite_kl=0.711190, lite_ce=0.770836, lite_acc=0.750000, mix_alpha=0.8175257731958763
epoch=77 test: acc=0.837636, f1=0.447341, auc=0.948508, bac=0.416445, sens=0.416445, spec=0.960303
epoch=77 val: acc=0.837545, f1=0.433287, auc=0.956521, bac=0.406967, sens=0.406967, spec=0.958998
epoch=77 mix_test(alpha=0.818): acc=0.702891, f1=0.256754, auc=0.788284, bac=0.283259, sens=0.283259, spec=0.925509
epoch=77 mix_val(alpha=0.818): acc=0.701908, f1=0.256018, auc=0.812319, bac=0.284741, sens=0.284741, spec=0.928421
epoch=77 iter=14 train: total=0.858272, prob=0.000000, batch=0.000000, channel=0.000000, cls=1.171813, gauss=0.000000, aux_recon=1.041961, aux_kl=0.002101, kd_logit=0.671960, kd_feat=0.003540, lite_recon=0.823293, lite_kl=0.740082, lite_ce=0.696924, lite_acc=0.742188, mix_alpha=0.8175257731958763
epoch=77 test: acc=0.836345, f1=0.443893, auc=0.948576, bac=0.414189, sens=0.414189, spec=0.960524
epoch=77 val: acc=0.838577, f1=0.434436, auc=0.956378, bac=0.408906, sens=0.408906, spec=0.959729
epoch=77 mix_test(alpha=0.818): acc=0.703407, f1=0.274324, auc=0.819117, bac=0.301406, sens=0.301406, spec=0.927631
epoch=77 mix_val(alpha=0.818): acc=0.716349, f1=0.249584, auc=0.809749, bac=0.268785, sens=0.268785, spec=0.931382
epoch=77 iter=24 train: total=0.869937, prob=0.000000, batch=0.000000, channel=0.000000, cls=1.200575, gauss=0.000000, aux_recon=0.986977, aux_kl=0.001897, kd_logit=0.706418, kd_feat=0.003544, lite_recon=0.815090, lite_kl=0.739879, lite_ce=0.689077, lite_acc=0.781250, mix_alpha=0.8175257731958763
epoch=77 test: acc=0.835829, f1=0.445994, auc=0.948657, bac=0.417124, sens=0.417124, spec=0.960377
epoch=77 val: acc=0.836514, f1=0.432413, auc=0.957005, bac=0.407669, sens=0.407669, spec=0.959337
epoch=77 mix_test(alpha=0.818): acc=0.710119, f1=0.267492, auc=0.804963, bac=0.288853, sens=0.288853, spec=0.928916
epoch=77 mix_val(alpha=0.818): acc=0.714286, f1=0.285703, auc=0.866504, bac=0.329500, sens=0.329500, spec=0.931437
epoch=78 iter=8 train: total=0.895098, prob=0.000000, batch=0.000000, channel=0.000000, cls=1.228901, gauss=0.000000, aux_recon=1.013250, aux_kl=0.001956, kd_logit=0.621291, kd_feat=0.003530, lite_recon=0.902618, lite_kl=0.750461, lite_ce=0.789319, lite_acc=0.742188, mix_alpha=0.8190721649484536
epoch=78 test: acc=0.837119, f1=0.457274, auc=0.949199, bac=0.422535, sens=0.422535, spec=0.960329
epoch=78 val: acc=0.835998, f1=0.431656, auc=0.957118, bac=0.407006, sens=0.407006, spec=0.959262
epoch=78 mix_test(alpha=0.819): acc=0.699535, f1=0.284275, auc=0.826894, bac=0.293782, sens=0.293782, spec=0.926672
epoch=78 mix_val(alpha=0.819): acc=0.717380, f1=0.258871, auc=0.832592, bac=0.270683, sens=0.270683, spec=0.929038
epoch=78 iter=18 train: total=0.918563, prob=0.000000, batch=0.000000, channel=0.000000, cls=1.189708, gauss=0.000000, aux_recon=1.031174, aux_kl=0.002017, kd_logit=0.680229, kd_feat=0.003557, lite_recon=0.862410, lite_kl=0.744858, lite_ce=0.793478, lite_acc=0.710938, mix_alpha=0.8190721649484536
epoch=78 test: acc=0.837636, f1=0.447723, auc=0.948884, bac=0.416812, sens=0.416812, spec=0.960139
epoch=78 val: acc=0.837545, f1=0.433268, auc=0.956956, bac=0.406684, sens=0.406684, spec=0.958877
epoch=78 mix_test(alpha=0.819): acc=0.703407, f1=0.266402, auc=0.830167, bac=0.292222, sens=0.292222, spec=0.926986
epoch=78 mix_val(alpha=0.819): acc=0.704487, f1=0.246497, auc=0.828469, bac=0.260599, sens=0.260599, spec=0.928291
epoch=79 iter=2 train: total=0.917400, prob=0.000000, batch=0.000000, channel=0.000000, cls=1.259905, gauss=0.000000, aux_recon=0.969318, aux_kl=0.001826, kd_logit=0.676091, kd_feat=0.003555, lite_recon=0.834305, lite_kl=0.710378, lite_ce=0.807224, lite_acc=0.710938, mix_alpha=0.8206185567010309
epoch=79 test: acc=0.837119, f1=0.459210, auc=0.949051, bac=0.426335, sens=0.426335, spec=0.960295
epoch=79 val: acc=0.835998, f1=0.430899, auc=0.957367, bac=0.405544, sens=0.405544, spec=0.958807
epoch=79 mix_test(alpha=0.821): acc=0.700826, f1=0.246112, auc=0.833048, bac=0.268561, sens=0.268561, spec=0.927308
epoch=79 mix_val(alpha=0.821): acc=0.715833, f1=0.288163, auc=0.848802, bac=0.345635, sens=0.345635, spec=0.929119
epoch=79 iter=12 train: total=0.890319, prob=0.000000, batch=0.000000, channel=0.000000, cls=1.214453, gauss=0.000000, aux_recon=1.038665, aux_kl=0.002061, kd_logit=0.690308, kd_feat=0.003540, lite_recon=0.863565, lite_kl=0.705961, lite_ce=0.727244, lite_acc=0.710938, mix_alpha=0.8206185567010309
epoch=79 test: acc=0.837377, f1=0.450986, auc=0.948723, bac=0.418310, sens=0.418310, spec=0.959513
epoch=79 val: acc=0.838061, f1=0.431279, auc=0.957003, bac=0.403896, sens=0.403896, spec=0.958510
epoch=79 mix_test(alpha=0.821): acc=0.701342, f1=0.241744, auc=0.810606, bac=0.253091, sens=0.253091, spec=0.926556
epoch=79 mix_val(alpha=0.821): acc=0.708097, f1=0.265988, auc=0.824795, bac=0.297592, sens=0.297592, spec=0.926737
epoch=79 iter=22 train: total=1.012779, prob=0.000000, batch=0.000000, channel=0.000000, cls=1.266001, gauss=0.000000, aux_recon=1.008870, aux_kl=0.001988, kd_logit=0.700385, kd_feat=0.003551, lite_recon=0.849798, lite_kl=0.798083, lite_ce=0.965742, lite_acc=0.679688, mix_alpha=0.8206185567010309
epoch=79 test: acc=0.837377, f1=0.445745, auc=0.948465, bac=0.415100, sens=0.415100, spec=0.960443
epoch=79 val: acc=0.838061, f1=0.433013, auc=0.956408, bac=0.407102, sens=0.407102, spec=0.959419
epoch=79 mix_test(alpha=0.821): acc=0.698761, f1=0.278915, auc=0.824293, bac=0.295526, sens=0.295526, spec=0.926253
epoch=79 mix_val(alpha=0.821): acc=0.698298, f1=0.248049, auc=0.819784, bac=0.269172, sens=0.269172, spec=0.927047
epoch=80 iter=6 train: total=0.910194, prob=0.000000, batch=0.000000, channel=0.000000, cls=1.225939, gauss=0.000000, aux_recon=1.008734, aux_kl=0.001956, kd_logit=0.652401, kd_feat=0.003549, lite_recon=0.911422, lite_kl=0.691523, lite_ce=0.786039, lite_acc=0.703125, mix_alpha=0.8221649484536082
epoch=80 test: acc=0.835570, f1=0.441021, auc=0.948679, bac=0.409022, sens=0.409022, spec=0.959065
epoch=80 val: acc=0.839608, f1=0.433102, auc=0.956816, bac=0.405036, sens=0.405036, spec=0.958720
epoch=80 mix_test(alpha=0.822): acc=0.705989, f1=0.252555, auc=0.801425, bac=0.266720, sens=0.266720, spec=0.927131
epoch=80 mix_val(alpha=0.822): acc=0.689015, f1=0.250700, auc=0.801937, bac=0.272188, sens=0.272188, spec=0.923065
epoch=80 iter=16 train: total=0.815293, prob=0.000000, batch=0.000000, channel=0.000000, cls=1.232527, gauss=0.000000, aux_recon=0.952133, aux_kl=0.001858, kd_logit=0.563855, kd_feat=0.003535, lite_recon=0.776337, lite_kl=0.743011, lite_ce=0.737801, lite_acc=0.726562, mix_alpha=0.8221649484536082
epoch=80 test: acc=0.837894, f1=0.449832, auc=0.948831, bac=0.417431, sens=0.417431, spec=0.960114
epoch=80 val: acc=0.837029, f1=0.432973, auc=0.956820, bac=0.406257, sens=0.406257, spec=0.958799
epoch=80 mix_test(alpha=0.822): acc=0.703149, f1=0.239057, auc=0.831854, bac=0.259728, sens=0.259728, spec=0.926680
epoch=80 mix_val(alpha=0.822): acc=0.708613, f1=0.295006, auc=0.841557, bac=0.344201, sens=0.344201, spec=0.927473
epoch=80 iter=26 train: total=0.847355, prob=0.000000, batch=0.000000, channel=0.000000, cls=1.184691, gauss=0.000000, aux_recon=1.029301, aux_kl=0.001968, kd_logit=0.620237, kd_feat=0.003549, lite_recon=0.854866, lite_kl=0.728887, lite_ce=0.714399, lite_acc=0.703125, mix_alpha=0.8221649484536082
epoch=80 test: acc=0.837894, f1=0.449860, auc=0.948703, bac=0.417120, sens=0.417120, spec=0.960217
epoch=80 val: acc=0.836514, f1=0.431910, auc=0.956486, bac=0.405019, sens=0.405019, spec=0.958607
epoch=80 mix_test(alpha=0.822): acc=0.700310, f1=0.250365, auc=0.831319, bac=0.270770, sens=0.270770, spec=0.924626
epoch=80 mix_val(alpha=0.822): acc=0.710160, f1=0.275920, auc=0.831470, bac=0.314288, sens=0.314288, spec=0.927592
epoch=81 iter=10 train: total=0.901827, prob=0.000000, batch=0.000000, channel=0.000000, cls=1.228683, gauss=0.000000, aux_recon=1.004205, aux_kl=0.001953, kd_logit=0.622902, kd_feat=0.003546, lite_recon=0.820656, lite_kl=0.756869, lite_ce=0.833804, lite_acc=0.718750, mix_alpha=0.8237113402061855
epoch=81 test: acc=0.836087, f1=0.447841, auc=0.948364, bac=0.416842, sens=0.416842, spec=0.960391
epoch=81 val: acc=0.839608, f1=0.434821, auc=0.956183, bac=0.409100, sens=0.409100, spec=0.959877
epoch=81 mix_test(alpha=0.824): acc=0.701342, f1=0.255900, auc=0.824098, bac=0.294028, sens=0.294028, spec=0.926846
epoch=81 mix_val(alpha=0.824): acc=0.703971, f1=0.274040, auc=0.795081, bac=0.312598, sens=0.312598, spec=0.928313
epoch=81 iter=20 train: total=0.807606, prob=0.000000, batch=0.000000, channel=0.000000, cls=1.200632, gauss=0.000000, aux_recon=0.937757, aux_kl=0.001823, kd_logit=0.591664, kd_feat=0.003543, lite_recon=0.818899, lite_kl=0.729438, lite_ce=0.677856, lite_acc=0.765625, mix_alpha=0.8237113402061855
epoch=81 test: acc=0.838926, f1=0.450340, auc=0.948839, bac=0.416748, sens=0.416748, spec=0.960058
epoch=81 val: acc=0.838577, f1=0.433120, auc=0.956498, bac=0.406021, sens=0.406021, spec=0.958911
epoch=81 mix_test(alpha=0.824): acc=0.691791, f1=0.248930, auc=0.818037, bac=0.278437, sens=0.278437, spec=0.925311
epoch=81 mix_val(alpha=0.824): acc=0.706550, f1=0.274291, auc=0.808293, bac=0.296559, sens=0.296559, spec=0.928329
epoch=82 iter=4 train: total=0.852526, prob=0.000000, batch=0.000000, channel=0.000000, cls=1.148772, gauss=0.000000, aux_recon=1.008007, aux_kl=0.001974, kd_logit=0.604952, kd_feat=0.003564, lite_recon=0.835010, lite_kl=0.743161, lite_ce=0.747669, lite_acc=0.734375, mix_alpha=0.8252577319587628
epoch=82 test: acc=0.839184, f1=0.446248, auc=0.948772, bac=0.411517, sens=0.411517, spec=0.959534
epoch=82 val: acc=0.839608, f1=0.434114, auc=0.956721, bac=0.405036, sens=0.405036, spec=0.958448
epoch=82 mix_test(alpha=0.825): acc=0.701084, f1=0.235820, auc=0.799624, bac=0.246065, sens=0.246065, spec=0.925183
epoch=82 mix_val(alpha=0.825): acc=0.696751, f1=0.263531, auc=0.823993, bac=0.306869, sens=0.306869, spec=0.924210
epoch=82 iter=14 train: total=1.048377, prob=0.000000, batch=0.000000, channel=0.000000, cls=1.261331, gauss=0.000000, aux_recon=0.975001, aux_kl=0.001948, kd_logit=0.736862, kd_feat=0.003544, lite_recon=0.811331, lite_kl=0.706974, lite_ce=1.017676, lite_acc=0.656250, mix_alpha=0.8252577319587628
epoch=82 test: acc=0.837894, f1=0.457318, auc=0.949087, bac=0.422394, sens=0.422394, spec=0.960413
epoch=82 val: acc=0.837029, f1=0.430253, auc=0.956527, bac=0.406908, sens=0.406908, spec=0.959656
epoch=82 mix_test(alpha=0.825): acc=0.694631, f1=0.233238, auc=0.822016, bac=0.250154, sens=0.250154, spec=0.923631
epoch=82 mix_val(alpha=0.825): acc=0.705003, f1=0.257867, auc=0.820687, bac=0.283709, sens=0.283709, spec=0.928944
epoch=82 iter=24 train: total=0.926207, prob=0.000000, batch=0.000000, channel=0.000000, cls=1.192494, gauss=0.000000, aux_recon=1.037185, aux_kl=0.001963, kd_logit=0.601036, kd_feat=0.003550, lite_recon=0.901616, lite_kl=0.690684, lite_ce=0.873368, lite_acc=0.687500, mix_alpha=0.8252577319587628
epoch=82 test: acc=0.839959, f1=0.442345, auc=0.948739, bac=0.410671, sens=0.410671, spec=0.960474
epoch=82 val: acc=0.838577, f1=0.433882, auc=0.955764, bac=0.407066, sens=0.407066, spec=0.959475
epoch=82 mix_test(alpha=0.825): acc=0.703407, f1=0.256812, auc=0.814445, bac=0.274558, sens=0.274558, spec=0.928335
epoch=82 mix_val(alpha=0.825): acc=0.705518, f1=0.265638, auc=0.805301, bac=0.290768, sens=0.290768, spec=0.926649
epoch=83 iter=8 train: total=0.946476, prob=0.000000, batch=0.000000, channel=0.000000, cls=1.268670, gauss=0.000000, aux_recon=0.993202, aux_kl=0.001966, kd_logit=0.651437, kd_feat=0.003559, lite_recon=0.783190, lite_kl=0.660743, lite_ce=0.911464, lite_acc=0.679688, mix_alpha=0.8268041237113402
epoch=83 test: acc=0.840217, f1=0.445026, auc=0.948609, bac=0.411427, sens=0.411427, spec=0.960085
epoch=83 val: acc=0.838577, f1=0.433831, auc=0.956096, bac=0.405077, sens=0.405077, spec=0.958744
epoch=83 mix_test(alpha=0.827): acc=0.699535, f1=0.254028, auc=0.793564, bac=0.275795, sens=0.275795, spec=0.926555
epoch=83 mix_val(alpha=0.827): acc=0.692109, f1=0.241363, auc=0.806648, bac=0.258546, sens=0.258546, spec=0.923937
epoch=83 iter=18 train: total=0.858075, prob=0.000000, batch=0.000000, channel=0.000000, cls=1.190586, gauss=0.000000, aux_recon=0.977980, aux_kl=0.001945, kd_logit=0.674653, kd_feat=0.003538, lite_recon=0.776462, lite_kl=0.742405, lite_ce=0.712526, lite_acc=0.750000, mix_alpha=0.8268041237113402
epoch=83 test: acc=0.837894, f1=0.446917, auc=0.948401, bac=0.416431, sens=0.416431, spec=0.960777
epoch=83 val: acc=0.837029, f1=0.431698, auc=0.955378, bac=0.407011, sens=0.407011, spec=0.959611
epoch=83 mix_test(alpha=0.827): acc=0.703924, f1=0.261895, auc=0.819818, bac=0.287159, sens=0.287159, spec=0.929263
epoch=83 mix_val(alpha=0.827): acc=0.700877, f1=0.249444, auc=0.798815, bac=0.270889, sens=0.270889, spec=0.927578
epoch=84 iter=2 train: total=0.857801, prob=0.000000, batch=0.000000, channel=0.000000, cls=1.202662, gauss=0.000000, aux_recon=0.988098, aux_kl=0.001922, kd_logit=0.611368, kd_feat=0.003544, lite_recon=0.804256, lite_kl=0.759540, lite_ce=0.763797, lite_acc=0.734375, mix_alpha=0.8283505154639175
epoch=84 test: acc=0.837119, f1=0.446019, auc=0.948367, bac=0.414862, sens=0.414862, spec=0.960433
epoch=84 val: acc=0.837545, f1=0.433529, auc=0.955547, bac=0.407721, sens=0.407721, spec=0.959683
epoch=84 mix_test(alpha=0.828): acc=0.691533, f1=0.240815, auc=0.811270, bac=0.262751, sens=0.262751, spec=0.924624
epoch=84 mix_val(alpha=0.828): acc=0.694172, f1=0.238017, auc=0.818153, bac=0.258572, sens=0.258572, spec=0.927255
epoch=84 iter=12 train: total=0.971391, prob=0.000000, batch=0.000000, channel=0.000000, cls=1.258959, gauss=0.000000, aux_recon=0.992411, aux_kl=0.001917, kd_logit=0.630939, kd_feat=0.003550, lite_recon=0.814876, lite_kl=0.722307, lite_ce=0.967897, lite_acc=0.671875, mix_alpha=0.8283505154639175
epoch=84 test: acc=0.838410, f1=0.446259, auc=0.948661, bac=0.414822, sens=0.414822, spec=0.960509
epoch=84 val: acc=0.838061, f1=0.433329, auc=0.956573, bac=0.406969, sens=0.406969, spec=0.959418
epoch=84 mix_test(alpha=0.828): acc=0.693856, f1=0.237614, auc=0.822222, bac=0.256551, sens=0.256551, spec=0.924823
epoch=84 mix_val(alpha=0.828): acc=0.697267, f1=0.252656, auc=0.804653, bac=0.279956, sens=0.279956, spec=0.926109
epoch=84 iter=22 train: total=0.920884, prob=0.000000, batch=0.000000, channel=0.000000, cls=1.290568, gauss=0.000000, aux_recon=1.036187, aux_kl=0.002082, kd_logit=0.638035, kd_feat=0.003563, lite_recon=0.819746, lite_kl=0.711515, lite_ce=0.858041, lite_acc=0.664062, mix_alpha=0.8283505154639175
epoch=84 test: acc=0.839442, f1=0.450279, auc=0.948854, bac=0.418142, sens=0.418142, spec=0.960611
epoch=84 val: acc=0.838577, f1=0.433739, auc=0.956877, bac=0.407679, sens=0.407679, spec=0.959502
epoch=84 mix_test(alpha=0.828): acc=0.697987, f1=0.246988, auc=0.805931, bac=0.266882, sens=0.266882, spec=0.926260
epoch=84 mix_val(alpha=0.828): acc=0.703971, f1=0.288398, auc=0.801921, bac=0.339802, sens=0.339802, spec=0.926171
epoch=85 iter=6 train: total=0.917928, prob=0.000000, batch=0.000000, channel=0.000000, cls=1.287487, gauss=0.000000, aux_recon=1.034789, aux_kl=0.001968, kd_logit=0.623226, kd_feat=0.003529, lite_recon=0.863634, lite_kl=0.716226, lite_ce=0.849322, lite_acc=0.703125, mix_alpha=0.8298969072164948
epoch=85 test: acc=0.839701, f1=0.444172, auc=0.948463, bac=0.411180, sens=0.411180, spec=0.960356
epoch=85 val: acc=0.838577, f1=0.434076, auc=0.955445, bac=0.405360, sens=0.405360, spec=0.958855
epoch=85 mix_test(alpha=0.830): acc=0.692824, f1=0.248002, auc=0.801104, bac=0.267239, sens=0.267239, spec=0.924978
epoch=85 mix_val(alpha=0.830): acc=0.703455, f1=0.257362, auc=0.843388, bac=0.284739, sens=0.284739, spec=0.928486
epoch=85 iter=16 train: total=0.960603, prob=0.000000, batch=0.000000, channel=0.000000, cls=1.305728, gauss=0.000000, aux_recon=0.988373, aux_kl=0.001936, kd_logit=0.723679, kd_feat=0.003554, lite_recon=0.813394, lite_kl=0.675785, lite_ce=0.855099, lite_acc=0.726562, mix_alpha=0.8298969072164948
epoch=85 test: acc=0.839442, f1=0.441658, auc=0.948554, bac=0.409296, sens=0.409296, spec=0.960092
epoch=85 val: acc=0.838061, f1=0.433889, auc=0.956028, bac=0.405263, sens=0.405263, spec=0.958778
epoch=85 mix_test(alpha=0.830): acc=0.699277, f1=0.255974, auc=0.818722, bac=0.275209, sens=0.275209, spec=0.926345
epoch=85 mix_val(alpha=0.830): acc=0.711707, f1=0.273006, auc=0.805325, bac=0.285541, sens=0.285541, spec=0.926618
epoch=85 iter=26 train: total=0.924901, prob=0.000000, batch=0.000000, channel=0.000000, cls=1.266315, gauss=0.000000, aux_recon=1.021308, aux_kl=0.001973, kd_logit=0.685042, kd_feat=0.003529, lite_recon=0.856223, lite_kl=0.748611, lite_ce=0.803770, lite_acc=0.703125, mix_alpha=0.8298969072164948
epoch=85 test: acc=0.838668, f1=0.442816, auc=0.948643, bac=0.411745, sens=0.411745, spec=0.960537
epoch=85 val: acc=0.837545, f1=0.433250, auc=0.956025, bac=0.405779, sens=0.405779, spec=0.958959
epoch=85 mix_test(alpha=0.830): acc=0.697728, f1=0.242728, auc=0.827380, bac=0.263680, sens=0.263680, spec=0.929072
epoch=85 mix_val(alpha=0.830): acc=0.708613, f1=0.263786, auc=0.835190, bac=0.286255, sens=0.286255, spec=0.929214
epoch=86 iter=10 train: total=0.862295, prob=0.000000, batch=0.000000, channel=0.000000, cls=1.219141, gauss=0.000000, aux_recon=1.007273, aux_kl=0.001928, kd_logit=0.566531, kd_feat=0.003539, lite_recon=0.855858, lite_kl=0.733838, lite_ce=0.797500, lite_acc=0.718750, mix_alpha=0.8314432989690721
epoch=86 test: acc=0.838668, f1=0.444322, auc=0.948577, bac=0.411571, sens=0.411571, spec=0.960116
epoch=86 val: acc=0.837029, f1=0.433241, auc=0.955968, bac=0.404503, sens=0.404503, spec=0.958397
epoch=86 mix_test(alpha=0.831): acc=0.695663, f1=0.242561, auc=0.828284, bac=0.264733, sens=0.264733, spec=0.924815
epoch=86 mix_val(alpha=0.831): acc=0.711707, f1=0.278884, auc=0.812941, bac=0.307144, sens=0.307144, spec=0.928519
epoch=86 iter=20 train: total=0.903364, prob=0.000000, batch=0.000000, channel=0.000000, cls=1.308426, gauss=0.000000, aux_recon=0.987330, aux_kl=0.001894, kd_logit=0.619362, kd_feat=0.003554, lite_recon=0.893820, lite_kl=0.727934, lite_ce=0.811724, lite_acc=0.687500, mix_alpha=0.8314432989690721
epoch=86 test: acc=0.837119, f1=0.448212, auc=0.949029, bac=0.414283, sens=0.414283, spec=0.959084
epoch=86 val: acc=0.840124, f1=0.434167, auc=0.956955, bac=0.404850, sens=0.404850, spec=0.958412
epoch=86 mix_test(alpha=0.831): acc=0.689985, f1=0.244784, auc=0.798349, bac=0.264677, sens=0.264677, spec=0.925235
epoch=86 mix_val(alpha=0.831): acc=0.694172, f1=0.235501, auc=0.807667, bac=0.252153, sens=0.252153, spec=0.925349
epoch=87 iter=4 train: total=0.987880, prob=0.000000, batch=0.000000, channel=0.000000, cls=1.318666, gauss=0.000000, aux_recon=1.040788, aux_kl=0.002031, kd_logit=0.644605, kd_feat=0.003546, lite_recon=0.852492, lite_kl=0.678617, lite_ce=0.973041, lite_acc=0.632812, mix_alpha=0.8329896907216494
epoch=87 test: acc=0.838410, f1=0.439850, auc=0.948457, bac=0.407966, sens=0.407966, spec=0.959854
epoch=87 val: acc=0.839092, f1=0.433707, auc=0.955953, bac=0.404939, sens=0.404939, spec=0.958492
epoch=87 mix_test(alpha=0.833): acc=0.689210, f1=0.262026, auc=0.809705, bac=0.275528, sens=0.275528, spec=0.925711
epoch=87 mix_val(alpha=0.833): acc=0.687468, f1=0.223593, auc=0.795456, bac=0.242433, sens=0.242433, spec=0.925747
epoch=87 iter=14 train: total=0.923303, prob=0.000000, batch=0.000000, channel=0.000000, cls=1.226135, gauss=0.000000, aux_recon=1.055581, aux_kl=0.002061, kd_logit=0.682639, kd_feat=0.003564, lite_recon=0.845121, lite_kl=0.721588, lite_ce=0.807923, lite_acc=0.687500, mix_alpha=0.8329896907216494
epoch=87 test: acc=0.838668, f1=0.443628, auc=0.948277, bac=0.411560, sens=0.411560, spec=0.960247
epoch=87 val: acc=0.837029, f1=0.432563, auc=0.955367, bac=0.405399, sens=0.405399, spec=0.958671
epoch=87 mix_test(alpha=0.833): acc=0.696954, f1=0.262659, auc=0.819816, bac=0.290375, sens=0.290375, spec=0.926543
epoch=87 mix_val(alpha=0.833): acc=0.682826, f1=0.242208, auc=0.803081, bac=0.295346, sens=0.295346, spec=0.924574
epoch=87 iter=24 train: total=0.850693, prob=0.000000, batch=0.000000, channel=0.000000, cls=1.271214, gauss=0.000000, aux_recon=0.966406, aux_kl=0.001852, kd_logit=0.561056, kd_feat=0.003550, lite_recon=0.851534, lite_kl=0.747759, lite_ce=0.781211, lite_acc=0.710938, mix_alpha=0.8329896907216494
epoch=87 test: acc=0.836603, f1=0.445052, auc=0.948636, bac=0.415732, sens=0.415732, spec=0.960542
epoch=87 val: acc=0.837545, f1=0.433151, auc=0.956764, bac=0.408146, sens=0.408146, spec=0.959597
epoch=87 mix_test(alpha=0.833): acc=0.689210, f1=0.238099, auc=0.827683, bac=0.262546, sens=0.262546, spec=0.925557
epoch=87 mix_val(alpha=0.833): acc=0.685405, f1=0.240330, auc=0.824038, bac=0.270113, sens=0.270113, spec=0.925294
epoch=88 iter=8 train: total=0.821207, prob=0.000000, batch=0.000000, channel=0.000000, cls=1.223621, gauss=0.000000, aux_recon=1.008864, aux_kl=0.001929, kd_logit=0.602054, kd_feat=0.003548, lite_recon=0.835879, lite_kl=0.736474, lite_ce=0.687731, lite_acc=0.718750, mix_alpha=0.8345360824742267
epoch=88 test: acc=0.835829, f1=0.448115, auc=0.948492, bac=0.418547, sens=0.418547, spec=0.960600
epoch=88 val: acc=0.838061, f1=0.433081, auc=0.956211, bac=0.409092, sens=0.409092, spec=0.960158
epoch=88 mix_test(alpha=0.835): acc=0.683789, f1=0.238225, auc=0.822156, bac=0.264944, sens=0.264944, spec=0.924547
epoch=88 mix_val(alpha=0.835): acc=0.692625, f1=0.300493, auc=0.817134, bac=0.328566, sens=0.328566, spec=0.926231
epoch=88 iter=18 train: total=0.897254, prob=0.000000, batch=0.000000, channel=0.000000, cls=1.291278, gauss=0.000000, aux_recon=1.007302, aux_kl=0.001941, kd_logit=0.684475, kd_feat=0.003547, lite_recon=0.800218, lite_kl=0.758454, lite_ce=0.771229, lite_acc=0.734375, mix_alpha=0.8345360824742267
epoch=88 test: acc=0.838668, f1=0.442983, auc=0.948964, bac=0.410491, sens=0.410491, spec=0.959947
epoch=88 val: acc=0.837029, f1=0.432980, auc=0.956713, bac=0.405164, sens=0.405164, spec=0.958424
epoch=88 mix_test(alpha=0.835): acc=0.690759, f1=0.255315, auc=0.805383, bac=0.289415, sens=0.289415, spec=0.925457
epoch=88 mix_val(alpha=0.835): acc=0.695204, f1=0.251447, auc=0.840616, bac=0.272821, sens=0.272821, spec=0.925998
epoch=89 iter=2 train: total=0.879438, prob=0.000000, batch=0.000000, channel=0.000000, cls=1.224569, gauss=0.000000, aux_recon=1.038113, aux_kl=0.002077, kd_logit=0.654856, kd_feat=0.003523, lite_recon=0.833337, lite_kl=0.707627, lite_ce=0.753009, lite_acc=0.765625, mix_alpha=0.836082474226804
epoch=89 test: acc=0.839701, f1=0.447435, auc=0.948538, bac=0.414334, sens=0.414334, spec=0.960338
epoch=89 val: acc=0.838577, f1=0.433372, auc=0.956392, bac=0.405973, sens=0.405973, spec=0.959016
epoch=89 mix_test(alpha=0.836): acc=0.686887, f1=0.240295, auc=0.826016, bac=0.265299, sens=0.265299, spec=0.923898
epoch=89 mix_val(alpha=0.836): acc=0.687468, f1=0.243017, auc=0.793645, bac=0.270095, sens=0.270095, spec=0.924750
epoch=89 iter=12 train: total=0.845408, prob=0.000000, batch=0.000000, channel=0.000000, cls=1.236638, gauss=0.000000, aux_recon=1.007068, aux_kl=0.001872, kd_logit=0.611790, kd_feat=0.003540, lite_recon=0.865048, lite_kl=0.851176, lite_ce=0.712444, lite_acc=0.773438, mix_alpha=0.836082474226804
epoch=89 test: acc=0.838410, f1=0.447544, auc=0.948840, bac=0.415680, sens=0.415680, spec=0.960402
epoch=89 val: acc=0.838061, f1=0.433987, auc=0.956257, bac=0.407300, sens=0.407300, spec=0.959284
epoch=89 mix_test(alpha=0.836): acc=0.686371, f1=0.232964, auc=0.791639, bac=0.257172, sens=0.257172, spec=0.924831
epoch=89 mix_val(alpha=0.836): acc=0.689531, f1=0.238051, auc=0.823899, bac=0.266096, sens=0.266096, spec=0.925986
epoch=89 iter=22 train: total=0.844559, prob=0.000000, batch=0.000000, channel=0.000000, cls=1.247739, gauss=0.000000, aux_recon=0.991442, aux_kl=0.001927, kd_logit=0.616881, kd_feat=0.003542, lite_recon=0.824819, lite_kl=0.653287, lite_ce=0.725702, lite_acc=0.765625, mix_alpha=0.836082474226804
epoch=89 test: acc=0.837894, f1=0.436213, auc=0.948522, bac=0.407082, sens=0.407082, spec=0.960455
epoch=89 val: acc=0.838061, f1=0.432869, auc=0.956078, bac=0.406489, sens=0.406489, spec=0.959190
epoch=89 mix_test(alpha=0.836): acc=0.688694, f1=0.229361, auc=0.813416, bac=0.249498, sens=0.249498, spec=0.924762
epoch=89 mix_val(alpha=0.836): acc=0.689015, f1=0.233695, auc=0.833504, bac=0.251845, sens=0.251845, spec=0.924231
epoch=90 iter=6 train: total=0.798394, prob=0.000000, batch=0.000000, channel=0.000000, cls=1.243649, gauss=0.000000, aux_recon=1.032646, aux_kl=0.002035, kd_logit=0.635432, kd_feat=0.003547, lite_recon=0.851496, lite_kl=0.681598, lite_ce=0.603580, lite_acc=0.773438, mix_alpha=0.8376288659793814
epoch=90 test: acc=0.839184, f1=0.439752, auc=0.948668, bac=0.409267, sens=0.409267, spec=0.960378
epoch=90 val: acc=0.838577, f1=0.434384, auc=0.956325, bac=0.406501, sens=0.406501, spec=0.959107
epoch=90 mix_test(alpha=0.838): acc=0.685854, f1=0.234735, auc=0.781825, bac=0.254390, sens=0.254390, spec=0.924743
epoch=90 mix_val(alpha=0.838): acc=0.677669, f1=0.265161, auc=0.820609, bac=0.266418, sens=0.266418, spec=0.924974
epoch=90 iter=16 train: total=0.992995, prob=0.000000, batch=0.000000, channel=0.000000, cls=1.250053, gauss=0.000000, aux_recon=0.988905, aux_kl=0.001894, kd_logit=0.709941, kd_feat=0.003544, lite_recon=0.835074, lite_kl=0.691383, lite_ce=0.924648, lite_acc=0.617188, mix_alpha=0.8376288659793814
epoch=90 test: acc=0.839959, f1=0.439724, auc=0.948817, bac=0.406542, sens=0.406542, spec=0.959870
epoch=90 val: acc=0.838577, f1=0.433333, auc=0.956566, bac=0.404511, sens=0.404511, spec=0.958640
epoch=90 mix_test(alpha=0.838): acc=0.687403, f1=0.232826, auc=0.821779, bac=0.253499, sens=0.253499, spec=0.924070
epoch=90 mix_val(alpha=0.838): acc=0.699330, f1=0.244772, auc=0.798803, bac=0.279802, sens=0.279802, spec=0.927497
epoch=90 iter=26 train: total=0.964495, prob=0.000000, batch=0.000000, channel=0.000000, cls=1.283033, gauss=0.000000, aux_recon=1.043069, aux_kl=0.001972, kd_logit=0.632183, kd_feat=0.003541, lite_recon=0.885488, lite_kl=0.744191, lite_ce=0.924187, lite_acc=0.703125, mix_alpha=0.8376288659793814
epoch=90 test: acc=0.838410, f1=0.444455, auc=0.949070, bac=0.413124, sens=0.413124, spec=0.960446
epoch=90 val: acc=0.838061, f1=0.433737, auc=0.956520, bac=0.406686, sens=0.406686, spec=0.959174
epoch=90 mix_test(alpha=0.838): acc=0.692566, f1=0.246291, auc=0.812094, bac=0.271287, sens=0.271287, spec=0.925552
epoch=90 mix_val(alpha=0.838): acc=0.697267, f1=0.262238, auc=0.800707, bac=0.304989, sens=0.304989, spec=0.927568
epoch=91 iter=10 train: total=0.811007, prob=0.000000, batch=0.000000, channel=0.000000, cls=1.299115, gauss=0.000000, aux_recon=0.980464, aux_kl=0.001923, kd_logit=0.563670, kd_feat=0.003549, lite_recon=0.797644, lite_kl=0.703974, lite_ce=0.721658, lite_acc=0.710938, mix_alpha=0.8391752577319588
epoch=91 test: acc=0.839959, f1=0.447546, auc=0.949050, bac=0.415566, sens=0.415566, spec=0.960451
epoch=91 val: acc=0.837029, f1=0.433212, auc=0.956798, bac=0.405926, sens=0.405926, spec=0.958783
epoch=91 mix_test(alpha=0.839): acc=0.687145, f1=0.242979, auc=0.825963, bac=0.266665, sens=0.266665, spec=0.924135
epoch=91 mix_val(alpha=0.839): acc=0.680248, f1=0.241130, auc=0.809321, bac=0.270420, sens=0.270420, spec=0.925604
epoch=91 iter=20 train: total=0.923786, prob=0.000000, batch=0.000000, channel=0.000000, cls=1.256087, gauss=0.000000, aux_recon=0.981908, aux_kl=0.001896, kd_logit=0.729123, kd_feat=0.003527, lite_recon=0.806773, lite_kl=0.784802, lite_ce=0.776518, lite_acc=0.726562, mix_alpha=0.8391752577319588
epoch=91 test: acc=0.836861, f1=0.435453, auc=0.948439, bac=0.406859, sens=0.406859, spec=0.960450
epoch=91 val: acc=0.838577, f1=0.434142, auc=0.955594, bac=0.408245, sens=0.408245, spec=0.959832
epoch=91 mix_test(alpha=0.839): acc=0.685854, f1=0.240968, auc=0.783129, bac=0.262965, sens=0.262965, spec=0.926539
epoch=91 mix_val(alpha=0.839): acc=0.682310, f1=0.239460, auc=0.851985, bac=0.272642, sens=0.272642, spec=0.924715
epoch=92 iter=4 train: total=0.938855, prob=0.000000, batch=0.000000, channel=0.000000, cls=1.252795, gauss=0.000000, aux_recon=0.960194, aux_kl=0.001878, kd_logit=0.702533, kd_feat=0.003536, lite_recon=0.843222, lite_kl=0.784974, lite_ce=0.818653, lite_acc=0.695312, mix_alpha=0.8407216494845361
epoch=92 test: acc=0.839184, f1=0.447030, auc=0.948605, bac=0.414948, sens=0.414948, spec=0.960452
epoch=92 val: acc=0.838061, f1=0.432770, auc=0.956240, bac=0.406159, sens=0.406159, spec=0.959186
epoch=92 mix_test(alpha=0.841): acc=0.683015, f1=0.230434, auc=0.793104, bac=0.256231, sens=0.256231, spec=0.924015
epoch=92 mix_val(alpha=0.841): acc=0.694172, f1=0.249501, auc=0.775937, bac=0.277470, sens=0.277470, spec=0.925191
epoch=92 iter=14 train: total=0.877334, prob=0.000000, batch=0.000000, channel=0.000000, cls=1.366422, gauss=0.000000, aux_recon=0.981913, aux_kl=0.001921, kd_logit=0.663153, kd_feat=0.003556, lite_recon=0.806458, lite_kl=0.690181, lite_ce=0.751572, lite_acc=0.687500, mix_alpha=0.8407216494845361
epoch=92 test: acc=0.837894, f1=0.448942, auc=0.948369, bac=0.417187, sens=0.417187, spec=0.960229
epoch=92 val: acc=0.838577, f1=0.433705, auc=0.956604, bac=0.407444, sens=0.407444, spec=0.959382
epoch=92 mix_test(alpha=0.841): acc=0.681466, f1=0.240433, auc=0.762562, bac=0.275253, sens=0.275253, spec=0.924501
epoch=92 mix_val(alpha=0.841): acc=0.688499, f1=0.243522, auc=0.825611, bac=0.267874, sens=0.267874, spec=0.925132
epoch=92 iter=24 train: total=0.883115, prob=0.000000, batch=0.000000, channel=0.000000, cls=1.218982, gauss=0.000000, aux_recon=0.947367, aux_kl=0.001839, kd_logit=0.726829, kd_feat=0.003539, lite_recon=0.825578, lite_kl=0.713274, lite_ce=0.691365, lite_acc=0.757812, mix_alpha=0.8407216494845361
epoch=92 test: acc=0.839701, f1=0.450153, auc=0.949007, bac=0.418006, sens=0.418006, spec=0.960636
epoch=92 val: acc=0.838577, f1=0.432319, auc=0.956483, bac=0.407066, sens=0.407066, spec=0.959498
epoch=92 mix_test(alpha=0.841): acc=0.685596, f1=0.235440, auc=0.792956, bac=0.247666, sens=0.247666, spec=0.925575
epoch=92 mix_val(alpha=0.841): acc=0.687983, f1=0.229576, auc=0.840590, bac=0.249852, sens=0.249852, spec=0.927295
epoch=93 iter=8 train: total=0.993605, prob=0.000000, batch=0.000000, channel=0.000000, cls=1.350112, gauss=0.000000, aux_recon=1.030889, aux_kl=0.001943, kd_logit=0.645034, kd_feat=0.003515, lite_recon=0.916556, lite_kl=0.843392, lite_ce=0.955172, lite_acc=0.656250, mix_alpha=0.8422680412371134
epoch=93 test: acc=0.838152, f1=0.448539, auc=0.948816, bac=0.416881, sens=0.416881, spec=0.960370
epoch=93 val: acc=0.837545, f1=0.429511, auc=0.956464, bac=0.405449, sens=0.405449, spec=0.959241
epoch=93 mix_test(alpha=0.842): acc=0.686887, f1=0.248833, auc=0.805326, bac=0.305434, sens=0.305434, spec=0.925520
epoch=93 mix_val(alpha=0.842): acc=0.681795, f1=0.231937, auc=0.785477, bac=0.257525, sens=0.257525, spec=0.926244
epoch=93 iter=18 train: total=0.987805, prob=0.000000, batch=0.000000, channel=0.000000, cls=1.297488, gauss=0.000000, aux_recon=0.966754, aux_kl=0.001891, kd_logit=0.755818, kd_feat=0.003541, lite_recon=0.821967, lite_kl=0.695347, lite_ce=0.873558, lite_acc=0.671875, mix_alpha=0.8422680412371134
epoch=93 test: acc=0.838926, f1=0.450294, auc=0.948900, bac=0.416446, sens=0.416446, spec=0.959751
epoch=93 val: acc=0.838577, f1=0.433855, auc=0.956796, bac=0.406265, sens=0.406265, spec=0.958783
epoch=93 mix_test(alpha=0.842): acc=0.691791, f1=0.240722, auc=0.807178, bac=0.280719, sens=0.280719, spec=0.924641
epoch=93 mix_val(alpha=0.842): acc=0.685405, f1=0.264260, auc=0.790306, bac=0.325048, sens=0.325048, spec=0.925097
epoch=94 iter=2 train: total=0.890720, prob=0.000000, batch=0.000000, channel=0.000000, cls=1.333469, gauss=0.000000, aux_recon=1.039016, aux_kl=0.002054, kd_logit=0.688029, kd_feat=0.003554, lite_recon=0.821910, lite_kl=0.720066, lite_ce=0.746692, lite_acc=0.750000, mix_alpha=0.8438144329896907
epoch=94 test: acc=0.838152, f1=0.449424, auc=0.948882, bac=0.416410, sens=0.416410, spec=0.959842
epoch=94 val: acc=0.837545, f1=0.432882, auc=0.956845, bac=0.405835, sens=0.405835, spec=0.958649
epoch=94 mix_test(alpha=0.844): acc=0.684822, f1=0.232630, auc=0.790242, bac=0.276490, sens=0.276490, spec=0.924493
epoch=94 mix_val(alpha=0.844): acc=0.687983, f1=0.241056, auc=0.811525, bac=0.265260, sens=0.265260, spec=0.926257
epoch=94 iter=12 train: total=0.881756, prob=0.000000, batch=0.000000, channel=0.000000, cls=1.262185, gauss=0.000000, aux_recon=0.990715, aux_kl=0.001876, kd_logit=0.695259, kd_feat=0.003547, lite_recon=0.821156, lite_kl=0.714662, lite_ce=0.721950, lite_acc=0.710938, mix_alpha=0.8438144329896907
epoch=94 test: acc=0.837119, f1=0.449323, auc=0.948853, bac=0.418441, sens=0.418441, spec=0.960476
epoch=94 val: acc=0.837545, f1=0.433135, auc=0.956041, bac=0.408146, sens=0.408146, spec=0.959482
epoch=94 mix_test(alpha=0.844): acc=0.674239, f1=0.241232, auc=0.766862, bac=0.245900, sens=0.245900, spec=0.924115
epoch=94 mix_val(alpha=0.844): acc=0.694688, f1=0.269697, auc=0.794587, bac=0.323306, sens=0.323306, spec=0.929440
epoch=94 iter=22 train: total=0.978362, prob=0.000000, batch=0.000000, channel=0.000000, cls=1.236145, gauss=0.000000, aux_recon=1.076241, aux_kl=0.002060, kd_logit=0.724679, kd_feat=0.003562, lite_recon=0.897555, lite_kl=0.756280, lite_ce=0.854336, lite_acc=0.726562, mix_alpha=0.8438144329896907
epoch=94 test: acc=0.836345, f1=0.442077, auc=0.948976, bac=0.412892, sens=0.412892, spec=0.960754
epoch=94 val: acc=0.840124, f1=0.435397, auc=0.956168, bac=0.410046, sens=0.410046, spec=0.960297
epoch=94 mix_test(alpha=0.844): acc=0.680950, f1=0.234691, auc=0.796850, bac=0.257136, sens=0.257136, spec=0.923571
epoch=94 mix_val(alpha=0.844): acc=0.691078, f1=0.244631, auc=0.805516, bac=0.274958, sens=0.274958, spec=0.927233
epoch=95 iter=6 train: total=0.909879, prob=0.000000, batch=0.000000, channel=0.000000, cls=1.308444, gauss=0.000000, aux_recon=0.998050, aux_kl=0.001901, kd_logit=0.690849, kd_feat=0.003515, lite_recon=0.830294, lite_kl=0.794504, lite_ce=0.777386, lite_acc=0.679688, mix_alpha=0.845360824742268
epoch=95 test: acc=0.841766, f1=0.446939, auc=0.948832, bac=0.412293, sens=0.412293, spec=0.959949
epoch=95 val: acc=0.838577, f1=0.432110, auc=0.956410, bac=0.403898, sens=0.403898, spec=0.958292
epoch=95 mix_test(alpha=0.845): acc=0.676820, f1=0.223808, auc=0.779629, bac=0.247210, sens=0.247210, spec=0.922327
epoch=95 mix_val(alpha=0.845): acc=0.687468, f1=0.233508, auc=0.799841, bac=0.254794, sens=0.254794, spec=0.926194
epoch=95 iter=16 train: total=0.895081, prob=0.000000, batch=0.000000, channel=0.000000, cls=1.191389, gauss=0.000000, aux_recon=0.933728, aux_kl=0.001837, kd_logit=0.631037, kd_feat=0.003545, lite_recon=0.799793, lite_kl=0.716948, lite_ce=0.821324, lite_acc=0.703125, mix_alpha=0.845360824742268
epoch=95 test: acc=0.839184, f1=0.446954, auc=0.948571, bac=0.414354, sens=0.414354, spec=0.960364
epoch=95 val: acc=0.838061, f1=0.434197, auc=0.955982, bac=0.406403, sens=0.406403, spec=0.959029
epoch=95 mix_test(alpha=0.845): acc=0.671141, f1=0.225996, auc=0.807339, bac=0.250511, sens=0.250511, spec=0.922959
epoch=95 mix_val(alpha=0.845): acc=0.680763, f1=0.240279, auc=0.808879, bac=0.275820, sens=0.275820, spec=0.927203
epoch=95 iter=26 train: total=0.864323, prob=0.000000, batch=0.000000, channel=0.000000, cls=1.270710, gauss=0.000000, aux_recon=0.960813, aux_kl=0.001855, kd_logit=0.592325, kd_feat=0.003544, lite_recon=0.831500, lite_kl=0.711482, lite_ce=0.785948, lite_acc=0.718750, mix_alpha=0.845360824742268
epoch=95 test: acc=0.835829, f1=0.438015, auc=0.948819, bac=0.409740, sens=0.409740, spec=0.960292
epoch=95 val: acc=0.839608, f1=0.434717, auc=0.956633, bac=0.409383, sens=0.409383, spec=0.960004
epoch=95 mix_test(alpha=0.845): acc=0.673722, f1=0.234031, auc=0.814090, bac=0.260771, sens=0.260771, spec=0.923756
epoch=95 mix_val(alpha=0.845): acc=0.674575, f1=0.232125, auc=0.794218, bac=0.257587, sens=0.257587, spec=0.924525
epoch=96 iter=10 train: total=0.831450, prob=0.000000, batch=0.000000, channel=0.000000, cls=1.268796, gauss=0.000000, aux_recon=0.995454, aux_kl=0.002006, kd_logit=0.605863, kd_feat=0.003534, lite_recon=0.814212, lite_kl=0.771426, lite_ce=0.712390, lite_acc=0.765625, mix_alpha=0.8469072164948453
epoch=96 test: acc=0.837377, f1=0.446675, auc=0.948728, bac=0.415444, sens=0.415444, spec=0.959825
epoch=96 val: acc=0.838577, f1=0.432662, auc=0.957182, bac=0.406595, sens=0.406595, spec=0.959287
epoch=96 mix_test(alpha=0.847): acc=0.684564, f1=0.236151, auc=0.817868, bac=0.263159, sens=0.263159, spec=0.925983
epoch=96 mix_val(alpha=0.847): acc=0.680763, f1=0.222307, auc=0.812148, bac=0.246237, sens=0.246237, spec=0.925502
epoch=96 iter=20 train: total=0.891535, prob=0.000000, batch=0.000000, channel=0.000000, cls=1.303749, gauss=0.000000, aux_recon=1.046354, aux_kl=0.002047, kd_logit=0.621971, kd_feat=0.003551, lite_recon=0.863086, lite_kl=0.704197, lite_ce=0.798229, lite_acc=0.726562, mix_alpha=0.8469072164948453
epoch=96 test: acc=0.836861, f1=0.444721, auc=0.948865, bac=0.411863, sens=0.411863, spec=0.959307
epoch=96 val: acc=0.837545, f1=0.431919, auc=0.957033, bac=0.403516, sens=0.403516, spec=0.958057
epoch=96 mix_test(alpha=0.847): acc=0.676045, f1=0.231667, auc=0.770914, bac=0.247763, sens=0.247763, spec=0.922845
epoch=96 mix_val(alpha=0.847): acc=0.680763, f1=0.239146, auc=0.752926, bac=0.272752, sens=0.272752, spec=0.926037
epoch=97 iter=4 train: total=0.833130, prob=0.000000, batch=0.000000, channel=0.000000, cls=1.246345, gauss=0.000000, aux_recon=1.001611, aux_kl=0.001945, kd_logit=0.599655, kd_feat=0.003533, lite_recon=0.875788, lite_kl=0.708324, lite_ce=0.698590, lite_acc=0.750000, mix_alpha=0.8484536082474227
epoch=97 test: acc=0.836087, f1=0.445945, auc=0.948588, bac=0.415568, sens=0.415568, spec=0.960545
epoch=97 val: acc=0.838577, f1=0.433885, auc=0.955657, bac=0.408906, sens=0.408906, spec=0.959863
epoch=97 mix_test(alpha=0.848): acc=0.670108, f1=0.223626, auc=0.773520, bac=0.252123, sens=0.252123, spec=0.924129
epoch=97 mix_val(alpha=0.848): acc=0.678700, f1=0.235004, auc=0.825665, bac=0.274734, sens=0.274734, spec=0.924686
epoch=97 iter=14 train: total=0.859998, prob=0.000000, batch=0.000000, channel=0.000000, cls=1.291186, gauss=0.000000, aux_recon=0.947215, aux_kl=0.001870, kd_logit=0.624186, kd_feat=0.003533, lite_recon=0.816945, lite_kl=0.806852, lite_ce=0.749363, lite_acc=0.718750, mix_alpha=0.8484536082474227
epoch=97 test: acc=0.835570, f1=0.436710, auc=0.948700, bac=0.408343, sens=0.408343, spec=0.960293
epoch=97 val: acc=0.839092, f1=0.434634, auc=0.956125, bac=0.408720, sens=0.408720, spec=0.959797
epoch=97 mix_test(alpha=0.848): acc=0.677852, f1=0.235733, auc=0.811092, bac=0.277160, sens=0.277160, spec=0.924680
epoch=97 mix_val(alpha=0.848): acc=0.666839, f1=0.241470, auc=0.790674, bac=0.279435, sens=0.279435, spec=0.924693
epoch=97 iter=24 train: total=0.930457, prob=0.000000, batch=0.000000, channel=0.000000, cls=1.315851, gauss=0.000000, aux_recon=0.979350, aux_kl=0.001909, kd_logit=0.685543, kd_feat=0.003538, lite_recon=0.831196, lite_kl=0.754971, lite_ce=0.824255, lite_acc=0.718750, mix_alpha=0.8484536082474227
epoch=97 test: acc=0.838926, f1=0.444444, auc=0.948664, bac=0.412608, sens=0.412608, spec=0.960405
epoch=97 val: acc=0.838061, f1=0.432876, auc=0.956092, bac=0.405876, sens=0.405876, spec=0.959058
epoch=97 mix_test(alpha=0.848): acc=0.677594, f1=0.240006, auc=0.786498, bac=0.269757, sens=0.269757, spec=0.922982
epoch=97 mix_val(alpha=0.848): acc=0.682310, f1=0.243263, auc=0.773638, bac=0.280529, sens=0.280529, spec=0.925137
best_test(epoch=95): acc=0.841766, f1=0.446939, auc=0.948832, bac=0.412293, sens=0.412293, spec=0.959949
best_val(epoch=47): acc=0.841671, f1=0.431091, auc=0.956396, bac=0.401096, sens=0.401096, spec=0.958504
